-- MySQL dump 10.13  Distrib 5.7.26, for osx10.10 (x86_64)
--
-- Host: localhost    Database: hasa
-- ------------------------------------------------------
-- Server version	5.7.26

/*!40101 SET @OLD_CHARACTER_SET_CLIENT=@@CHARACTER_SET_CLIENT */;
/*!40101 SET @OLD_CHARACTER_SET_RESULTS=@@CHARACTER_SET_RESULTS */;
/*!40101 SET @OLD_COLLATION_CONNECTION=@@COLLATION_CONNECTION */;
/*!40101 SET NAMES utf8 */;
/*!40103 SET @OLD_TIME_ZONE=@@TIME_ZONE */;
/*!40103 SET TIME_ZONE='+00:00' */;
/*!40014 SET @OLD_UNIQUE_CHECKS=@@UNIQUE_CHECKS, UNIQUE_CHECKS=0 */;
/*!40014 SET @OLD_FOREIGN_KEY_CHECKS=@@FOREIGN_KEY_CHECKS, FOREIGN_KEY_CHECKS=0 */;
/*!40101 SET @OLD_SQL_MODE=@@SQL_MODE, SQL_MODE='NO_AUTO_VALUE_ON_ZERO' */;
/*!40111 SET @OLD_SQL_NOTES=@@SQL_NOTES, SQL_NOTES=0 */;

--
-- Table structure for table `activations`
--

DROP TABLE IF EXISTS `activations`;
/*!40101 SET @saved_cs_client     = @@character_set_client */;
/*!40101 SET character_set_client = utf8 */;
CREATE TABLE `activations` (
  `id` bigint(20) unsigned NOT NULL AUTO_INCREMENT,
  `user_id` int(10) unsigned NOT NULL,
  `code` varchar(120) COLLATE utf8mb4_unicode_ci NOT NULL,
  `completed` tinyint(1) NOT NULL DEFAULT '0',
  `completed_at` timestamp NULL DEFAULT NULL,
  `created_at` timestamp NULL DEFAULT NULL,
  `updated_at` timestamp NULL DEFAULT NULL,
  PRIMARY KEY (`id`),
  KEY `activations_user_id_index` (`user_id`)
) ENGINE=InnoDB AUTO_INCREMENT=5 DEFAULT CHARSET=utf8mb4 COLLATE=utf8mb4_unicode_ci;
/*!40101 SET character_set_client = @saved_cs_client */;

--
-- Dumping data for table `activations`
--

LOCK TABLES `activations` WRITE;
/*!40000 ALTER TABLE `activations` DISABLE KEYS */;
INSERT INTO `activations` VALUES (1,1,'eZIE7ePQBpe2smog5JhYVya66yBlx9Qd',1,'2021-04-11 06:51:05','2021-04-11 06:51:05','2021-04-11 06:51:05'),(2,1,'QATUf7jnzaTxyeUSvmHKsXjk2yTPKpjf',1,'2021-04-11 07:16:10','2021-04-11 07:16:10','2021-04-11 07:16:10'),(3,1,'f5iiJbtQYNziiXwUss8h8DjcaOUnreua',1,'2021-04-11 07:17:12','2021-04-11 07:17:12','2021-04-11 07:17:12'),(4,1,'vzWCJk4G2CB5iBzpza5q9GL7L95wwanl',1,'2021-04-11 07:21:14','2021-04-11 07:21:14','2021-04-11 07:21:14');
/*!40000 ALTER TABLE `activations` ENABLE KEYS */;
UNLOCK TABLES;

--
-- Table structure for table `audit_histories`
--

DROP TABLE IF EXISTS `audit_histories`;
/*!40101 SET @saved_cs_client     = @@character_set_client */;
/*!40101 SET character_set_client = utf8 */;
CREATE TABLE `audit_histories` (
  `id` bigint(20) unsigned NOT NULL AUTO_INCREMENT,
  `user_id` int(10) unsigned NOT NULL,
  `module` varchar(60) COLLATE utf8mb4_unicode_ci NOT NULL,
  `request` text COLLATE utf8mb4_unicode_ci,
  `action` varchar(120) COLLATE utf8mb4_unicode_ci NOT NULL,
  `user_agent` text COLLATE utf8mb4_unicode_ci,
  `ip_address` varchar(39) COLLATE utf8mb4_unicode_ci DEFAULT NULL,
  `reference_user` int(10) unsigned NOT NULL,
  `reference_id` int(10) unsigned NOT NULL,
  `reference_name` varchar(255) COLLATE utf8mb4_unicode_ci NOT NULL,
  `type` varchar(20) COLLATE utf8mb4_unicode_ci NOT NULL,
  `created_at` timestamp NULL DEFAULT NULL,
  `updated_at` timestamp NULL DEFAULT NULL,
  PRIMARY KEY (`id`),
  KEY `audit_histories_user_id_index` (`user_id`),
  KEY `audit_histories_module_index` (`module`)
) ENGINE=InnoDB DEFAULT CHARSET=utf8mb4 COLLATE=utf8mb4_unicode_ci;
/*!40101 SET character_set_client = @saved_cs_client */;

--
-- Dumping data for table `audit_histories`
--

LOCK TABLES `audit_histories` WRITE;
/*!40000 ALTER TABLE `audit_histories` DISABLE KEYS */;
/*!40000 ALTER TABLE `audit_histories` ENABLE KEYS */;
UNLOCK TABLES;

--
-- Table structure for table `categories`
--

DROP TABLE IF EXISTS `categories`;
/*!40101 SET @saved_cs_client     = @@character_set_client */;
/*!40101 SET character_set_client = utf8 */;
CREATE TABLE `categories` (
  `id` bigint(20) unsigned NOT NULL AUTO_INCREMENT,
  `name` varchar(120) COLLATE utf8mb4_unicode_ci NOT NULL,
  `parent_id` int(10) unsigned NOT NULL DEFAULT '0',
  `description` varchar(400) COLLATE utf8mb4_unicode_ci DEFAULT NULL,
  `status` varchar(60) COLLATE utf8mb4_unicode_ci NOT NULL DEFAULT 'published',
  `author_id` int(11) NOT NULL,
  `author_type` varchar(255) COLLATE utf8mb4_unicode_ci NOT NULL DEFAULT 'Botble\\ACL\\Models\\User',
  `icon` varchar(60) COLLATE utf8mb4_unicode_ci DEFAULT NULL,
  `order` tinyint(4) NOT NULL DEFAULT '0',
  `is_featured` tinyint(4) NOT NULL DEFAULT '0',
  `is_default` tinyint(3) unsigned NOT NULL DEFAULT '0',
  `created_at` timestamp NULL DEFAULT NULL,
  `updated_at` timestamp NULL DEFAULT NULL,
  PRIMARY KEY (`id`)
) ENGINE=InnoDB AUTO_INCREMENT=5 DEFAULT CHARSET=utf8mb4 COLLATE=utf8mb4_unicode_ci;
/*!40101 SET character_set_client = @saved_cs_client */;

--
-- Dumping data for table `categories`
--

LOCK TABLES `categories` WRITE;
/*!40000 ALTER TABLE `categories` DISABLE KEYS */;
INSERT INTO `categories` VALUES (1,'Ecommerce',0,NULL,'published',1,'Botble\\ACL\\Models\\User',NULL,0,0,1,'2021-04-11 07:21:10','2021-04-11 07:21:10'),(2,'Fashion',0,NULL,'published',1,'Botble\\ACL\\Models\\User',NULL,0,0,0,'2021-04-11 07:21:10','2021-04-11 07:21:10'),(3,'Electronic',0,NULL,'published',1,'Botble\\ACL\\Models\\User',NULL,0,0,0,'2021-04-11 07:21:10','2021-04-11 07:21:10'),(4,'Commercial',0,NULL,'published',1,'Botble\\ACL\\Models\\User',NULL,0,0,0,'2021-04-11 07:21:10','2021-04-11 07:21:10');
/*!40000 ALTER TABLE `categories` ENABLE KEYS */;
UNLOCK TABLES;

--
-- Table structure for table `contact_replies`
--

DROP TABLE IF EXISTS `contact_replies`;
/*!40101 SET @saved_cs_client     = @@character_set_client */;
/*!40101 SET character_set_client = utf8 */;
CREATE TABLE `contact_replies` (
  `id` bigint(20) unsigned NOT NULL AUTO_INCREMENT,
  `message` longtext COLLATE utf8mb4_unicode_ci NOT NULL,
  `contact_id` int(11) NOT NULL,
  `created_at` timestamp NULL DEFAULT NULL,
  `updated_at` timestamp NULL DEFAULT NULL,
  PRIMARY KEY (`id`)
) ENGINE=InnoDB DEFAULT CHARSET=utf8mb4 COLLATE=utf8mb4_unicode_ci;
/*!40101 SET character_set_client = @saved_cs_client */;

--
-- Dumping data for table `contact_replies`
--

LOCK TABLES `contact_replies` WRITE;
/*!40000 ALTER TABLE `contact_replies` DISABLE KEYS */;
/*!40000 ALTER TABLE `contact_replies` ENABLE KEYS */;
UNLOCK TABLES;

--
-- Table structure for table `contacts`
--

DROP TABLE IF EXISTS `contacts`;
/*!40101 SET @saved_cs_client     = @@character_set_client */;
/*!40101 SET character_set_client = utf8 */;
CREATE TABLE `contacts` (
  `id` bigint(20) unsigned NOT NULL AUTO_INCREMENT,
  `name` varchar(60) COLLATE utf8mb4_unicode_ci NOT NULL,
  `email` varchar(60) COLLATE utf8mb4_unicode_ci NOT NULL,
  `phone` varchar(60) COLLATE utf8mb4_unicode_ci DEFAULT NULL,
  `address` varchar(120) COLLATE utf8mb4_unicode_ci DEFAULT NULL,
  `subject` varchar(120) COLLATE utf8mb4_unicode_ci DEFAULT NULL,
  `content` longtext COLLATE utf8mb4_unicode_ci NOT NULL,
  `status` varchar(60) COLLATE utf8mb4_unicode_ci NOT NULL DEFAULT 'unread',
  `created_at` timestamp NULL DEFAULT NULL,
  `updated_at` timestamp NULL DEFAULT NULL,
  PRIMARY KEY (`id`)
) ENGINE=InnoDB DEFAULT CHARSET=utf8mb4 COLLATE=utf8mb4_unicode_ci;
/*!40101 SET character_set_client = @saved_cs_client */;

--
-- Dumping data for table `contacts`
--

LOCK TABLES `contacts` WRITE;
/*!40000 ALTER TABLE `contacts` DISABLE KEYS */;
/*!40000 ALTER TABLE `contacts` ENABLE KEYS */;
UNLOCK TABLES;

--
-- Table structure for table `dashboard_widget_settings`
--

DROP TABLE IF EXISTS `dashboard_widget_settings`;
/*!40101 SET @saved_cs_client     = @@character_set_client */;
/*!40101 SET character_set_client = utf8 */;
CREATE TABLE `dashboard_widget_settings` (
  `id` bigint(20) unsigned NOT NULL AUTO_INCREMENT,
  `settings` text COLLATE utf8mb4_unicode_ci,
  `user_id` int(10) unsigned NOT NULL,
  `widget_id` int(10) unsigned NOT NULL,
  `order` tinyint(3) unsigned NOT NULL DEFAULT '0',
  `status` tinyint(3) unsigned NOT NULL DEFAULT '1',
  `created_at` timestamp NULL DEFAULT NULL,
  `updated_at` timestamp NULL DEFAULT NULL,
  PRIMARY KEY (`id`),
  KEY `dashboard_widget_settings_user_id_index` (`user_id`),
  KEY `dashboard_widget_settings_widget_id_index` (`widget_id`)
) ENGINE=InnoDB DEFAULT CHARSET=utf8mb4 COLLATE=utf8mb4_unicode_ci;
/*!40101 SET character_set_client = @saved_cs_client */;

--
-- Dumping data for table `dashboard_widget_settings`
--

LOCK TABLES `dashboard_widget_settings` WRITE;
/*!40000 ALTER TABLE `dashboard_widget_settings` DISABLE KEYS */;
/*!40000 ALTER TABLE `dashboard_widget_settings` ENABLE KEYS */;
UNLOCK TABLES;

--
-- Table structure for table `dashboard_widgets`
--

DROP TABLE IF EXISTS `dashboard_widgets`;
/*!40101 SET @saved_cs_client     = @@character_set_client */;
/*!40101 SET character_set_client = utf8 */;
CREATE TABLE `dashboard_widgets` (
  `id` bigint(20) unsigned NOT NULL AUTO_INCREMENT,
  `name` varchar(120) COLLATE utf8mb4_unicode_ci NOT NULL,
  `created_at` timestamp NULL DEFAULT NULL,
  `updated_at` timestamp NULL DEFAULT NULL,
  PRIMARY KEY (`id`)
) ENGINE=InnoDB DEFAULT CHARSET=utf8mb4 COLLATE=utf8mb4_unicode_ci;
/*!40101 SET character_set_client = @saved_cs_client */;

--
-- Dumping data for table `dashboard_widgets`
--

LOCK TABLES `dashboard_widgets` WRITE;
/*!40000 ALTER TABLE `dashboard_widgets` DISABLE KEYS */;
/*!40000 ALTER TABLE `dashboard_widgets` ENABLE KEYS */;
UNLOCK TABLES;

--
-- Table structure for table `ec_brands`
--

DROP TABLE IF EXISTS `ec_brands`;
/*!40101 SET @saved_cs_client     = @@character_set_client */;
/*!40101 SET character_set_client = utf8 */;
CREATE TABLE `ec_brands` (
  `id` bigint(20) unsigned NOT NULL AUTO_INCREMENT,
  `name` varchar(191) COLLATE utf8mb4_unicode_ci NOT NULL,
  `description` mediumtext COLLATE utf8mb4_unicode_ci,
  `website` varchar(255) COLLATE utf8mb4_unicode_ci DEFAULT NULL,
  `logo` varchar(255) COLLATE utf8mb4_unicode_ci DEFAULT NULL,
  `status` varchar(60) COLLATE utf8mb4_unicode_ci NOT NULL DEFAULT 'published',
  `order` tinyint(3) unsigned NOT NULL DEFAULT '0',
  `is_featured` tinyint(3) unsigned NOT NULL DEFAULT '0',
  `created_at` timestamp NULL DEFAULT NULL,
  `updated_at` timestamp NULL DEFAULT NULL,
  PRIMARY KEY (`id`)
) ENGINE=InnoDB AUTO_INCREMENT=8 DEFAULT CHARSET=utf8mb4 COLLATE=utf8mb4_unicode_ci;
/*!40101 SET character_set_client = @saved_cs_client */;

--
-- Dumping data for table `ec_brands`
--

LOCK TABLES `ec_brands` WRITE;
/*!40000 ALTER TABLE `ec_brands` DISABLE KEYS */;
INSERT INTO `ec_brands` VALUES (1,'Fashion live',NULL,NULL,'brands/1.png','published',0,1,'2021-04-11 07:20:40','2021-04-11 07:20:40'),(2,'Hand crafted',NULL,NULL,'brands/2.png','published',1,1,'2021-04-11 07:20:40','2021-04-11 07:20:40'),(3,'Mestonix',NULL,NULL,'brands/3.png','published',2,1,'2021-04-11 07:20:40','2021-04-11 07:20:40'),(4,'Sunshine',NULL,NULL,'brands/4.png','published',3,1,'2021-04-11 07:20:40','2021-04-11 07:20:40'),(5,'Pure',NULL,NULL,'brands/5.png','published',4,1,'2021-04-11 07:20:40','2021-04-11 07:20:40'),(6,'Anfold',NULL,NULL,'brands/6.png','published',5,1,'2021-04-11 07:20:40','2021-04-11 07:20:40'),(7,'Automotive',NULL,NULL,'brands/7.png','published',6,1,'2021-04-11 07:20:40','2021-04-11 07:20:40');
/*!40000 ALTER TABLE `ec_brands` ENABLE KEYS */;
UNLOCK TABLES;

--
-- Table structure for table `ec_cart`
--

DROP TABLE IF EXISTS `ec_cart`;
/*!40101 SET @saved_cs_client     = @@character_set_client */;
/*!40101 SET character_set_client = utf8 */;
CREATE TABLE `ec_cart` (
  `identifier` varchar(191) COLLATE utf8mb4_unicode_ci NOT NULL,
  `instance` varchar(191) COLLATE utf8mb4_unicode_ci NOT NULL,
  `content` longtext COLLATE utf8mb4_unicode_ci NOT NULL,
  `created_at` timestamp NULL DEFAULT NULL,
  `updated_at` timestamp NULL DEFAULT NULL,
  PRIMARY KEY (`identifier`,`instance`)
) ENGINE=InnoDB DEFAULT CHARSET=utf8mb4 COLLATE=utf8mb4_unicode_ci;
/*!40101 SET character_set_client = @saved_cs_client */;

--
-- Dumping data for table `ec_cart`
--

LOCK TABLES `ec_cart` WRITE;
/*!40000 ALTER TABLE `ec_cart` DISABLE KEYS */;
/*!40000 ALTER TABLE `ec_cart` ENABLE KEYS */;
UNLOCK TABLES;

--
-- Table structure for table `ec_currencies`
--

DROP TABLE IF EXISTS `ec_currencies`;
/*!40101 SET @saved_cs_client     = @@character_set_client */;
/*!40101 SET character_set_client = utf8 */;
CREATE TABLE `ec_currencies` (
  `id` bigint(20) unsigned NOT NULL AUTO_INCREMENT,
  `title` varchar(191) COLLATE utf8mb4_unicode_ci NOT NULL,
  `symbol` varchar(10) COLLATE utf8mb4_unicode_ci NOT NULL,
  `is_prefix_symbol` tinyint(3) unsigned NOT NULL DEFAULT '0',
  `decimals` tinyint(3) unsigned DEFAULT '0',
  `order` int(10) unsigned DEFAULT '0',
  `is_default` tinyint(4) NOT NULL DEFAULT '0',
  `exchange_rate` double NOT NULL DEFAULT '1',
  `created_at` timestamp NULL DEFAULT NULL,
  `updated_at` timestamp NULL DEFAULT NULL,
  PRIMARY KEY (`id`)
) ENGINE=InnoDB AUTO_INCREMENT=4 DEFAULT CHARSET=utf8mb4 COLLATE=utf8mb4_unicode_ci;
/*!40101 SET character_set_client = @saved_cs_client */;

--
-- Dumping data for table `ec_currencies`
--

LOCK TABLES `ec_currencies` WRITE;
/*!40000 ALTER TABLE `ec_currencies` DISABLE KEYS */;
INSERT INTO `ec_currencies` VALUES (1,'USD','$',1,2,0,1,1,'2021-04-11 07:20:40','2021-04-11 07:20:40'),(2,'EUR','€',0,2,1,0,1.18,'2021-04-11 07:20:40','2021-04-11 07:20:40'),(3,'VND','₫',0,0,2,0,23203,'2021-04-11 07:20:40','2021-04-11 07:20:40');
/*!40000 ALTER TABLE `ec_currencies` ENABLE KEYS */;
UNLOCK TABLES;

--
-- Table structure for table `ec_customer_addresses`
--

DROP TABLE IF EXISTS `ec_customer_addresses`;
/*!40101 SET @saved_cs_client     = @@character_set_client */;
/*!40101 SET character_set_client = utf8 */;
CREATE TABLE `ec_customer_addresses` (
  `id` bigint(20) unsigned NOT NULL AUTO_INCREMENT,
  `name` varchar(191) COLLATE utf8mb4_unicode_ci NOT NULL,
  `email` varchar(60) COLLATE utf8mb4_unicode_ci DEFAULT NULL,
  `phone` varchar(191) COLLATE utf8mb4_unicode_ci NOT NULL,
  `country` varchar(120) COLLATE utf8mb4_unicode_ci DEFAULT NULL,
  `state` varchar(120) COLLATE utf8mb4_unicode_ci DEFAULT NULL,
  `city` varchar(120) COLLATE utf8mb4_unicode_ci DEFAULT NULL,
  `address` varchar(191) COLLATE utf8mb4_unicode_ci NOT NULL,
  `customer_id` int(10) unsigned NOT NULL,
  `is_default` tinyint(3) unsigned NOT NULL DEFAULT '0',
  `created_at` timestamp NULL DEFAULT NULL,
  `updated_at` timestamp NULL DEFAULT NULL,
  `zip_code` varchar(20) COLLATE utf8mb4_unicode_ci DEFAULT NULL,
  PRIMARY KEY (`id`)
) ENGINE=InnoDB AUTO_INCREMENT=13 DEFAULT CHARSET=utf8mb4 COLLATE=utf8mb4_unicode_ci;
/*!40101 SET character_set_client = @saved_cs_client */;

--
-- Dumping data for table `ec_customer_addresses`
--

LOCK TABLES `ec_customer_addresses` WRITE;
/*!40000 ALTER TABLE `ec_customer_addresses` DISABLE KEYS */;
INSERT INTO `ec_customer_addresses` VALUES (1,'John Smith','john.smith@botble.com','+18432311719','BQ','Colorado','Port Jodie','70065 Kennedi Key Apt. 331',1,1,'2021-04-11 07:21:03','2021-04-11 07:21:03','13412-4204'),(2,'John Smith','john.smith@botble.com','+16607213201','LC','Delaware','Legrosborough','1481 Weimann Forge',1,0,'2021-04-11 07:21:03','2021-04-11 07:21:03','54266-4984'),(3,'Ally Schimmel','zkassulke@example.com','+14347476371','RU','California','West Lamontville','285 Considine Gateway',2,1,'2021-04-11 07:21:03','2021-04-11 07:21:03','02324'),(4,'Ms. Lilla Schmidt MD','norene46@example.net','+14247795045','JP','Michigan','East Marian','576 O\'Reilly Wells Suite 280',3,1,'2021-04-11 07:21:04','2021-04-11 07:21:04','01092-8008'),(5,'Yasmine Feest','goyette.wellington@example.org','+14104165066','DK','Colorado','South Earlene','48642 Walker Islands Suite 943',4,1,'2021-04-11 07:21:04','2021-04-11 07:21:04','08235'),(6,'Rae Jacobs PhD','ward23@example.org','+16310839228','TL','Hawaii','East Whitney','636 Douglas Lock Apt. 018',5,1,'2021-04-11 07:21:04','2021-04-11 07:21:04','23340'),(7,'Mr. Lawrence Langosh MD','stewart08@example.com','+17791644461','TW','South Carolina','Augustview','8655 Friesen Grove',6,1,'2021-04-11 07:21:04','2021-04-11 07:21:04','18786-5969'),(8,'Maymie Blick IV','samson59@example.org','+13010760469','SR','Virginia','New Gust','51180 Bogisich Stream Suite 051',7,1,'2021-04-11 07:21:05','2021-04-11 07:21:05','44912'),(9,'Prof. Joanie Baumbach IV','orrin77@example.org','+19405304883','GE','West Virginia','Leabury','27299 Anjali Haven',8,1,'2021-04-11 07:21:05','2021-04-11 07:21:05','40222'),(10,'Prof. Judd Nitzsche','norris.mohr@example.org','+15045840353','WS','New Mexico','Schusterbury','74996 Turner Prairie Apt. 818',9,1,'2021-04-11 07:21:05','2021-04-11 07:21:05','83320'),(11,'Margaret Bogan','mabelle.hickle@example.org','+19718640082','PW','South Carolina','Port Lilyanshire','12022 Auer Loop Apt. 087',10,1,'2021-04-11 07:21:06','2021-04-11 07:21:06','77029'),(12,'Rodrick Grant','okeefe.favian@example.net','+18623130211','SD','Michigan','Hillsfort','61800 Verner Ports Apt. 690',11,1,'2021-04-11 07:21:06','2021-04-11 07:21:06','68106');
/*!40000 ALTER TABLE `ec_customer_addresses` ENABLE KEYS */;
UNLOCK TABLES;

--
-- Table structure for table `ec_customer_password_resets`
--

DROP TABLE IF EXISTS `ec_customer_password_resets`;
/*!40101 SET @saved_cs_client     = @@character_set_client */;
/*!40101 SET character_set_client = utf8 */;
CREATE TABLE `ec_customer_password_resets` (
  `email` varchar(191) COLLATE utf8mb4_unicode_ci NOT NULL,
  `token` varchar(191) COLLATE utf8mb4_unicode_ci NOT NULL,
  `created_at` timestamp NULL DEFAULT NULL,
  KEY `ec_customer_password_resets_email_index` (`email`),
  KEY `ec_customer_password_resets_token_index` (`token`)
) ENGINE=InnoDB DEFAULT CHARSET=utf8mb4 COLLATE=utf8mb4_unicode_ci;
/*!40101 SET character_set_client = @saved_cs_client */;

--
-- Dumping data for table `ec_customer_password_resets`
--

LOCK TABLES `ec_customer_password_resets` WRITE;
/*!40000 ALTER TABLE `ec_customer_password_resets` DISABLE KEYS */;
/*!40000 ALTER TABLE `ec_customer_password_resets` ENABLE KEYS */;
UNLOCK TABLES;

--
-- Table structure for table `ec_customers`
--

DROP TABLE IF EXISTS `ec_customers`;
/*!40101 SET @saved_cs_client     = @@character_set_client */;
/*!40101 SET character_set_client = utf8 */;
CREATE TABLE `ec_customers` (
  `id` bigint(20) unsigned NOT NULL AUTO_INCREMENT,
  `name` varchar(191) COLLATE utf8mb4_unicode_ci NOT NULL,
  `email` varchar(191) COLLATE utf8mb4_unicode_ci NOT NULL,
  `password` varchar(191) COLLATE utf8mb4_unicode_ci NOT NULL,
  `avatar` varchar(255) COLLATE utf8mb4_unicode_ci DEFAULT NULL,
  `dob` date DEFAULT NULL,
  `phone` varchar(25) COLLATE utf8mb4_unicode_ci DEFAULT NULL,
  `remember_token` varchar(100) COLLATE utf8mb4_unicode_ci DEFAULT NULL,
  `created_at` timestamp NULL DEFAULT NULL,
  `updated_at` timestamp NULL DEFAULT NULL,
  `confirmed_at` datetime DEFAULT NULL,
  `email_verify_token` varchar(120) COLLATE utf8mb4_unicode_ci DEFAULT NULL,
  PRIMARY KEY (`id`),
  UNIQUE KEY `ec_customers_email_unique` (`email`)
) ENGINE=InnoDB AUTO_INCREMENT=12 DEFAULT CHARSET=utf8mb4 COLLATE=utf8mb4_unicode_ci;
/*!40101 SET character_set_client = @saved_cs_client */;

--
-- Dumping data for table `ec_customers`
--

LOCK TABLES `ec_customers` WRITE;
/*!40000 ALTER TABLE `ec_customers` DISABLE KEYS */;
INSERT INTO `ec_customers` VALUES (1,'John Smith','john.smith@botble.com','$2y$10$XLteb0Fo6vVUNaIOzrDX5.nvTfJGCdA4ErTcVEsGpfYLYUQq0XRU2','customers/1.jpg',NULL,'+17473468520',NULL,'2021-04-11 07:21:03','2021-04-11 07:21:03','2021-04-11 14:21:03',NULL),(2,'Ally Schimmel','zkassulke@example.com','$2y$10$C6aw.KTzMi9FsjyfpzdMVOfuvZNCYVBGT5Np/3fciM2a01gKmHMMi','customers/1.jpg',NULL,'+16288164066',NULL,'2021-04-11 07:21:03','2021-04-11 07:21:03','2021-04-11 14:21:03',NULL),(3,'Ms. Lilla Schmidt MD','norene46@example.net','$2y$10$df.EbLzQ/bBz4xZ.h.xE3O7ib.3.u6m7nNoqSaxz.g2/4VckXXvha','customers/2.jpg',NULL,'+19491667004',NULL,'2021-04-11 07:21:03','2021-04-11 07:21:03','2021-04-11 14:21:03',NULL),(4,'Yasmine Feest','goyette.wellington@example.org','$2y$10$kvkZ5l8UVNUO/PlhlWpUt.Ojn8sKDMuxuAGXlIV4fTs/dbD5xys4i','customers/3.jpg',NULL,'+17705994914',NULL,'2021-04-11 07:21:04','2021-04-11 07:21:04','2021-04-11 14:21:04',NULL),(5,'Rae Jacobs PhD','ward23@example.org','$2y$10$f.1n1Fl6Pa9DD3EzR8xFQuSApm5XxM0MVqABhsL.sBMrP3eHIcGna','customers/4.jpg',NULL,'+13516831330',NULL,'2021-04-11 07:21:04','2021-04-11 07:21:04','2021-04-11 14:21:04',NULL),(6,'Mr. Lawrence Langosh MD','stewart08@example.com','$2y$10$icYIxtEhaltslZS19kU2FOHyId4BLdw4.Wgv63NAIKAihTZakWXPu','customers/5.jpg',NULL,'+18122574711',NULL,'2021-04-11 07:21:04','2021-04-11 07:21:04','2021-04-11 14:21:04',NULL),(7,'Maymie Blick IV','samson59@example.org','$2y$10$anNktXhDDzi6KT3uWYdl3.odCT2Znhl5s9YXiMfK1Ox3zst0QfZJC','customers/6.jpg',NULL,'+18541462475',NULL,'2021-04-11 07:21:05','2021-04-11 07:21:05','2021-04-11 14:21:05',NULL),(8,'Prof. Joanie Baumbach IV','orrin77@example.org','$2y$10$vS36zvBEIcmgSXLQtm0SkO3eycTnSnh7HxSNb8YMK5oZ2AlY2cCkq','customers/7.jpg',NULL,'+18148215820',NULL,'2021-04-11 07:21:05','2021-04-11 07:21:05','2021-04-11 14:21:05',NULL),(9,'Prof. Judd Nitzsche','norris.mohr@example.org','$2y$10$gEOAAKBQ5FttAvVFP.gv7e4PhIRDcbmuiSTTieD1IaGHmeVWbNzkG','customers/8.jpg',NULL,'+14751597686',NULL,'2021-04-11 07:21:05','2021-04-11 07:21:05','2021-04-11 14:21:05',NULL),(10,'Margaret Bogan','mabelle.hickle@example.org','$2y$10$aKFrvosPUWt.eaZRMVVGVO5PRTdTli6FJW.j9E3C6F5RT9wbJ9gBC','customers/9.jpg',NULL,'+18707563601',NULL,'2021-04-11 07:21:06','2021-04-11 07:21:06','2021-04-11 14:21:06',NULL),(11,'Rodrick Grant','okeefe.favian@example.net','$2y$10$DiEWKHpd.uCzo4Hi48wk0.3H1nj79HvRIdUIwakH4cRrCMdWjsU9y','customers/10.jpg',NULL,'+19842956228',NULL,'2021-04-11 07:21:06','2021-04-11 07:21:06','2021-04-11 14:21:06',NULL);
/*!40000 ALTER TABLE `ec_customers` ENABLE KEYS */;
UNLOCK TABLES;

--
-- Table structure for table `ec_discount_customers`
--

DROP TABLE IF EXISTS `ec_discount_customers`;
/*!40101 SET @saved_cs_client     = @@character_set_client */;
/*!40101 SET character_set_client = utf8 */;
CREATE TABLE `ec_discount_customers` (
  `discount_id` int(10) unsigned NOT NULL,
  `customer_id` int(10) unsigned NOT NULL,
  PRIMARY KEY (`discount_id`,`customer_id`)
) ENGINE=InnoDB DEFAULT CHARSET=utf8mb4 COLLATE=utf8mb4_unicode_ci;
/*!40101 SET character_set_client = @saved_cs_client */;

--
-- Dumping data for table `ec_discount_customers`
--

LOCK TABLES `ec_discount_customers` WRITE;
/*!40000 ALTER TABLE `ec_discount_customers` DISABLE KEYS */;
/*!40000 ALTER TABLE `ec_discount_customers` ENABLE KEYS */;
UNLOCK TABLES;

--
-- Table structure for table `ec_discount_product_collections`
--

DROP TABLE IF EXISTS `ec_discount_product_collections`;
/*!40101 SET @saved_cs_client     = @@character_set_client */;
/*!40101 SET character_set_client = utf8 */;
CREATE TABLE `ec_discount_product_collections` (
  `discount_id` int(10) unsigned NOT NULL,
  `product_collection_id` int(10) unsigned NOT NULL,
  PRIMARY KEY (`discount_id`,`product_collection_id`)
) ENGINE=InnoDB DEFAULT CHARSET=utf8mb4 COLLATE=utf8mb4_unicode_ci;
/*!40101 SET character_set_client = @saved_cs_client */;

--
-- Dumping data for table `ec_discount_product_collections`
--

LOCK TABLES `ec_discount_product_collections` WRITE;
/*!40000 ALTER TABLE `ec_discount_product_collections` DISABLE KEYS */;
/*!40000 ALTER TABLE `ec_discount_product_collections` ENABLE KEYS */;
UNLOCK TABLES;

--
-- Table structure for table `ec_discount_products`
--

DROP TABLE IF EXISTS `ec_discount_products`;
/*!40101 SET @saved_cs_client     = @@character_set_client */;
/*!40101 SET character_set_client = utf8 */;
CREATE TABLE `ec_discount_products` (
  `discount_id` int(10) unsigned NOT NULL,
  `product_id` int(10) unsigned NOT NULL,
  PRIMARY KEY (`discount_id`,`product_id`)
) ENGINE=InnoDB DEFAULT CHARSET=utf8mb4 COLLATE=utf8mb4_unicode_ci;
/*!40101 SET character_set_client = @saved_cs_client */;

--
-- Dumping data for table `ec_discount_products`
--

LOCK TABLES `ec_discount_products` WRITE;
/*!40000 ALTER TABLE `ec_discount_products` DISABLE KEYS */;
/*!40000 ALTER TABLE `ec_discount_products` ENABLE KEYS */;
UNLOCK TABLES;

--
-- Table structure for table `ec_discounts`
--

DROP TABLE IF EXISTS `ec_discounts`;
/*!40101 SET @saved_cs_client     = @@character_set_client */;
/*!40101 SET character_set_client = utf8 */;
CREATE TABLE `ec_discounts` (
  `id` bigint(20) unsigned NOT NULL AUTO_INCREMENT,
  `title` varchar(120) COLLATE utf8mb4_unicode_ci DEFAULT NULL,
  `code` varchar(20) COLLATE utf8mb4_unicode_ci DEFAULT NULL,
  `start_date` datetime DEFAULT NULL,
  `end_date` datetime DEFAULT NULL,
  `quantity` int(11) DEFAULT NULL,
  `total_used` int(10) unsigned NOT NULL DEFAULT '0',
  `value` double DEFAULT NULL,
  `type` varchar(60) COLLATE utf8mb4_unicode_ci DEFAULT 'coupon',
  `can_use_with_promotion` tinyint(1) NOT NULL DEFAULT '0',
  `discount_on` varchar(20) COLLATE utf8mb4_unicode_ci DEFAULT NULL,
  `product_quantity` int(10) unsigned DEFAULT NULL,
  `type_option` varchar(100) COLLATE utf8mb4_unicode_ci NOT NULL DEFAULT 'amount',
  `target` varchar(100) COLLATE utf8mb4_unicode_ci NOT NULL DEFAULT 'all-orders',
  `min_order_price` decimal(15,2) DEFAULT NULL,
  `created_at` timestamp NULL DEFAULT NULL,
  `updated_at` timestamp NULL DEFAULT NULL,
  PRIMARY KEY (`id`),
  UNIQUE KEY `ec_discounts_code_unique` (`code`)
) ENGINE=InnoDB DEFAULT CHARSET=utf8mb4 COLLATE=utf8mb4_unicode_ci;
/*!40101 SET character_set_client = @saved_cs_client */;

--
-- Dumping data for table `ec_discounts`
--

LOCK TABLES `ec_discounts` WRITE;
/*!40000 ALTER TABLE `ec_discounts` DISABLE KEYS */;
/*!40000 ALTER TABLE `ec_discounts` ENABLE KEYS */;
UNLOCK TABLES;

--
-- Table structure for table `ec_flash_sale_products`
--

DROP TABLE IF EXISTS `ec_flash_sale_products`;
/*!40101 SET @saved_cs_client     = @@character_set_client */;
/*!40101 SET character_set_client = utf8 */;
CREATE TABLE `ec_flash_sale_products` (
  `flash_sale_id` int(10) unsigned NOT NULL,
  `product_id` int(10) unsigned NOT NULL,
  `price` double unsigned DEFAULT NULL,
  `quantity` int(10) unsigned DEFAULT NULL,
  `sold` int(10) unsigned NOT NULL DEFAULT '0'
) ENGINE=InnoDB DEFAULT CHARSET=utf8mb4 COLLATE=utf8mb4_unicode_ci;
/*!40101 SET character_set_client = @saved_cs_client */;

--
-- Dumping data for table `ec_flash_sale_products`
--

LOCK TABLES `ec_flash_sale_products` WRITE;
/*!40000 ALTER TABLE `ec_flash_sale_products` DISABLE KEYS */;
/*!40000 ALTER TABLE `ec_flash_sale_products` ENABLE KEYS */;
UNLOCK TABLES;

--
-- Table structure for table `ec_flash_sales`
--

DROP TABLE IF EXISTS `ec_flash_sales`;
/*!40101 SET @saved_cs_client     = @@character_set_client */;
/*!40101 SET character_set_client = utf8 */;
CREATE TABLE `ec_flash_sales` (
  `id` bigint(20) unsigned NOT NULL AUTO_INCREMENT,
  `name` varchar(255) COLLATE utf8mb4_unicode_ci NOT NULL,
  `end_date` datetime NOT NULL,
  `status` varchar(60) COLLATE utf8mb4_unicode_ci NOT NULL DEFAULT 'published',
  `created_at` timestamp NULL DEFAULT NULL,
  `updated_at` timestamp NULL DEFAULT NULL,
  PRIMARY KEY (`id`)
) ENGINE=InnoDB DEFAULT CHARSET=utf8mb4 COLLATE=utf8mb4_unicode_ci;
/*!40101 SET character_set_client = @saved_cs_client */;

--
-- Dumping data for table `ec_flash_sales`
--

LOCK TABLES `ec_flash_sales` WRITE;
/*!40000 ALTER TABLE `ec_flash_sales` DISABLE KEYS */;
/*!40000 ALTER TABLE `ec_flash_sales` ENABLE KEYS */;
UNLOCK TABLES;

--
-- Table structure for table `ec_grouped_products`
--

DROP TABLE IF EXISTS `ec_grouped_products`;
/*!40101 SET @saved_cs_client     = @@character_set_client */;
/*!40101 SET character_set_client = utf8 */;
CREATE TABLE `ec_grouped_products` (
  `id` bigint(20) unsigned NOT NULL AUTO_INCREMENT,
  `parent_product_id` int(10) unsigned NOT NULL,
  `product_id` int(10) unsigned NOT NULL,
  `fixed_qty` int(11) NOT NULL DEFAULT '1',
  PRIMARY KEY (`id`)
) ENGINE=InnoDB DEFAULT CHARSET=utf8mb4 COLLATE=utf8mb4_unicode_ci;
/*!40101 SET character_set_client = @saved_cs_client */;

--
-- Dumping data for table `ec_grouped_products`
--

LOCK TABLES `ec_grouped_products` WRITE;
/*!40000 ALTER TABLE `ec_grouped_products` DISABLE KEYS */;
/*!40000 ALTER TABLE `ec_grouped_products` ENABLE KEYS */;
UNLOCK TABLES;

--
-- Table structure for table `ec_order_addresses`
--

DROP TABLE IF EXISTS `ec_order_addresses`;
/*!40101 SET @saved_cs_client     = @@character_set_client */;
/*!40101 SET character_set_client = utf8 */;
CREATE TABLE `ec_order_addresses` (
  `id` bigint(20) unsigned NOT NULL AUTO_INCREMENT,
  `name` varchar(191) COLLATE utf8mb4_unicode_ci NOT NULL,
  `phone` varchar(20) COLLATE utf8mb4_unicode_ci DEFAULT NULL,
  `email` varchar(191) COLLATE utf8mb4_unicode_ci DEFAULT NULL,
  `country` varchar(120) COLLATE utf8mb4_unicode_ci DEFAULT NULL,
  `state` varchar(120) COLLATE utf8mb4_unicode_ci DEFAULT NULL,
  `city` varchar(120) COLLATE utf8mb4_unicode_ci DEFAULT NULL,
  `address` varchar(255) COLLATE utf8mb4_unicode_ci DEFAULT NULL,
  `order_id` int(10) unsigned NOT NULL,
  `zip_code` varchar(20) COLLATE utf8mb4_unicode_ci DEFAULT NULL,
  PRIMARY KEY (`id`)
) ENGINE=InnoDB DEFAULT CHARSET=utf8mb4 COLLATE=utf8mb4_unicode_ci;
/*!40101 SET character_set_client = @saved_cs_client */;

--
-- Dumping data for table `ec_order_addresses`
--

LOCK TABLES `ec_order_addresses` WRITE;
/*!40000 ALTER TABLE `ec_order_addresses` DISABLE KEYS */;
/*!40000 ALTER TABLE `ec_order_addresses` ENABLE KEYS */;
UNLOCK TABLES;

--
-- Table structure for table `ec_order_histories`
--

DROP TABLE IF EXISTS `ec_order_histories`;
/*!40101 SET @saved_cs_client     = @@character_set_client */;
/*!40101 SET character_set_client = utf8 */;
CREATE TABLE `ec_order_histories` (
  `id` bigint(20) unsigned NOT NULL AUTO_INCREMENT,
  `action` varchar(120) COLLATE utf8mb4_unicode_ci NOT NULL,
  `description` varchar(255) COLLATE utf8mb4_unicode_ci NOT NULL,
  `user_id` int(10) unsigned DEFAULT NULL,
  `order_id` int(10) unsigned NOT NULL,
  `extras` text COLLATE utf8mb4_unicode_ci,
  `created_at` timestamp NULL DEFAULT NULL,
  `updated_at` timestamp NULL DEFAULT NULL,
  PRIMARY KEY (`id`)
) ENGINE=InnoDB DEFAULT CHARSET=utf8mb4 COLLATE=utf8mb4_unicode_ci;
/*!40101 SET character_set_client = @saved_cs_client */;

--
-- Dumping data for table `ec_order_histories`
--

LOCK TABLES `ec_order_histories` WRITE;
/*!40000 ALTER TABLE `ec_order_histories` DISABLE KEYS */;
/*!40000 ALTER TABLE `ec_order_histories` ENABLE KEYS */;
UNLOCK TABLES;

--
-- Table structure for table `ec_order_product`
--

DROP TABLE IF EXISTS `ec_order_product`;
/*!40101 SET @saved_cs_client     = @@character_set_client */;
/*!40101 SET character_set_client = utf8 */;
CREATE TABLE `ec_order_product` (
  `id` bigint(20) unsigned NOT NULL AUTO_INCREMENT,
  `order_id` int(10) unsigned NOT NULL,
  `qty` int(11) NOT NULL,
  `price` decimal(15,2) NOT NULL,
  `tax_amount` decimal(15,2) NOT NULL,
  `options` text COLLATE utf8mb4_unicode_ci,
  `product_id` int(10) unsigned DEFAULT NULL,
  `product_name` varchar(191) COLLATE utf8mb4_unicode_ci NOT NULL,
  `weight` double(8,2) DEFAULT '0.00',
  `restock_quantity` int(10) unsigned DEFAULT '0',
  `created_at` timestamp NULL DEFAULT NULL,
  `updated_at` timestamp NULL DEFAULT NULL,
  PRIMARY KEY (`id`)
) ENGINE=InnoDB DEFAULT CHARSET=utf8mb4 COLLATE=utf8mb4_unicode_ci;
/*!40101 SET character_set_client = @saved_cs_client */;

--
-- Dumping data for table `ec_order_product`
--

LOCK TABLES `ec_order_product` WRITE;
/*!40000 ALTER TABLE `ec_order_product` DISABLE KEYS */;
/*!40000 ALTER TABLE `ec_order_product` ENABLE KEYS */;
UNLOCK TABLES;

--
-- Table structure for table `ec_orders`
--

DROP TABLE IF EXISTS `ec_orders`;
/*!40101 SET @saved_cs_client     = @@character_set_client */;
/*!40101 SET character_set_client = utf8 */;
CREATE TABLE `ec_orders` (
  `id` bigint(20) unsigned NOT NULL AUTO_INCREMENT,
  `user_id` int(10) unsigned NOT NULL,
  `shipping_option` varchar(60) COLLATE utf8mb4_unicode_ci DEFAULT NULL,
  `shipping_method` varchar(60) COLLATE utf8mb4_unicode_ci NOT NULL DEFAULT 'default',
  `status` varchar(120) COLLATE utf8mb4_unicode_ci NOT NULL DEFAULT 'pending',
  `amount` decimal(15,2) NOT NULL,
  `currency_id` int(10) unsigned DEFAULT NULL,
  `tax_amount` decimal(15,2) DEFAULT NULL,
  `shipping_amount` decimal(15,2) DEFAULT NULL,
  `description` text COLLATE utf8mb4_unicode_ci,
  `coupon_code` varchar(120) COLLATE utf8mb4_unicode_ci DEFAULT NULL,
  `discount_amount` decimal(15,2) DEFAULT NULL,
  `sub_total` decimal(15,2) NOT NULL,
  `is_confirmed` tinyint(1) NOT NULL DEFAULT '0',
  `discount_description` varchar(255) COLLATE utf8mb4_unicode_ci DEFAULT NULL,
  `is_finished` tinyint(1) DEFAULT '1',
  `token` varchar(120) COLLATE utf8mb4_unicode_ci DEFAULT NULL,
  `payment_id` int(10) unsigned DEFAULT NULL,
  `created_at` timestamp NULL DEFAULT NULL,
  `updated_at` timestamp NULL DEFAULT NULL,
  PRIMARY KEY (`id`)
) ENGINE=InnoDB DEFAULT CHARSET=utf8mb4 COLLATE=utf8mb4_unicode_ci;
/*!40101 SET character_set_client = @saved_cs_client */;

--
-- Dumping data for table `ec_orders`
--

LOCK TABLES `ec_orders` WRITE;
/*!40000 ALTER TABLE `ec_orders` DISABLE KEYS */;
/*!40000 ALTER TABLE `ec_orders` ENABLE KEYS */;
UNLOCK TABLES;

--
-- Table structure for table `ec_product_attribute_sets`
--

DROP TABLE IF EXISTS `ec_product_attribute_sets`;
/*!40101 SET @saved_cs_client     = @@character_set_client */;
/*!40101 SET character_set_client = utf8 */;
CREATE TABLE `ec_product_attribute_sets` (
  `id` bigint(20) unsigned NOT NULL AUTO_INCREMENT,
  `title` varchar(120) COLLATE utf8mb4_unicode_ci NOT NULL,
  `slug` varchar(120) COLLATE utf8mb4_unicode_ci DEFAULT NULL,
  `display_layout` varchar(191) COLLATE utf8mb4_unicode_ci NOT NULL DEFAULT 'swatch_dropdown',
  `is_searchable` tinyint(3) unsigned NOT NULL DEFAULT '1',
  `is_comparable` tinyint(3) unsigned NOT NULL DEFAULT '1',
  `is_use_in_product_listing` tinyint(3) unsigned NOT NULL DEFAULT '0',
  `status` varchar(60) COLLATE utf8mb4_unicode_ci NOT NULL DEFAULT 'published',
  `order` tinyint(3) unsigned NOT NULL DEFAULT '0',
  `created_at` timestamp NULL DEFAULT NULL,
  `updated_at` timestamp NULL DEFAULT NULL,
  PRIMARY KEY (`id`)
) ENGINE=InnoDB AUTO_INCREMENT=3 DEFAULT CHARSET=utf8mb4 COLLATE=utf8mb4_unicode_ci;
/*!40101 SET character_set_client = @saved_cs_client */;

--
-- Dumping data for table `ec_product_attribute_sets`
--

LOCK TABLES `ec_product_attribute_sets` WRITE;
/*!40000 ALTER TABLE `ec_product_attribute_sets` DISABLE KEYS */;
INSERT INTO `ec_product_attribute_sets` VALUES (1,'Color','color','visual',1,1,1,'published',0,'2021-04-11 07:20:43','2021-04-11 07:20:43'),(2,'Size','size','text',1,1,1,'published',0,'2021-04-11 07:20:43','2021-04-11 07:20:43');
/*!40000 ALTER TABLE `ec_product_attribute_sets` ENABLE KEYS */;
UNLOCK TABLES;

--
-- Table structure for table `ec_product_attributes`
--

DROP TABLE IF EXISTS `ec_product_attributes`;
/*!40101 SET @saved_cs_client     = @@character_set_client */;
/*!40101 SET character_set_client = utf8 */;
CREATE TABLE `ec_product_attributes` (
  `id` bigint(20) unsigned NOT NULL AUTO_INCREMENT,
  `attribute_set_id` int(10) unsigned NOT NULL,
  `title` varchar(120) COLLATE utf8mb4_unicode_ci NOT NULL,
  `slug` varchar(120) COLLATE utf8mb4_unicode_ci DEFAULT NULL,
  `color` varchar(50) COLLATE utf8mb4_unicode_ci DEFAULT NULL,
  `image` varchar(191) COLLATE utf8mb4_unicode_ci DEFAULT NULL,
  `is_default` tinyint(3) unsigned NOT NULL DEFAULT '0',
  `order` tinyint(3) unsigned NOT NULL DEFAULT '0',
  `status` varchar(60) COLLATE utf8mb4_unicode_ci NOT NULL DEFAULT 'published',
  `created_at` timestamp NULL DEFAULT NULL,
  `updated_at` timestamp NULL DEFAULT NULL,
  PRIMARY KEY (`id`)
) ENGINE=InnoDB AUTO_INCREMENT=11 DEFAULT CHARSET=utf8mb4 COLLATE=utf8mb4_unicode_ci;
/*!40101 SET character_set_client = @saved_cs_client */;

--
-- Dumping data for table `ec_product_attributes`
--

LOCK TABLES `ec_product_attributes` WRITE;
/*!40000 ALTER TABLE `ec_product_attributes` DISABLE KEYS */;
INSERT INTO `ec_product_attributes` VALUES (1,1,'Green','green','#5FB7D4',NULL,1,1,'published','2021-04-11 07:20:43','2021-04-11 07:20:43'),(2,1,'Blue','blue','#333333',NULL,0,2,'published','2021-04-11 07:20:43','2021-04-11 07:20:43'),(3,1,'Red','red','#DA323F',NULL,0,3,'published','2021-04-11 07:20:43','2021-04-11 07:20:43'),(4,1,'Black','back','#2F366C',NULL,0,4,'published','2021-04-11 07:20:43','2021-04-11 07:20:43'),(5,1,'Brown','brown','#87554B',NULL,0,5,'published','2021-04-11 07:20:43','2021-04-11 07:20:43'),(6,2,'S','s',NULL,NULL,1,1,'published','2021-04-11 07:20:43','2021-04-11 07:20:43'),(7,2,'M','m',NULL,NULL,1,2,'published','2021-04-11 07:20:43','2021-04-11 07:20:43'),(8,2,'L','l',NULL,NULL,1,3,'published','2021-04-11 07:20:43','2021-04-11 07:20:43'),(9,2,'XL','xl',NULL,NULL,1,4,'published','2021-04-11 07:20:43','2021-04-11 07:20:43'),(10,2,'XXL','xxl',NULL,NULL,1,5,'published','2021-04-11 07:20:43','2021-04-11 07:20:43');
/*!40000 ALTER TABLE `ec_product_attributes` ENABLE KEYS */;
UNLOCK TABLES;

--
-- Table structure for table `ec_product_categories`
--

DROP TABLE IF EXISTS `ec_product_categories`;
/*!40101 SET @saved_cs_client     = @@character_set_client */;
/*!40101 SET character_set_client = utf8 */;
CREATE TABLE `ec_product_categories` (
  `id` bigint(20) unsigned NOT NULL AUTO_INCREMENT,
  `name` varchar(191) COLLATE utf8mb4_unicode_ci NOT NULL,
  `parent_id` int(10) unsigned DEFAULT '0',
  `description` mediumtext COLLATE utf8mb4_unicode_ci,
  `status` varchar(60) COLLATE utf8mb4_unicode_ci NOT NULL DEFAULT 'published',
  `order` int(10) unsigned NOT NULL DEFAULT '0',
  `image` varchar(255) COLLATE utf8mb4_unicode_ci DEFAULT NULL,
  `is_featured` tinyint(3) unsigned NOT NULL DEFAULT '0',
  `created_at` timestamp NULL DEFAULT NULL,
  `updated_at` timestamp NULL DEFAULT NULL,
  PRIMARY KEY (`id`)
) ENGINE=InnoDB AUTO_INCREMENT=8 DEFAULT CHARSET=utf8mb4 COLLATE=utf8mb4_unicode_ci;
/*!40101 SET character_set_client = @saved_cs_client */;

--
-- Dumping data for table `ec_product_categories`
--

LOCK TABLES `ec_product_categories` WRITE;
/*!40000 ALTER TABLE `ec_product_categories` DISABLE KEYS */;
INSERT INTO `ec_product_categories` VALUES (1,'Woman wallet',0,NULL,'published',1,'product-categories/1.png',1,'2021-04-11 07:20:42','2021-04-11 07:20:42'),(2,'Office bags',0,NULL,'published',2,'product-categories/2.png',1,'2021-04-11 07:20:42','2021-04-11 07:20:42'),(3,'Hand bag',0,NULL,'published',3,'product-categories/3.png',1,'2021-04-11 07:20:42','2021-04-11 07:20:42'),(4,'Backpack',0,NULL,'published',4,'product-categories/4.png',1,'2021-04-11 07:20:42','2021-04-11 07:20:42'),(5,'Bags',0,NULL,'published',5,'product-categories/5.png',1,'2021-04-11 07:20:42','2021-04-11 07:20:42'),(6,'Wallet',0,NULL,'published',6,'product-categories/6.png',1,'2021-04-11 07:20:42','2021-04-11 07:20:42'),(7,'Men wallet',0,NULL,'published',7,'product-categories/7.png',1,'2021-04-11 07:20:42','2021-04-11 07:20:42');
/*!40000 ALTER TABLE `ec_product_categories` ENABLE KEYS */;
UNLOCK TABLES;

--
-- Table structure for table `ec_product_category_product`
--

DROP TABLE IF EXISTS `ec_product_category_product`;
/*!40101 SET @saved_cs_client     = @@character_set_client */;
/*!40101 SET character_set_client = utf8 */;
CREATE TABLE `ec_product_category_product` (
  `id` bigint(20) unsigned NOT NULL AUTO_INCREMENT,
  `category_id` int(10) unsigned NOT NULL,
  `product_id` int(10) unsigned NOT NULL,
  PRIMARY KEY (`id`),
  KEY `ec_product_category_product_category_id_index` (`category_id`),
  KEY `ec_product_category_product_product_id_index` (`product_id`)
) ENGINE=InnoDB AUTO_INCREMENT=24 DEFAULT CHARSET=utf8mb4 COLLATE=utf8mb4_unicode_ci;
/*!40101 SET character_set_client = @saved_cs_client */;

--
-- Dumping data for table `ec_product_category_product`
--

LOCK TABLES `ec_product_category_product` WRITE;
/*!40000 ALTER TABLE `ec_product_category_product` DISABLE KEYS */;
INSERT INTO `ec_product_category_product` VALUES (1,13,1),(2,2,1),(3,12,1),(4,3,2),(5,10,2),(6,9,2),(7,12,3),(8,4,3),(9,5,3),(10,6,4),(11,2,4),(12,5,4),(13,4,5),(14,12,5),(15,9,5),(16,14,6),(17,9,6),(18,11,6),(19,4,7),(20,13,7),(21,10,7),(22,8,8),(23,7,8);
/*!40000 ALTER TABLE `ec_product_category_product` ENABLE KEYS */;
UNLOCK TABLES;

--
-- Table structure for table `ec_product_collection_products`
--

DROP TABLE IF EXISTS `ec_product_collection_products`;
/*!40101 SET @saved_cs_client     = @@character_set_client */;
/*!40101 SET character_set_client = utf8 */;
CREATE TABLE `ec_product_collection_products` (
  `id` bigint(20) unsigned NOT NULL AUTO_INCREMENT,
  `product_collection_id` int(10) unsigned NOT NULL,
  `product_id` int(10) unsigned NOT NULL,
  PRIMARY KEY (`id`),
  KEY `ec_product_collection_products_product_collection_id_index` (`product_collection_id`),
  KEY `ec_product_collection_products_product_id_index` (`product_id`)
) ENGINE=InnoDB AUTO_INCREMENT=9 DEFAULT CHARSET=utf8mb4 COLLATE=utf8mb4_unicode_ci;
/*!40101 SET character_set_client = @saved_cs_client */;

--
-- Dumping data for table `ec_product_collection_products`
--

LOCK TABLES `ec_product_collection_products` WRITE;
/*!40000 ALTER TABLE `ec_product_collection_products` DISABLE KEYS */;
INSERT INTO `ec_product_collection_products` VALUES (1,3,1),(2,2,2),(3,3,3),(4,1,4),(5,2,5),(6,2,6),(7,3,7),(8,3,8);
/*!40000 ALTER TABLE `ec_product_collection_products` ENABLE KEYS */;
UNLOCK TABLES;

--
-- Table structure for table `ec_product_collections`
--

DROP TABLE IF EXISTS `ec_product_collections`;
/*!40101 SET @saved_cs_client     = @@character_set_client */;
/*!40101 SET character_set_client = utf8 */;
CREATE TABLE `ec_product_collections` (
  `id` bigint(20) unsigned NOT NULL AUTO_INCREMENT,
  `name` varchar(191) COLLATE utf8mb4_unicode_ci NOT NULL,
  `slug` varchar(191) COLLATE utf8mb4_unicode_ci NOT NULL,
  `description` varchar(400) COLLATE utf8mb4_unicode_ci DEFAULT NULL,
  `image` varchar(255) COLLATE utf8mb4_unicode_ci DEFAULT NULL,
  `status` varchar(60) COLLATE utf8mb4_unicode_ci NOT NULL DEFAULT 'published',
  `created_at` timestamp NULL DEFAULT NULL,
  `updated_at` timestamp NULL DEFAULT NULL,
  `is_featured` tinyint(3) unsigned NOT NULL DEFAULT '0',
  PRIMARY KEY (`id`)
) ENGINE=InnoDB AUTO_INCREMENT=5 DEFAULT CHARSET=utf8mb4 COLLATE=utf8mb4_unicode_ci;
/*!40101 SET character_set_client = @saved_cs_client */;

--
-- Dumping data for table `ec_product_collections`
--

LOCK TABLES `ec_product_collections` WRITE;
/*!40000 ALTER TABLE `ec_product_collections` DISABLE KEYS */;
INSERT INTO `ec_product_collections` VALUES (1,'New Arrival','new-arrival',NULL,'product-collections/1.jpg','published','2021-04-11 07:20:43','2021-04-11 07:20:43',1),(2,'Best Sellers','best-sellers',NULL,'product-collections/2.jpg','published','2021-04-11 07:20:43','2021-04-11 07:20:43',1),(3,'Special Offer','special-offer',NULL,'product-collections/3.jpg','published','2021-04-11 07:20:43','2021-04-11 07:20:43',1),(4,'Trending Fashion','trending-fashion',NULL,'product-collections/4.jpg','published','2021-04-11 07:20:43','2021-04-11 07:20:43',1);
/*!40000 ALTER TABLE `ec_product_collections` ENABLE KEYS */;
UNLOCK TABLES;

--
-- Table structure for table `ec_product_cross_sale_relations`
--

DROP TABLE IF EXISTS `ec_product_cross_sale_relations`;
/*!40101 SET @saved_cs_client     = @@character_set_client */;
/*!40101 SET character_set_client = utf8 */;
CREATE TABLE `ec_product_cross_sale_relations` (
  `id` bigint(20) unsigned NOT NULL AUTO_INCREMENT,
  `from_product_id` int(10) unsigned NOT NULL,
  `to_product_id` int(10) unsigned NOT NULL,
  PRIMARY KEY (`id`),
  KEY `ec_product_cross_sale_relations_from_product_id_index` (`from_product_id`),
  KEY `ec_product_cross_sale_relations_to_product_id_index` (`to_product_id`)
) ENGINE=InnoDB AUTO_INCREMENT=69 DEFAULT CHARSET=utf8mb4 COLLATE=utf8mb4_unicode_ci;
/*!40101 SET character_set_client = @saved_cs_client */;

--
-- Dumping data for table `ec_product_cross_sale_relations`
--

LOCK TABLES `ec_product_cross_sale_relations` WRITE;
/*!40000 ALTER TABLE `ec_product_cross_sale_relations` DISABLE KEYS */;
INSERT INTO `ec_product_cross_sale_relations` VALUES (5,2,5),(13,5,4),(17,6,5),(18,7,8),(29,3,8),(31,4,2),(32,5,3),(38,8,6),(41,2,3),(45,4,1),(47,5,1),(50,6,8),(51,7,5),(54,8,2),(55,1,6),(56,1,4),(57,1,7),(58,2,6),(59,3,4),(60,3,1),(61,3,2),(62,4,8),(63,4,3),(64,5,6),(65,6,3),(66,7,1),(67,7,4),(68,8,7);
/*!40000 ALTER TABLE `ec_product_cross_sale_relations` ENABLE KEYS */;
UNLOCK TABLES;

--
-- Table structure for table `ec_product_related_relations`
--

DROP TABLE IF EXISTS `ec_product_related_relations`;
/*!40101 SET @saved_cs_client     = @@character_set_client */;
/*!40101 SET character_set_client = utf8 */;
CREATE TABLE `ec_product_related_relations` (
  `id` bigint(20) unsigned NOT NULL AUTO_INCREMENT,
  `from_product_id` int(10) unsigned NOT NULL,
  `to_product_id` int(10) unsigned NOT NULL,
  PRIMARY KEY (`id`),
  KEY `ec_product_related_relations_from_product_id_index` (`from_product_id`),
  KEY `ec_product_related_relations_to_product_id_index` (`to_product_id`)
) ENGINE=InnoDB DEFAULT CHARSET=utf8mb4 COLLATE=utf8mb4_unicode_ci;
/*!40101 SET character_set_client = @saved_cs_client */;

--
-- Dumping data for table `ec_product_related_relations`
--

LOCK TABLES `ec_product_related_relations` WRITE;
/*!40000 ALTER TABLE `ec_product_related_relations` DISABLE KEYS */;
/*!40000 ALTER TABLE `ec_product_related_relations` ENABLE KEYS */;
UNLOCK TABLES;

--
-- Table structure for table `ec_product_tag_product`
--

DROP TABLE IF EXISTS `ec_product_tag_product`;
/*!40101 SET @saved_cs_client     = @@character_set_client */;
/*!40101 SET character_set_client = utf8 */;
CREATE TABLE `ec_product_tag_product` (
  `product_id` int(10) unsigned NOT NULL,
  `tag_id` int(10) unsigned NOT NULL,
  PRIMARY KEY (`product_id`,`tag_id`),
  KEY `ec_product_tag_product_product_id_index` (`product_id`),
  KEY `ec_product_tag_product_tag_id_index` (`tag_id`)
) ENGINE=InnoDB DEFAULT CHARSET=utf8mb4 COLLATE=utf8mb4_unicode_ci;
/*!40101 SET character_set_client = @saved_cs_client */;

--
-- Dumping data for table `ec_product_tag_product`
--

LOCK TABLES `ec_product_tag_product` WRITE;
/*!40000 ALTER TABLE `ec_product_tag_product` DISABLE KEYS */;
INSERT INTO `ec_product_tag_product` VALUES (1,2),(2,1),(2,4),(3,3),(3,6),(4,1),(4,5),(5,1),(5,4),(6,2),(6,4),(6,5),(7,2),(7,6),(8,2),(8,3),(8,5);
/*!40000 ALTER TABLE `ec_product_tag_product` ENABLE KEYS */;
UNLOCK TABLES;

--
-- Table structure for table `ec_product_tags`
--

DROP TABLE IF EXISTS `ec_product_tags`;
/*!40101 SET @saved_cs_client     = @@character_set_client */;
/*!40101 SET character_set_client = utf8 */;
CREATE TABLE `ec_product_tags` (
  `id` bigint(20) unsigned NOT NULL AUTO_INCREMENT,
  `name` varchar(120) COLLATE utf8mb4_unicode_ci NOT NULL,
  `description` varchar(400) COLLATE utf8mb4_unicode_ci DEFAULT NULL,
  `status` varchar(60) COLLATE utf8mb4_unicode_ci NOT NULL DEFAULT 'published',
  `created_at` timestamp NULL DEFAULT NULL,
  `updated_at` timestamp NULL DEFAULT NULL,
  PRIMARY KEY (`id`)
) ENGINE=InnoDB AUTO_INCREMENT=6 DEFAULT CHARSET=utf8mb4 COLLATE=utf8mb4_unicode_ci;
/*!40101 SET character_set_client = @saved_cs_client */;

--
-- Dumping data for table `ec_product_tags`
--

LOCK TABLES `ec_product_tags` WRITE;
/*!40000 ALTER TABLE `ec_product_tags` DISABLE KEYS */;
INSERT INTO `ec_product_tags` VALUES (1,'Wallet',NULL,'published','2021-04-11 07:20:43','2021-04-11 07:20:43'),(2,'Bags',NULL,'published','2021-04-11 07:20:43','2021-04-11 07:20:43'),(3,'Shoes',NULL,'published','2021-04-11 07:20:43','2021-04-11 07:20:43'),(4,'Clothes',NULL,'published','2021-04-11 07:20:43','2021-04-11 07:20:43'),(5,'Hand bag',NULL,'published','2021-04-11 07:20:43','2021-04-11 07:20:43');
/*!40000 ALTER TABLE `ec_product_tags` ENABLE KEYS */;
UNLOCK TABLES;

--
-- Table structure for table `ec_product_up_sale_relations`
--

DROP TABLE IF EXISTS `ec_product_up_sale_relations`;
/*!40101 SET @saved_cs_client     = @@character_set_client */;
/*!40101 SET character_set_client = utf8 */;
CREATE TABLE `ec_product_up_sale_relations` (
  `id` bigint(20) unsigned NOT NULL AUTO_INCREMENT,
  `from_product_id` int(10) unsigned NOT NULL,
  `to_product_id` int(10) unsigned NOT NULL,
  PRIMARY KEY (`id`),
  KEY `ec_product_up_sale_relations_from_product_id_index` (`from_product_id`),
  KEY `ec_product_up_sale_relations_to_product_id_index` (`to_product_id`)
) ENGINE=InnoDB DEFAULT CHARSET=utf8mb4 COLLATE=utf8mb4_unicode_ci;
/*!40101 SET character_set_client = @saved_cs_client */;

--
-- Dumping data for table `ec_product_up_sale_relations`
--

LOCK TABLES `ec_product_up_sale_relations` WRITE;
/*!40000 ALTER TABLE `ec_product_up_sale_relations` DISABLE KEYS */;
/*!40000 ALTER TABLE `ec_product_up_sale_relations` ENABLE KEYS */;
UNLOCK TABLES;

--
-- Table structure for table `ec_product_variation_items`
--

DROP TABLE IF EXISTS `ec_product_variation_items`;
/*!40101 SET @saved_cs_client     = @@character_set_client */;
/*!40101 SET character_set_client = utf8 */;
CREATE TABLE `ec_product_variation_items` (
  `id` bigint(20) unsigned NOT NULL AUTO_INCREMENT,
  `attribute_id` int(10) unsigned NOT NULL,
  `variation_id` int(10) unsigned NOT NULL,
  PRIMARY KEY (`id`)
) ENGINE=InnoDB AUTO_INCREMENT=47 DEFAULT CHARSET=utf8mb4 COLLATE=utf8mb4_unicode_ci;
/*!40101 SET character_set_client = @saved_cs_client */;

--
-- Dumping data for table `ec_product_variation_items`
--

LOCK TABLES `ec_product_variation_items` WRITE;
/*!40000 ALTER TABLE `ec_product_variation_items` DISABLE KEYS */;
INSERT INTO `ec_product_variation_items` VALUES (1,4,1),(2,8,1),(3,4,2),(4,10,2),(5,5,3),(6,6,3),(7,1,4),(8,10,4),(9,5,5),(10,8,5),(11,1,6),(12,7,6),(13,5,7),(14,10,7),(15,2,8),(16,7,8),(17,5,9),(18,8,9),(19,1,10),(20,7,10),(21,2,11),(22,7,11),(23,5,12),(24,8,12),(25,2,13),(26,6,13),(27,5,14),(28,6,14),(29,5,15),(30,8,15),(31,4,16),(32,7,16),(33,3,17),(34,8,17),(35,1,18),(36,8,18),(37,5,19),(38,7,19),(39,4,20),(40,9,20),(41,5,21),(42,9,21),(43,1,22),(44,9,22),(45,3,23),(46,8,23);
/*!40000 ALTER TABLE `ec_product_variation_items` ENABLE KEYS */;
UNLOCK TABLES;

--
-- Table structure for table `ec_product_variations`
--

DROP TABLE IF EXISTS `ec_product_variations`;
/*!40101 SET @saved_cs_client     = @@character_set_client */;
/*!40101 SET character_set_client = utf8 */;
CREATE TABLE `ec_product_variations` (
  `id` bigint(20) unsigned NOT NULL AUTO_INCREMENT,
  `product_id` int(10) unsigned DEFAULT NULL,
  `configurable_product_id` int(10) unsigned NOT NULL,
  `is_default` tinyint(4) NOT NULL DEFAULT '0',
  PRIMARY KEY (`id`)
) ENGINE=InnoDB AUTO_INCREMENT=24 DEFAULT CHARSET=utf8mb4 COLLATE=utf8mb4_unicode_ci;
/*!40101 SET character_set_client = @saved_cs_client */;

--
-- Dumping data for table `ec_product_variations`
--

LOCK TABLES `ec_product_variations` WRITE;
/*!40000 ALTER TABLE `ec_product_variations` DISABLE KEYS */;
INSERT INTO `ec_product_variations` VALUES (1,9,1,1),(2,10,1,0),(3,11,1,0),(4,12,2,1),(5,13,3,1),(6,14,3,0),(7,15,3,0),(8,16,3,0),(9,17,4,1),(10,18,4,0),(11,19,4,0),(12,20,4,0),(13,21,5,1),(14,22,5,0),(15,23,5,0),(16,24,6,1),(17,25,7,1),(18,26,7,0),(19,27,7,0),(20,28,7,0),(21,29,7,0),(22,30,8,1),(23,31,8,0);
/*!40000 ALTER TABLE `ec_product_variations` ENABLE KEYS */;
UNLOCK TABLES;

--
-- Table structure for table `ec_product_with_attribute`
--

DROP TABLE IF EXISTS `ec_product_with_attribute`;
/*!40101 SET @saved_cs_client     = @@character_set_client */;
/*!40101 SET character_set_client = utf8 */;
CREATE TABLE `ec_product_with_attribute` (
  `id` bigint(20) unsigned NOT NULL AUTO_INCREMENT,
  `attribute_id` int(10) unsigned NOT NULL,
  `product_id` int(10) unsigned NOT NULL,
  PRIMARY KEY (`id`)
) ENGINE=InnoDB AUTO_INCREMENT=17 DEFAULT CHARSET=utf8mb4 COLLATE=utf8mb4_unicode_ci;
/*!40101 SET character_set_client = @saved_cs_client */;

--
-- Dumping data for table `ec_product_with_attribute`
--

LOCK TABLES `ec_product_with_attribute` WRITE;
/*!40000 ALTER TABLE `ec_product_with_attribute` DISABLE KEYS */;
INSERT INTO `ec_product_with_attribute` VALUES (1,2,1),(2,8,1),(3,5,2),(4,7,2),(5,4,3),(6,6,3),(7,1,4),(8,6,4),(9,5,5),(10,7,5),(11,1,6),(12,10,6),(13,5,7),(14,6,7),(15,1,8),(16,10,8);
/*!40000 ALTER TABLE `ec_product_with_attribute` ENABLE KEYS */;
UNLOCK TABLES;

--
-- Table structure for table `ec_product_with_attribute_set`
--

DROP TABLE IF EXISTS `ec_product_with_attribute_set`;
/*!40101 SET @saved_cs_client     = @@character_set_client */;
/*!40101 SET character_set_client = utf8 */;
CREATE TABLE `ec_product_with_attribute_set` (
  `id` bigint(20) unsigned NOT NULL AUTO_INCREMENT,
  `attribute_set_id` int(10) unsigned NOT NULL,
  `product_id` int(10) unsigned NOT NULL,
  `order` tinyint(3) unsigned NOT NULL DEFAULT '0',
  PRIMARY KEY (`id`)
) ENGINE=InnoDB AUTO_INCREMENT=17 DEFAULT CHARSET=utf8mb4 COLLATE=utf8mb4_unicode_ci;
/*!40101 SET character_set_client = @saved_cs_client */;

--
-- Dumping data for table `ec_product_with_attribute_set`
--

LOCK TABLES `ec_product_with_attribute_set` WRITE;
/*!40000 ALTER TABLE `ec_product_with_attribute_set` DISABLE KEYS */;
INSERT INTO `ec_product_with_attribute_set` VALUES (1,1,1,0),(2,2,1,0),(3,1,2,0),(4,2,2,0),(5,1,3,0),(6,2,3,0),(7,1,4,0),(8,2,4,0),(9,1,5,0),(10,2,5,0),(11,1,6,0),(12,2,6,0),(13,1,7,0),(14,2,7,0),(15,1,8,0),(16,2,8,0);
/*!40000 ALTER TABLE `ec_product_with_attribute_set` ENABLE KEYS */;
UNLOCK TABLES;

--
-- Table structure for table `ec_products`
--

DROP TABLE IF EXISTS `ec_products`;
/*!40101 SET @saved_cs_client     = @@character_set_client */;
/*!40101 SET character_set_client = utf8 */;
CREATE TABLE `ec_products` (
  `id` bigint(20) unsigned NOT NULL AUTO_INCREMENT,
  `name` varchar(191) COLLATE utf8mb4_unicode_ci NOT NULL,
  `description` text COLLATE utf8mb4_unicode_ci,
  `content` longtext COLLATE utf8mb4_unicode_ci,
  `status` varchar(60) COLLATE utf8mb4_unicode_ci NOT NULL DEFAULT 'published',
  `images` text COLLATE utf8mb4_unicode_ci,
  `sku` varchar(191) COLLATE utf8mb4_unicode_ci DEFAULT NULL,
  `order` int(10) unsigned NOT NULL DEFAULT '0',
  `quantity` int(10) unsigned DEFAULT NULL,
  `allow_checkout_when_out_of_stock` tinyint(3) unsigned NOT NULL DEFAULT '0',
  `with_storehouse_management` tinyint(3) unsigned NOT NULL DEFAULT '0',
  `is_featured` tinyint(3) unsigned NOT NULL DEFAULT '0',
  `options` text COLLATE utf8mb4_unicode_ci,
  `category_id` int(10) unsigned DEFAULT NULL,
  `brand_id` int(10) unsigned DEFAULT NULL,
  `is_variation` tinyint(4) NOT NULL DEFAULT '0',
  `is_searchable` tinyint(4) NOT NULL DEFAULT '0',
  `is_show_on_list` tinyint(4) NOT NULL DEFAULT '0',
  `sale_type` tinyint(4) NOT NULL DEFAULT '0',
  `price` double unsigned DEFAULT NULL,
  `sale_price` double unsigned DEFAULT NULL,
  `start_date` timestamp NULL DEFAULT NULL,
  `end_date` timestamp NULL DEFAULT NULL,
  `length` double(8,2) DEFAULT NULL,
  `wide` double(8,2) DEFAULT NULL,
  `height` double(8,2) DEFAULT NULL,
  `weight` double(8,2) DEFAULT NULL,
  `barcode` varchar(191) COLLATE utf8mb4_unicode_ci DEFAULT NULL,
  `length_unit` varchar(20) COLLATE utf8mb4_unicode_ci DEFAULT NULL,
  `wide_unit` varchar(20) COLLATE utf8mb4_unicode_ci DEFAULT NULL,
  `height_unit` varchar(20) COLLATE utf8mb4_unicode_ci DEFAULT NULL,
  `weight_unit` varchar(20) COLLATE utf8mb4_unicode_ci DEFAULT NULL,
  `created_at` timestamp NULL DEFAULT NULL,
  `updated_at` timestamp NULL DEFAULT NULL,
  `tax_id` int(10) unsigned DEFAULT NULL,
  `views` bigint(20) NOT NULL DEFAULT '0',
  `stock_status` varchar(191) COLLATE utf8mb4_unicode_ci DEFAULT 'in_stock',
  PRIMARY KEY (`id`)
) ENGINE=InnoDB AUTO_INCREMENT=32 DEFAULT CHARSET=utf8mb4 COLLATE=utf8mb4_unicode_ci;
/*!40101 SET character_set_client = @saved_cs_client */;

--
-- Dumping data for table `ec_products`
--

LOCK TABLES `ec_products` WRITE;
/*!40000 ALTER TABLE `ec_products` DISABLE KEYS */;
INSERT INTO `ec_products` VALUES (1,'Wallet handmade','<p>Short Hooded Coat features a straight body, large pockets with button flaps, ventilation air holes, and a string detail along the hemline.</p>','<p>Short Hooded Coat features a straight body, large pockets with button flaps, ventilation air holes, and a string detail along the hemline. The style is completed with a drawstring hood, featuring Rains&rsquo; signature built-in cap. Made from waterproof, matte PU, this lightweight unisex rain jacket is an ode to nostalgia through its classic silhouette and utilitarian design details.</p>\n                                <p>- Casual unisex fit</p>\n\n                                <p>- 64% polyester, 36% polyurethane</p>\n\n                                <p>- Water column pressure: 4000 mm</p>\n\n                                <p>- Model is 187cm tall and wearing a size S / M</p>\n\n                                <p>- Unisex fit</p>\n\n                                <p>- Drawstring hood with built-in cap</p>\n\n                                <p>- Front placket with snap buttons</p>\n\n                                <p>- Ventilation under armpit</p>\n\n                                <p>- Adjustable cuffs</p>\n\n                                <p>- Double welted front pockets</p>\n\n                                <p>- Adjustable elastic string at hempen</p>\n\n                                <p>- Ultrasonically welded seams</p>\n\n                                <p>This is a unisex item, please check our clothing &amp; footwear sizing guide for specific Rains jacket sizing information. RAINS comes from the rainy nation of Denmark at the edge of the European continent, close to the ocean and with prevailing westerly winds; all factors that contribute to an average of 121 rain days each year. Arising from these rainy weather conditions comes the attitude that a quick rain shower may be beautiful, as well as moody- but first and foremost requires the right outfit. Rains focus on the whole experience of going outside on rainy days, issuing an invitation to explore even in the most mercurial weather.</p>','published','[\"products\\/7-a.jpg\",\"products\\/5-b.jpg\"]','HS-102-A0',0,18,0,1,1,NULL,NULL,3,0,0,0,0,443,314.53,NULL,NULL,18.00,13.00,18.00,553.00,NULL,NULL,NULL,NULL,NULL,'2021-04-11 07:21:01','2021-04-11 07:21:01',1,30155,'in_stock'),(2,'Clutch handmade','<p>Short Hooded Coat features a straight body, large pockets with button flaps, ventilation air holes, and a string detail along the hemline.</p>','<p>Short Hooded Coat features a straight body, large pockets with button flaps, ventilation air holes, and a string detail along the hemline. The style is completed with a drawstring hood, featuring Rains&rsquo; signature built-in cap. Made from waterproof, matte PU, this lightweight unisex rain jacket is an ode to nostalgia through its classic silhouette and utilitarian design details.</p>\n                                <p>- Casual unisex fit</p>\n\n                                <p>- 64% polyester, 36% polyurethane</p>\n\n                                <p>- Water column pressure: 4000 mm</p>\n\n                                <p>- Model is 187cm tall and wearing a size S / M</p>\n\n                                <p>- Unisex fit</p>\n\n                                <p>- Drawstring hood with built-in cap</p>\n\n                                <p>- Front placket with snap buttons</p>\n\n                                <p>- Ventilation under armpit</p>\n\n                                <p>- Adjustable cuffs</p>\n\n                                <p>- Double welted front pockets</p>\n\n                                <p>- Adjustable elastic string at hempen</p>\n\n                                <p>- Ultrasonically welded seams</p>\n\n                                <p>This is a unisex item, please check our clothing &amp; footwear sizing guide for specific Rains jacket sizing information. RAINS comes from the rainy nation of Denmark at the edge of the European continent, close to the ocean and with prevailing westerly winds; all factors that contribute to an average of 121 rain days each year. Arising from these rainy weather conditions comes the attitude that a quick rain shower may be beautiful, as well as moody- but first and foremost requires the right outfit. Rains focus on the whole experience of going outside on rainy days, issuing an invitation to explore even in the most mercurial weather.</p>','published','[\"products\\/7-a.jpg\",\"products\\/5-b.jpg\"]','HS-139-A0',0,20,0,1,1,NULL,NULL,5,0,0,0,0,369,265.68,NULL,NULL,10.00,19.00,12.00,711.00,NULL,NULL,NULL,NULL,NULL,'2021-04-11 07:21:01','2021-04-11 07:21:01',1,59017,'in_stock'),(3,'Gucci Zip Around Wallet','<p>Short Hooded Coat features a straight body, large pockets with button flaps, ventilation air holes, and a string detail along the hemline.</p>','<p>Short Hooded Coat features a straight body, large pockets with button flaps, ventilation air holes, and a string detail along the hemline. The style is completed with a drawstring hood, featuring Rains&rsquo; signature built-in cap. Made from waterproof, matte PU, this lightweight unisex rain jacket is an ode to nostalgia through its classic silhouette and utilitarian design details.</p>\n                                <p>- Casual unisex fit</p>\n\n                                <p>- 64% polyester, 36% polyurethane</p>\n\n                                <p>- Water column pressure: 4000 mm</p>\n\n                                <p>- Model is 187cm tall and wearing a size S / M</p>\n\n                                <p>- Unisex fit</p>\n\n                                <p>- Drawstring hood with built-in cap</p>\n\n                                <p>- Front placket with snap buttons</p>\n\n                                <p>- Ventilation under armpit</p>\n\n                                <p>- Adjustable cuffs</p>\n\n                                <p>- Double welted front pockets</p>\n\n                                <p>- Adjustable elastic string at hempen</p>\n\n                                <p>- Ultrasonically welded seams</p>\n\n                                <p>This is a unisex item, please check our clothing &amp; footwear sizing guide for specific Rains jacket sizing information. RAINS comes from the rainy nation of Denmark at the edge of the European continent, close to the ocean and with prevailing westerly winds; all factors that contribute to an average of 121 rain days each year. Arising from these rainy weather conditions comes the attitude that a quick rain shower may be beautiful, as well as moody- but first and foremost requires the right outfit. Rains focus on the whole experience of going outside on rainy days, issuing an invitation to explore even in the most mercurial weather.</p>','published','[\"products\\/6-a.jpg\",\"products\\/5-b.jpg\"]','HS-194-A0',0,16,0,1,1,NULL,NULL,6,0,0,0,0,344,295.84,NULL,NULL,16.00,14.00,12.00,648.00,NULL,NULL,NULL,NULL,NULL,'2021-04-11 07:21:01','2021-04-11 07:21:01',1,199380,'in_stock'),(4,'Snapshot Standard','<p>Short Hooded Coat features a straight body, large pockets with button flaps, ventilation air holes, and a string detail along the hemline.</p>','<p>Short Hooded Coat features a straight body, large pockets with button flaps, ventilation air holes, and a string detail along the hemline. The style is completed with a drawstring hood, featuring Rains&rsquo; signature built-in cap. Made from waterproof, matte PU, this lightweight unisex rain jacket is an ode to nostalgia through its classic silhouette and utilitarian design details.</p>\n                                <p>- Casual unisex fit</p>\n\n                                <p>- 64% polyester, 36% polyurethane</p>\n\n                                <p>- Water column pressure: 4000 mm</p>\n\n                                <p>- Model is 187cm tall and wearing a size S / M</p>\n\n                                <p>- Unisex fit</p>\n\n                                <p>- Drawstring hood with built-in cap</p>\n\n                                <p>- Front placket with snap buttons</p>\n\n                                <p>- Ventilation under armpit</p>\n\n                                <p>- Adjustable cuffs</p>\n\n                                <p>- Double welted front pockets</p>\n\n                                <p>- Adjustable elastic string at hempen</p>\n\n                                <p>- Ultrasonically welded seams</p>\n\n                                <p>This is a unisex item, please check our clothing &amp; footwear sizing guide for specific Rains jacket sizing information. RAINS comes from the rainy nation of Denmark at the edge of the European continent, close to the ocean and with prevailing westerly winds; all factors that contribute to an average of 121 rain days each year. Arising from these rainy weather conditions comes the attitude that a quick rain shower may be beautiful, as well as moody- but first and foremost requires the right outfit. Rains focus on the whole experience of going outside on rainy days, issuing an invitation to explore even in the most mercurial weather.</p>','published','[\"products\\/7-a.jpg\",\"products\\/5-b.jpg\"]','HS-107-A0',0,17,0,1,1,NULL,NULL,1,0,0,0,0,472,349.28,NULL,NULL,13.00,10.00,17.00,630.00,NULL,NULL,NULL,NULL,NULL,'2021-04-11 07:21:01','2021-04-11 07:21:01',1,148583,'in_stock'),(5,'Joan Mini Camera Bag','<p>Short Hooded Coat features a straight body, large pockets with button flaps, ventilation air holes, and a string detail along the hemline.</p>','<p>Short Hooded Coat features a straight body, large pockets with button flaps, ventilation air holes, and a string detail along the hemline. The style is completed with a drawstring hood, featuring Rains&rsquo; signature built-in cap. Made from waterproof, matte PU, this lightweight unisex rain jacket is an ode to nostalgia through its classic silhouette and utilitarian design details.</p>\n                                <p>- Casual unisex fit</p>\n\n                                <p>- 64% polyester, 36% polyurethane</p>\n\n                                <p>- Water column pressure: 4000 mm</p>\n\n                                <p>- Model is 187cm tall and wearing a size S / M</p>\n\n                                <p>- Unisex fit</p>\n\n                                <p>- Drawstring hood with built-in cap</p>\n\n                                <p>- Front placket with snap buttons</p>\n\n                                <p>- Ventilation under armpit</p>\n\n                                <p>- Adjustable cuffs</p>\n\n                                <p>- Double welted front pockets</p>\n\n                                <p>- Adjustable elastic string at hempen</p>\n\n                                <p>- Ultrasonically welded seams</p>\n\n                                <p>This is a unisex item, please check our clothing &amp; footwear sizing guide for specific Rains jacket sizing information. RAINS comes from the rainy nation of Denmark at the edge of the European continent, close to the ocean and with prevailing westerly winds; all factors that contribute to an average of 121 rain days each year. Arising from these rainy weather conditions comes the attitude that a quick rain shower may be beautiful, as well as moody- but first and foremost requires the right outfit. Rains focus on the whole experience of going outside on rainy days, issuing an invitation to explore even in the most mercurial weather.</p>','published','[\"products\\/7-a.jpg\",\"products\\/6-b.jpg\"]','HS-191-A0',0,19,0,1,1,NULL,NULL,1,0,0,0,0,88,63.36,NULL,NULL,20.00,19.00,19.00,666.00,NULL,NULL,NULL,NULL,NULL,'2021-04-11 07:21:01','2021-04-11 07:21:01',1,144312,'in_stock'),(6,'Cyan Boheme','<p>Short Hooded Coat features a straight body, large pockets with button flaps, ventilation air holes, and a string detail along the hemline.</p>','<p>Short Hooded Coat features a straight body, large pockets with button flaps, ventilation air holes, and a string detail along the hemline. The style is completed with a drawstring hood, featuring Rains&rsquo; signature built-in cap. Made from waterproof, matte PU, this lightweight unisex rain jacket is an ode to nostalgia through its classic silhouette and utilitarian design details.</p>\n                                <p>- Casual unisex fit</p>\n\n                                <p>- 64% polyester, 36% polyurethane</p>\n\n                                <p>- Water column pressure: 4000 mm</p>\n\n                                <p>- Model is 187cm tall and wearing a size S / M</p>\n\n                                <p>- Unisex fit</p>\n\n                                <p>- Drawstring hood with built-in cap</p>\n\n                                <p>- Front placket with snap buttons</p>\n\n                                <p>- Ventilation under armpit</p>\n\n                                <p>- Adjustable cuffs</p>\n\n                                <p>- Double welted front pockets</p>\n\n                                <p>- Adjustable elastic string at hempen</p>\n\n                                <p>- Ultrasonically welded seams</p>\n\n                                <p>This is a unisex item, please check our clothing &amp; footwear sizing guide for specific Rains jacket sizing information. RAINS comes from the rainy nation of Denmark at the edge of the European continent, close to the ocean and with prevailing westerly winds; all factors that contribute to an average of 121 rain days each year. Arising from these rainy weather conditions comes the attitude that a quick rain shower may be beautiful, as well as moody- but first and foremost requires the right outfit. Rains focus on the whole experience of going outside on rainy days, issuing an invitation to explore even in the most mercurial weather.</p>','published','[\"products\\/6-a.jpg\",\"products\\/3-b.jpg\"]','HS-183-A0',0,10,0,1,1,NULL,NULL,4,0,0,0,0,46,39.56,NULL,NULL,12.00,10.00,19.00,705.00,NULL,NULL,NULL,NULL,NULL,'2021-04-11 07:21:01','2021-04-11 07:21:01',1,21242,'in_stock'),(7,'The Marc Jacobs','<p>Short Hooded Coat features a straight body, large pockets with button flaps, ventilation air holes, and a string detail along the hemline.</p>','<p>Short Hooded Coat features a straight body, large pockets with button flaps, ventilation air holes, and a string detail along the hemline. The style is completed with a drawstring hood, featuring Rains&rsquo; signature built-in cap. Made from waterproof, matte PU, this lightweight unisex rain jacket is an ode to nostalgia through its classic silhouette and utilitarian design details.</p>\n                                <p>- Casual unisex fit</p>\n\n                                <p>- 64% polyester, 36% polyurethane</p>\n\n                                <p>- Water column pressure: 4000 mm</p>\n\n                                <p>- Model is 187cm tall and wearing a size S / M</p>\n\n                                <p>- Unisex fit</p>\n\n                                <p>- Drawstring hood with built-in cap</p>\n\n                                <p>- Front placket with snap buttons</p>\n\n                                <p>- Ventilation under armpit</p>\n\n                                <p>- Adjustable cuffs</p>\n\n                                <p>- Double welted front pockets</p>\n\n                                <p>- Adjustable elastic string at hempen</p>\n\n                                <p>- Ultrasonically welded seams</p>\n\n                                <p>This is a unisex item, please check our clothing &amp; footwear sizing guide for specific Rains jacket sizing information. RAINS comes from the rainy nation of Denmark at the edge of the European continent, close to the ocean and with prevailing westerly winds; all factors that contribute to an average of 121 rain days each year. Arising from these rainy weather conditions comes the attitude that a quick rain shower may be beautiful, as well as moody- but first and foremost requires the right outfit. Rains focus on the whole experience of going outside on rainy days, issuing an invitation to explore even in the most mercurial weather.</p>','published','[\"products\\/2-a.jpg\",\"products\\/2-b.jpg\"]','HS-125-A0',0,16,0,1,1,NULL,NULL,2,0,0,0,0,52,41.6,NULL,NULL,15.00,10.00,15.00,525.00,NULL,NULL,NULL,NULL,NULL,'2021-04-11 07:21:01','2021-04-11 07:21:01',1,141195,'in_stock'),(8,'Round Crossbody Bag','<p>Short Hooded Coat features a straight body, large pockets with button flaps, ventilation air holes, and a string detail along the hemline.</p>','<p>Short Hooded Coat features a straight body, large pockets with button flaps, ventilation air holes, and a string detail along the hemline. The style is completed with a drawstring hood, featuring Rains&rsquo; signature built-in cap. Made from waterproof, matte PU, this lightweight unisex rain jacket is an ode to nostalgia through its classic silhouette and utilitarian design details.</p>\n                                <p>- Casual unisex fit</p>\n\n                                <p>- 64% polyester, 36% polyurethane</p>\n\n                                <p>- Water column pressure: 4000 mm</p>\n\n                                <p>- Model is 187cm tall and wearing a size S / M</p>\n\n                                <p>- Unisex fit</p>\n\n                                <p>- Drawstring hood with built-in cap</p>\n\n                                <p>- Front placket with snap buttons</p>\n\n                                <p>- Ventilation under armpit</p>\n\n                                <p>- Adjustable cuffs</p>\n\n                                <p>- Double welted front pockets</p>\n\n                                <p>- Adjustable elastic string at hempen</p>\n\n                                <p>- Ultrasonically welded seams</p>\n\n                                <p>This is a unisex item, please check our clothing &amp; footwear sizing guide for specific Rains jacket sizing information. RAINS comes from the rainy nation of Denmark at the edge of the European continent, close to the ocean and with prevailing westerly winds; all factors that contribute to an average of 121 rain days each year. Arising from these rainy weather conditions comes the attitude that a quick rain shower may be beautiful, as well as moody- but first and foremost requires the right outfit. Rains focus on the whole experience of going outside on rainy days, issuing an invitation to explore even in the most mercurial weather.</p>','published','[\"products\\/6-a.jpg\",\"products\\/7-b.jpg\"]','HS-184-A0',0,18,0,1,1,NULL,NULL,6,0,0,0,0,112,87.36,NULL,NULL,10.00,12.00,18.00,742.00,NULL,NULL,NULL,NULL,NULL,'2021-04-11 07:21:01','2021-04-11 07:21:01',1,63873,'in_stock'),(9,'Wallet handmade',NULL,NULL,'published','[\"products\\/7-a.jpg\",\"products\\/5-b.jpg\"]','HS-102-A0',0,18,0,1,0,NULL,NULL,3,1,0,0,0,443,314.53,NULL,NULL,18.00,13.00,18.00,553.00,NULL,NULL,NULL,NULL,NULL,'2021-04-11 07:21:01','2021-04-11 07:21:01',NULL,0,'in_stock'),(10,'Wallet handmade',NULL,NULL,'published','[\"products\\/6-a.jpg\",\"products\\/3-b.jpg\"]','HS-102-A0-A1',0,18,0,1,0,NULL,NULL,3,1,0,0,0,443,336.68,NULL,NULL,18.00,13.00,18.00,553.00,NULL,NULL,NULL,NULL,NULL,'2021-04-11 07:21:01','2021-04-11 07:21:01',NULL,0,'in_stock'),(11,'Wallet handmade',NULL,NULL,'published','[\"products\\/3-a.jpg\",\"products\\/4-b.jpg\"]','HS-102-A0-A2',0,18,0,1,0,NULL,NULL,3,1,0,0,0,443,385.41,NULL,NULL,18.00,13.00,18.00,553.00,NULL,NULL,NULL,NULL,NULL,'2021-04-11 07:21:01','2021-04-11 07:21:01',NULL,0,'in_stock'),(12,'Clutch handmade',NULL,NULL,'published','[\"products\\/7-a.jpg\",\"products\\/5-b.jpg\"]','HS-139-A0',0,20,0,1,0,NULL,NULL,5,1,0,0,0,369,265.68,NULL,NULL,10.00,19.00,12.00,711.00,NULL,NULL,NULL,NULL,NULL,'2021-04-11 07:21:01','2021-04-11 07:21:01',NULL,0,'in_stock'),(13,'Gucci Zip Around Wallet',NULL,NULL,'published','[\"products\\/6-a.jpg\",\"products\\/5-b.jpg\"]','HS-194-A0',0,16,0,1,0,NULL,NULL,6,1,0,0,0,344,295.84,NULL,NULL,16.00,14.00,12.00,648.00,NULL,NULL,NULL,NULL,NULL,'2021-04-11 07:21:01','2021-04-11 07:21:01',NULL,0,'in_stock'),(14,'Gucci Zip Around Wallet',NULL,NULL,'published','[\"products\\/5-a.jpg\",\"products\\/2-b.jpg\"]','HS-194-A0-A1',0,16,0,1,0,NULL,NULL,6,1,0,0,0,344,247.68,NULL,NULL,16.00,14.00,12.00,648.00,NULL,NULL,NULL,NULL,NULL,'2021-04-11 07:21:01','2021-04-11 07:21:01',NULL,0,'in_stock'),(15,'Gucci Zip Around Wallet',NULL,NULL,'published','[\"products\\/5-a.jpg\",\"products\\/6-b.jpg\"]','HS-194-A0-A2',0,16,0,1,0,NULL,NULL,6,1,0,0,0,344,247.68,NULL,NULL,16.00,14.00,12.00,648.00,NULL,NULL,NULL,NULL,NULL,'2021-04-11 07:21:01','2021-04-11 07:21:01',NULL,0,'in_stock'),(16,'Gucci Zip Around Wallet',NULL,NULL,'published','[\"products\\/5-a.jpg\",\"products\\/2-b.jpg\"]','HS-194-A0-A3',0,16,0,1,0,NULL,NULL,6,1,0,0,0,344,244.24,NULL,NULL,16.00,14.00,12.00,648.00,NULL,NULL,NULL,NULL,NULL,'2021-04-11 07:21:01','2021-04-11 07:21:01',NULL,0,'in_stock'),(17,'Snapshot Standard',NULL,NULL,'published','[\"products\\/7-a.jpg\",\"products\\/5-b.jpg\"]','HS-107-A0',0,17,0,1,0,NULL,NULL,1,1,0,0,0,472,349.28,NULL,NULL,13.00,10.00,17.00,630.00,NULL,NULL,NULL,NULL,NULL,'2021-04-11 07:21:01','2021-04-11 07:21:01',NULL,0,'in_stock'),(18,'Snapshot Standard',NULL,NULL,'published','[\"products\\/1-a.jpg\",\"products\\/7-b.jpg\"]','HS-107-A0-A1',0,17,0,1,0,NULL,NULL,1,1,0,0,0,472,391.76,NULL,NULL,13.00,10.00,17.00,630.00,NULL,NULL,NULL,NULL,NULL,'2021-04-11 07:21:01','2021-04-11 07:21:01',NULL,0,'in_stock'),(19,'Snapshot Standard',NULL,NULL,'published','[\"products\\/4-a.jpg\",\"products\\/3-b.jpg\"]','HS-107-A0-A2',0,17,0,1,0,NULL,NULL,1,1,0,0,0,472,349.28,NULL,NULL,13.00,10.00,17.00,630.00,NULL,NULL,NULL,NULL,NULL,'2021-04-11 07:21:01','2021-04-11 07:21:01',NULL,0,'in_stock'),(20,'Snapshot Standard',NULL,NULL,'published','[\"products\\/7-a.jpg\",\"products\\/3-b.jpg\"]','HS-107-A0-A3',0,17,0,1,0,NULL,NULL,1,1,0,0,0,472,354,NULL,NULL,13.00,10.00,17.00,630.00,NULL,NULL,NULL,NULL,NULL,'2021-04-11 07:21:01','2021-04-11 07:21:01',NULL,0,'in_stock'),(21,'Joan Mini Camera Bag',NULL,NULL,'published','[\"products\\/7-a.jpg\",\"products\\/6-b.jpg\"]','HS-191-A0',0,19,0,1,0,NULL,NULL,1,1,0,0,0,88,63.36,NULL,NULL,20.00,19.00,19.00,666.00,NULL,NULL,NULL,NULL,NULL,'2021-04-11 07:21:01','2021-04-11 07:21:01',NULL,0,'in_stock'),(22,'Joan Mini Camera Bag',NULL,NULL,'published','[\"products\\/2-a.jpg\",\"products\\/7-b.jpg\"]','HS-191-A0-A1',0,19,0,1,0,NULL,NULL,1,1,0,0,0,88,63.36,NULL,NULL,20.00,19.00,19.00,666.00,NULL,NULL,NULL,NULL,NULL,'2021-04-11 07:21:01','2021-04-11 07:21:01',NULL,0,'in_stock'),(23,'Joan Mini Camera Bag',NULL,NULL,'published','[\"products\\/2-a.jpg\",\"products\\/6-b.jpg\"]','HS-191-A0-A2',0,19,0,1,0,NULL,NULL,1,1,0,0,0,88,78.32,NULL,NULL,20.00,19.00,19.00,666.00,NULL,NULL,NULL,NULL,NULL,'2021-04-11 07:21:01','2021-04-11 07:21:01',NULL,0,'in_stock'),(24,'Cyan Boheme',NULL,NULL,'published','[\"products\\/6-a.jpg\",\"products\\/3-b.jpg\"]','HS-183-A0',0,10,0,1,0,NULL,NULL,4,1,0,0,0,46,39.56,NULL,NULL,12.00,10.00,19.00,705.00,NULL,NULL,NULL,NULL,NULL,'2021-04-11 07:21:01','2021-04-11 07:21:01',NULL,0,'in_stock'),(25,'The Marc Jacobs',NULL,NULL,'published','[\"products\\/2-a.jpg\",\"products\\/2-b.jpg\"]','HS-125-A0',0,16,0,1,0,NULL,NULL,2,1,0,0,0,52,41.6,NULL,NULL,15.00,10.00,15.00,525.00,NULL,NULL,NULL,NULL,NULL,'2021-04-11 07:21:01','2021-04-11 07:21:01',NULL,0,'in_stock'),(26,'The Marc Jacobs',NULL,NULL,'published','[\"products\\/7-a.jpg\",\"products\\/6-b.jpg\"]','HS-125-A0-A1',0,16,0,1,0,NULL,NULL,2,1,0,0,0,52,39,NULL,NULL,15.00,10.00,15.00,525.00,NULL,NULL,NULL,NULL,NULL,'2021-04-11 07:21:01','2021-04-11 07:21:01',NULL,0,'in_stock'),(27,'The Marc Jacobs',NULL,NULL,'published','[\"products\\/5-a.jpg\",\"products\\/1-b.jpg\"]','HS-125-A0-A2',0,16,0,1,0,NULL,NULL,2,1,0,0,0,52,44.2,NULL,NULL,15.00,10.00,15.00,525.00,NULL,NULL,NULL,NULL,NULL,'2021-04-11 07:21:01','2021-04-11 07:21:01',NULL,0,'in_stock'),(28,'The Marc Jacobs',NULL,NULL,'published','[\"products\\/7-a.jpg\",\"products\\/4-b.jpg\"]','HS-125-A0-A3',0,16,0,1,0,NULL,NULL,2,1,0,0,0,52,36.4,NULL,NULL,15.00,10.00,15.00,525.00,NULL,NULL,NULL,NULL,NULL,'2021-04-11 07:21:01','2021-04-11 07:21:01',NULL,0,'in_stock'),(29,'The Marc Jacobs',NULL,NULL,'published','[\"products\\/4-a.jpg\",\"products\\/6-b.jpg\"]','HS-125-A0-A4',0,16,0,1,0,NULL,NULL,2,1,0,0,0,52,45.24,NULL,NULL,15.00,10.00,15.00,525.00,NULL,NULL,NULL,NULL,NULL,'2021-04-11 07:21:01','2021-04-11 07:21:01',NULL,0,'in_stock'),(30,'Round Crossbody Bag',NULL,NULL,'published','[\"products\\/6-a.jpg\",\"products\\/7-b.jpg\"]','HS-184-A0',0,18,0,1,0,NULL,NULL,6,1,0,0,0,112,87.36,NULL,NULL,10.00,12.00,18.00,742.00,NULL,NULL,NULL,NULL,NULL,'2021-04-11 07:21:01','2021-04-11 07:21:01',NULL,0,'in_stock'),(31,'Round Crossbody Bag',NULL,NULL,'published','[\"products\\/5-a.jpg\",\"products\\/4-b.jpg\"]','HS-184-A0-A1',0,18,0,1,0,NULL,NULL,6,1,0,0,0,112,97.44,NULL,NULL,10.00,12.00,18.00,742.00,NULL,NULL,NULL,NULL,NULL,'2021-04-11 07:21:01','2021-04-11 07:21:01',NULL,0,'in_stock');
/*!40000 ALTER TABLE `ec_products` ENABLE KEYS */;
UNLOCK TABLES;

--
-- Table structure for table `ec_reviews`
--

DROP TABLE IF EXISTS `ec_reviews`;
/*!40101 SET @saved_cs_client     = @@character_set_client */;
/*!40101 SET character_set_client = utf8 */;
CREATE TABLE `ec_reviews` (
  `id` bigint(20) unsigned NOT NULL AUTO_INCREMENT,
  `customer_id` int(10) unsigned NOT NULL,
  `product_id` int(10) unsigned NOT NULL,
  `star` double(8,2) NOT NULL,
  `comment` text COLLATE utf8mb4_unicode_ci NOT NULL,
  `status` varchar(60) COLLATE utf8mb4_unicode_ci NOT NULL DEFAULT 'published',
  `created_at` timestamp NULL DEFAULT NULL,
  `updated_at` timestamp NULL DEFAULT NULL,
  PRIMARY KEY (`id`)
) ENGINE=InnoDB AUTO_INCREMENT=51 DEFAULT CHARSET=utf8mb4 COLLATE=utf8mb4_unicode_ci;
/*!40101 SET character_set_client = @saved_cs_client */;

--
-- Dumping data for table `ec_reviews`
--

LOCK TABLES `ec_reviews` WRITE;
/*!40000 ALTER TABLE `ec_reviews` DISABLE KEYS */;
INSERT INTO `ec_reviews` VALUES (1,6,5,5.00,'Omnis totam placeat expedita et repudiandae. Occaecati nesciunt velit necessitatibus consequuntur cupiditate ipsa. Incidunt libero voluptatem porro.','published','2021-04-11 07:21:06','2021-04-11 07:21:06'),(2,11,3,2.00,'Rem veritatis aut officia quidem corrupti. Et iste harum sed ducimus. Pariatur saepe aperiam illum quo. Rerum et omnis aut illo laudantium.','published','2021-04-11 07:21:06','2021-04-11 07:21:06'),(3,6,4,1.00,'Sunt tempore et assumenda quibusdam sit sunt sit. Nesciunt itaque expedita ea ea. Minima non veniam dolor tempore a.','published','2021-04-11 07:21:06','2021-04-11 07:21:06'),(4,3,7,4.00,'Unde quod optio non fugiat molestiae beatae et. Omnis nihil ut sint qui odio itaque quia.','published','2021-04-11 07:21:06','2021-04-11 07:21:06'),(5,7,9,4.00,'Voluptatem et ex corporis dignissimos repellat eos aut. Aut nam dolore harum est. Voluptatum et voluptas dolore sed dolorum beatae.','published','2021-04-11 07:21:06','2021-04-11 07:21:06'),(6,9,5,3.00,'Dolores esse ipsum qui. At rem repellendus sequi veniam autem. Voluptas saepe perferendis ab aspernatur non.','published','2021-04-11 07:21:06','2021-04-11 07:21:06'),(7,4,6,5.00,'Temporibus qui sed nisi laborum. Itaque veniam perspiciatis laudantium dolore sed itaque. Placeat et natus accusamus sapiente ut vel.','published','2021-04-11 07:21:06','2021-04-11 07:21:06'),(8,8,1,2.00,'Ducimus ut aspernatur sit amet. Debitis enim porro molestiae iure. Illum adipisci soluta deleniti illum.','published','2021-04-11 07:21:06','2021-04-11 07:21:06'),(9,4,9,2.00,'Aut unde eius tenetur non consequatur dolorem. Omnis et consequuntur odio in quis. Rem quam dolores magni et.','published','2021-04-11 07:21:06','2021-04-11 07:21:06'),(10,10,7,1.00,'Explicabo voluptatem omnis debitis consequatur dolor nesciunt. Sit modi perspiciatis aut qui nisi a. Et quas amet ut non sunt maxime.','published','2021-04-11 07:21:06','2021-04-11 07:21:06'),(11,5,3,2.00,'Ea maiores dolorum voluptas optio. Beatae dolorem qui rerum est fugiat dolorem temporibus. Ipsam officiis voluptatem et deleniti.','published','2021-04-11 07:21:06','2021-04-11 07:21:06'),(12,4,2,5.00,'Quisquam temporibus sunt nesciunt necessitatibus nostrum saepe. Eum qui soluta omnis voluptatibus. Omnis aut qui sed reiciendis.','published','2021-04-11 07:21:06','2021-04-11 07:21:06'),(13,5,3,4.00,'Aperiam et aut aut eveniet. Autem qui et quae ipsa. Quam iusto eius dolore perferendis sed sed.','published','2021-04-11 07:21:06','2021-04-11 07:21:06'),(14,3,5,5.00,'Voluptatem et perferendis id. Amet magni nesciunt ipsam rerum recusandae. Omnis perspiciatis aliquam alias blanditiis. Pariatur nisi cupiditate amet.','published','2021-04-11 07:21:06','2021-04-11 07:21:06'),(15,4,3,4.00,'Vitae quia autem illum sed. Ullam officiis aut cupiditate voluptatem porro. Sed consequuntur maiores quaerat non esse minus eos.','published','2021-04-11 07:21:06','2021-04-11 07:21:06'),(16,8,3,1.00,'Totam consequatur ut non ipsa molestias labore. Rem voluptas sed voluptatum voluptas. Sunt hic impedit delectus nisi at sunt eius.','published','2021-04-11 07:21:06','2021-04-11 07:21:06'),(17,10,8,3.00,'Beatae sint dolorem minima perspiciatis nihil possimus earum. Officia voluptatem beatae eligendi quia odio labore omnis.','published','2021-04-11 07:21:06','2021-04-11 07:21:06'),(18,5,1,2.00,'Eum magnam quo quam veniam debitis aut. Et ut veniam enim quasi sit reprehenderit.','published','2021-04-11 07:21:06','2021-04-11 07:21:06'),(19,2,4,3.00,'Cumque asperiores quam cumque quia accusantium cumque quia. Ab excepturi quo qui. Facilis ratione harum laborum quibusdam magni.','published','2021-04-11 07:21:06','2021-04-11 07:21:06'),(20,4,6,2.00,'Aliquam voluptate velit est repellendus. Ex est tempore debitis rerum ab. Excepturi mollitia est eos itaque. Veniam deserunt blanditiis iure unde.','published','2021-04-11 07:21:06','2021-04-11 07:21:06'),(21,7,2,1.00,'Ut sunt eos reprehenderit deserunt et. Iusto in modi eius ut non mollitia. Doloribus consequuntur fugit dolor velit laudantium cumque nulla.','published','2021-04-11 07:21:06','2021-04-11 07:21:06'),(22,8,3,4.00,'Quo at voluptas et esse officia ab. Illo fugit ratione nam at voluptatum sequi.','published','2021-04-11 07:21:06','2021-04-11 07:21:06'),(23,11,1,2.00,'Eos laudantium dolores fuga at aut. Iusto fugit dolores deleniti ut porro. Earum iure vero rerum occaecati. Expedita sed eum explicabo vero.','published','2021-04-11 07:21:06','2021-04-11 07:21:06'),(24,9,10,3.00,'Quasi sint dicta iste voluptas sit recusandae facere. Nihil omnis et dolorem quas. Soluta veritatis vel et incidunt.','published','2021-04-11 07:21:06','2021-04-11 07:21:06'),(25,9,8,5.00,'Repellat dolorum ab qui sed omnis. Aut aliquam tempore possimus asperiores alias rem illo. Occaecati at exercitationem molestias rerum.','published','2021-04-11 07:21:06','2021-04-11 07:21:06'),(26,4,5,5.00,'Totam sed cumque iusto alias aspernatur. Voluptatem rerum eaque pariatur.','published','2021-04-11 07:21:06','2021-04-11 07:21:06'),(27,11,9,1.00,'Et voluptas qui voluptatum quia tenetur. Ipsam omnis voluptas temporibus minus mollitia. Incidunt minima earum iusto aut.','published','2021-04-11 07:21:06','2021-04-11 07:21:06'),(28,11,3,4.00,'Consequuntur veniam aperiam neque. Cupiditate quia inventore consequatur numquam distinctio eum rem. In pariatur sed qui facilis aut laudantium.','published','2021-04-11 07:21:06','2021-04-11 07:21:06'),(29,3,9,2.00,'In porro voluptate quis voluptate. Ipsum atque maxime laboriosam quis sequi asperiores qui. Et aut nisi labore accusantium.','published','2021-04-11 07:21:06','2021-04-11 07:21:06'),(30,5,5,4.00,'Aut nobis libero iste numquam illo eos. Eos consequatur eaque et reprehenderit. Amet eius iste id nobis.','published','2021-04-11 07:21:06','2021-04-11 07:21:06'),(31,7,10,3.00,'Eaque modi sunt provident inventore. Exercitationem qui eaque maiores tempore. Et quia molestiae consequatur praesentium.','published','2021-04-11 07:21:06','2021-04-11 07:21:06'),(32,3,5,4.00,'Quaerat dolore dolore quidem laudantium. In quo quod cupiditate.','published','2021-04-11 07:21:06','2021-04-11 07:21:06'),(33,3,4,4.00,'Eveniet maiores molestiae natus. Pariatur et nemo reprehenderit harum. Aut corporis quasi dolor accusamus velit.','published','2021-04-11 07:21:06','2021-04-11 07:21:06'),(34,3,4,4.00,'Porro delectus pariatur qui debitis asperiores consequatur rem. Reprehenderit vitae iure quia et. Eius voluptas ab odit qui doloremque ab.','published','2021-04-11 07:21:06','2021-04-11 07:21:06'),(35,7,3,4.00,'Non sint suscipit est id commodi. Ab eum commodi est rem reprehenderit nihil impedit. Numquam eos voluptates culpa incidunt placeat.','published','2021-04-11 07:21:06','2021-04-11 07:21:06'),(36,8,4,4.00,'Dolorem aut officiis vel sint. Voluptatem id veniam qui enim delectus. Hic laboriosam quia numquam.','published','2021-04-11 07:21:06','2021-04-11 07:21:06'),(37,6,3,5.00,'Alias ut neque quos possimus nihil. Sed ut repellendus quibusdam odio. Et quis velit aut ea fugiat. Et possimus eos quia vitae repellendus.','published','2021-04-11 07:21:06','2021-04-11 07:21:06'),(38,8,1,3.00,'Quas quidem sunt ut quasi. Repudiandae et ut fuga voluptatem. Et minus esse necessitatibus ducimus et aperiam voluptatem.','published','2021-04-11 07:21:06','2021-04-11 07:21:06'),(39,7,8,3.00,'Repellendus sit dolores tempora. Voluptatum et quam velit dolor. Nihil quos expedita nulla maiores dolorem error.','published','2021-04-11 07:21:06','2021-04-11 07:21:06'),(40,5,5,5.00,'Officia natus tempore sint. Omnis ad esse voluptatem ut. Voluptas et fugiat consequatur iure.','published','2021-04-11 07:21:06','2021-04-11 07:21:06'),(41,9,7,1.00,'Saepe sequi officiis et quo itaque totam quia. Est ea ipsam sunt magni. Explicabo autem eligendi eligendi ex.','published','2021-04-11 07:21:06','2021-04-11 07:21:06'),(42,2,4,3.00,'Itaque voluptatem quasi beatae et ipsa velit quas architecto. Sed ut non facilis aut est non molestias debitis. Repudiandae sapiente quaerat beatae.','published','2021-04-11 07:21:06','2021-04-11 07:21:06'),(43,8,10,4.00,'Facere repudiandae hic nihil corrupti molestiae aut. Qui optio voluptates ut quia. At beatae iusto qui.','published','2021-04-11 07:21:06','2021-04-11 07:21:06'),(44,10,6,4.00,'Repellendus dolore adipisci deserunt magni qui. Molestias minima saepe aliquam.','published','2021-04-11 07:21:06','2021-04-11 07:21:06'),(45,7,9,4.00,'Cumque sunt sed fugit voluptatem quae consequuntur. A assumenda optio earum at reiciendis. Vitae aperiam porro ut et ipsa.','published','2021-04-11 07:21:06','2021-04-11 07:21:06'),(46,9,5,5.00,'Tempore error fugit enim est aut et. Architecto aut expedita quis iure officia. Occaecati facere voluptatum mollitia consequuntur maiores.','published','2021-04-11 07:21:06','2021-04-11 07:21:06'),(47,7,8,3.00,'Et et repellat dolorum omnis dolor quidem ducimus. Et facere optio inventore ea corporis hic. Repellendus et cupiditate et debitis maiores.','published','2021-04-11 07:21:06','2021-04-11 07:21:06'),(48,8,3,2.00,'Ut tempora quod velit quo. Dolores libero earum autem quia.','published','2021-04-11 07:21:06','2021-04-11 07:21:06'),(49,7,1,3.00,'Dolore adipisci exercitationem voluptatibus animi tempore eligendi. Maiores vel recusandae itaque suscipit nostrum pariatur fugit.','published','2021-04-11 07:21:06','2021-04-11 07:21:06'),(50,8,2,3.00,'Deserunt dolor qui sint at culpa. Voluptatum non dolor sunt temporibus quo.','published','2021-04-11 07:21:06','2021-04-11 07:21:06');
/*!40000 ALTER TABLE `ec_reviews` ENABLE KEYS */;
UNLOCK TABLES;

--
-- Table structure for table `ec_shipment_histories`
--

DROP TABLE IF EXISTS `ec_shipment_histories`;
/*!40101 SET @saved_cs_client     = @@character_set_client */;
/*!40101 SET character_set_client = utf8 */;
CREATE TABLE `ec_shipment_histories` (
  `id` bigint(20) unsigned NOT NULL AUTO_INCREMENT,
  `action` varchar(120) COLLATE utf8mb4_unicode_ci NOT NULL,
  `description` varchar(255) COLLATE utf8mb4_unicode_ci NOT NULL,
  `user_id` int(10) unsigned DEFAULT NULL,
  `shipment_id` int(10) unsigned NOT NULL,
  `order_id` int(10) unsigned NOT NULL,
  `created_at` timestamp NULL DEFAULT NULL,
  `updated_at` timestamp NULL DEFAULT NULL,
  PRIMARY KEY (`id`)
) ENGINE=InnoDB DEFAULT CHARSET=utf8mb4 COLLATE=utf8mb4_unicode_ci;
/*!40101 SET character_set_client = @saved_cs_client */;

--
-- Dumping data for table `ec_shipment_histories`
--

LOCK TABLES `ec_shipment_histories` WRITE;
/*!40000 ALTER TABLE `ec_shipment_histories` DISABLE KEYS */;
/*!40000 ALTER TABLE `ec_shipment_histories` ENABLE KEYS */;
UNLOCK TABLES;

--
-- Table structure for table `ec_shipments`
--

DROP TABLE IF EXISTS `ec_shipments`;
/*!40101 SET @saved_cs_client     = @@character_set_client */;
/*!40101 SET character_set_client = utf8 */;
CREATE TABLE `ec_shipments` (
  `id` bigint(20) unsigned NOT NULL AUTO_INCREMENT,
  `order_id` int(10) unsigned NOT NULL,
  `user_id` int(10) unsigned DEFAULT NULL,
  `weight` double(8,2) DEFAULT '0.00',
  `shipment_id` varchar(120) COLLATE utf8mb4_unicode_ci DEFAULT NULL,
  `note` varchar(120) COLLATE utf8mb4_unicode_ci DEFAULT NULL,
  `status` varchar(120) COLLATE utf8mb4_unicode_ci NOT NULL DEFAULT 'pending',
  `cod_amount` decimal(15,2) DEFAULT '0.00',
  `cod_status` varchar(60) COLLATE utf8mb4_unicode_ci NOT NULL DEFAULT 'pending',
  `cross_checking_status` varchar(60) COLLATE utf8mb4_unicode_ci NOT NULL DEFAULT 'pending',
  `price` decimal(15,2) DEFAULT '0.00',
  `store_id` int(10) unsigned DEFAULT NULL,
  `created_at` timestamp NULL DEFAULT NULL,
  `updated_at` timestamp NULL DEFAULT NULL,
  PRIMARY KEY (`id`)
) ENGINE=InnoDB DEFAULT CHARSET=utf8mb4 COLLATE=utf8mb4_unicode_ci;
/*!40101 SET character_set_client = @saved_cs_client */;

--
-- Dumping data for table `ec_shipments`
--

LOCK TABLES `ec_shipments` WRITE;
/*!40000 ALTER TABLE `ec_shipments` DISABLE KEYS */;
/*!40000 ALTER TABLE `ec_shipments` ENABLE KEYS */;
UNLOCK TABLES;

--
-- Table structure for table `ec_shipping`
--

DROP TABLE IF EXISTS `ec_shipping`;
/*!40101 SET @saved_cs_client     = @@character_set_client */;
/*!40101 SET character_set_client = utf8 */;
CREATE TABLE `ec_shipping` (
  `id` bigint(20) unsigned NOT NULL AUTO_INCREMENT,
  `title` varchar(191) COLLATE utf8mb4_unicode_ci DEFAULT NULL,
  `country` varchar(120) COLLATE utf8mb4_unicode_ci DEFAULT NULL,
  `created_at` timestamp NULL DEFAULT NULL,
  `updated_at` timestamp NULL DEFAULT NULL,
  PRIMARY KEY (`id`)
) ENGINE=InnoDB AUTO_INCREMENT=2 DEFAULT CHARSET=utf8mb4 COLLATE=utf8mb4_unicode_ci;
/*!40101 SET character_set_client = @saved_cs_client */;

--
-- Dumping data for table `ec_shipping`
--

LOCK TABLES `ec_shipping` WRITE;
/*!40000 ALTER TABLE `ec_shipping` DISABLE KEYS */;
INSERT INTO `ec_shipping` VALUES (1,'All',NULL,'2021-04-11 07:21:06','2021-04-11 07:21:06');
/*!40000 ALTER TABLE `ec_shipping` ENABLE KEYS */;
UNLOCK TABLES;

--
-- Table structure for table `ec_shipping_rule_items`
--

DROP TABLE IF EXISTS `ec_shipping_rule_items`;
/*!40101 SET @saved_cs_client     = @@character_set_client */;
/*!40101 SET character_set_client = utf8 */;
CREATE TABLE `ec_shipping_rule_items` (
  `id` bigint(20) unsigned NOT NULL AUTO_INCREMENT,
  `shipping_rule_id` int(10) unsigned NOT NULL,
  `country` varchar(120) COLLATE utf8mb4_unicode_ci DEFAULT NULL,
  `state` varchar(120) COLLATE utf8mb4_unicode_ci DEFAULT NULL,
  `city` varchar(120) COLLATE utf8mb4_unicode_ci DEFAULT NULL,
  `adjustment_price` decimal(15,2) DEFAULT '0.00',
  `is_enabled` tinyint(1) NOT NULL DEFAULT '1',
  `created_at` timestamp NULL DEFAULT NULL,
  `updated_at` timestamp NULL DEFAULT NULL,
  PRIMARY KEY (`id`)
) ENGINE=InnoDB DEFAULT CHARSET=utf8mb4 COLLATE=utf8mb4_unicode_ci;
/*!40101 SET character_set_client = @saved_cs_client */;

--
-- Dumping data for table `ec_shipping_rule_items`
--

LOCK TABLES `ec_shipping_rule_items` WRITE;
/*!40000 ALTER TABLE `ec_shipping_rule_items` DISABLE KEYS */;
/*!40000 ALTER TABLE `ec_shipping_rule_items` ENABLE KEYS */;
UNLOCK TABLES;

--
-- Table structure for table `ec_shipping_rules`
--

DROP TABLE IF EXISTS `ec_shipping_rules`;
/*!40101 SET @saved_cs_client     = @@character_set_client */;
/*!40101 SET character_set_client = utf8 */;
CREATE TABLE `ec_shipping_rules` (
  `id` bigint(20) unsigned NOT NULL AUTO_INCREMENT,
  `name` varchar(120) COLLATE utf8mb4_unicode_ci NOT NULL,
  `shipping_id` int(10) unsigned NOT NULL,
  `type` enum('base_on_price','base_on_weight') COLLATE utf8mb4_unicode_ci DEFAULT 'base_on_price',
  `currency_id` int(10) unsigned DEFAULT NULL,
  `from` decimal(15,2) DEFAULT '0.00',
  `to` decimal(15,2) DEFAULT '0.00',
  `price` decimal(15,2) DEFAULT '0.00',
  `created_at` timestamp NULL DEFAULT NULL,
  `updated_at` timestamp NULL DEFAULT NULL,
  PRIMARY KEY (`id`)
) ENGINE=InnoDB AUTO_INCREMENT=2 DEFAULT CHARSET=utf8mb4 COLLATE=utf8mb4_unicode_ci;
/*!40101 SET character_set_client = @saved_cs_client */;

--
-- Dumping data for table `ec_shipping_rules`
--

LOCK TABLES `ec_shipping_rules` WRITE;
/*!40000 ALTER TABLE `ec_shipping_rules` DISABLE KEYS */;
INSERT INTO `ec_shipping_rules` VALUES (1,'Delivery',1,'base_on_price',NULL,0.00,NULL,0.00,'2021-04-11 07:21:06','2021-04-11 07:21:06');
/*!40000 ALTER TABLE `ec_shipping_rules` ENABLE KEYS */;
UNLOCK TABLES;

--
-- Table structure for table `ec_store_locators`
--

DROP TABLE IF EXISTS `ec_store_locators`;
/*!40101 SET @saved_cs_client     = @@character_set_client */;
/*!40101 SET character_set_client = utf8 */;
CREATE TABLE `ec_store_locators` (
  `id` bigint(20) unsigned NOT NULL AUTO_INCREMENT,
  `name` varchar(60) COLLATE utf8mb4_unicode_ci NOT NULL,
  `email` varchar(60) COLLATE utf8mb4_unicode_ci DEFAULT NULL,
  `phone` varchar(20) COLLATE utf8mb4_unicode_ci NOT NULL,
  `address` varchar(255) COLLATE utf8mb4_unicode_ci NOT NULL,
  `country` varchar(120) COLLATE utf8mb4_unicode_ci DEFAULT NULL,
  `state` varchar(120) COLLATE utf8mb4_unicode_ci DEFAULT NULL,
  `city` varchar(120) COLLATE utf8mb4_unicode_ci DEFAULT NULL,
  `is_primary` tinyint(1) DEFAULT '0',
  `is_shipping_location` tinyint(1) DEFAULT '1',
  `created_at` timestamp NULL DEFAULT NULL,
  `updated_at` timestamp NULL DEFAULT NULL,
  PRIMARY KEY (`id`)
) ENGINE=InnoDB AUTO_INCREMENT=2 DEFAULT CHARSET=utf8mb4 COLLATE=utf8mb4_unicode_ci;
/*!40101 SET character_set_client = @saved_cs_client */;

--
-- Dumping data for table `ec_store_locators`
--

LOCK TABLES `ec_store_locators` WRITE;
/*!40000 ALTER TABLE `ec_store_locators` DISABLE KEYS */;
INSERT INTO `ec_store_locators` VALUES (1,'HASA SG','sales@botble.com','18006268','North Link Building, 10 Admiralty Street','SG','Singapore','Singapore',1,1,'2021-04-11 07:21:14','2021-04-11 07:21:14');
/*!40000 ALTER TABLE `ec_store_locators` ENABLE KEYS */;
UNLOCK TABLES;

--
-- Table structure for table `ec_taxes`
--

DROP TABLE IF EXISTS `ec_taxes`;
/*!40101 SET @saved_cs_client     = @@character_set_client */;
/*!40101 SET character_set_client = utf8 */;
CREATE TABLE `ec_taxes` (
  `id` bigint(20) unsigned NOT NULL AUTO_INCREMENT,
  `title` varchar(191) COLLATE utf8mb4_unicode_ci DEFAULT NULL,
  `percentage` double(8,6) DEFAULT NULL,
  `priority` int(11) DEFAULT NULL,
  `status` varchar(60) COLLATE utf8mb4_unicode_ci NOT NULL DEFAULT 'published',
  `created_at` timestamp NULL DEFAULT NULL,
  `updated_at` timestamp NULL DEFAULT NULL,
  PRIMARY KEY (`id`)
) ENGINE=InnoDB AUTO_INCREMENT=3 DEFAULT CHARSET=utf8mb4 COLLATE=utf8mb4_unicode_ci;
/*!40101 SET character_set_client = @saved_cs_client */;

--
-- Dumping data for table `ec_taxes`
--

LOCK TABLES `ec_taxes` WRITE;
/*!40000 ALTER TABLE `ec_taxes` DISABLE KEYS */;
INSERT INTO `ec_taxes` VALUES (1,'VAT',10.000000,1,'published','2021-04-11 07:21:01','2021-04-11 07:21:01'),(2,'None',0.000000,2,'published','2021-04-11 07:21:01','2021-04-11 07:21:01');
/*!40000 ALTER TABLE `ec_taxes` ENABLE KEYS */;
UNLOCK TABLES;

--
-- Table structure for table `ec_wish_lists`
--

DROP TABLE IF EXISTS `ec_wish_lists`;
/*!40101 SET @saved_cs_client     = @@character_set_client */;
/*!40101 SET character_set_client = utf8 */;
CREATE TABLE `ec_wish_lists` (
  `id` bigint(20) unsigned NOT NULL AUTO_INCREMENT,
  `customer_id` int(10) unsigned NOT NULL,
  `product_id` int(10) unsigned NOT NULL,
  `created_at` timestamp NULL DEFAULT NULL,
  `updated_at` timestamp NULL DEFAULT NULL,
  PRIMARY KEY (`id`)
) ENGINE=InnoDB DEFAULT CHARSET=utf8mb4 COLLATE=utf8mb4_unicode_ci;
/*!40101 SET character_set_client = @saved_cs_client */;

--
-- Dumping data for table `ec_wish_lists`
--

LOCK TABLES `ec_wish_lists` WRITE;
/*!40000 ALTER TABLE `ec_wish_lists` DISABLE KEYS */;
/*!40000 ALTER TABLE `ec_wish_lists` ENABLE KEYS */;
UNLOCK TABLES;

--
-- Table structure for table `failed_jobs`
--

DROP TABLE IF EXISTS `failed_jobs`;
/*!40101 SET @saved_cs_client     = @@character_set_client */;
/*!40101 SET character_set_client = utf8 */;
CREATE TABLE `failed_jobs` (
  `id` bigint(20) unsigned NOT NULL AUTO_INCREMENT,
  `uuid` varchar(191) COLLATE utf8mb4_unicode_ci NOT NULL,
  `connection` text COLLATE utf8mb4_unicode_ci NOT NULL,
  `queue` text COLLATE utf8mb4_unicode_ci NOT NULL,
  `payload` longtext COLLATE utf8mb4_unicode_ci NOT NULL,
  `exception` longtext COLLATE utf8mb4_unicode_ci NOT NULL,
  `failed_at` timestamp NOT NULL DEFAULT CURRENT_TIMESTAMP,
  PRIMARY KEY (`id`),
  UNIQUE KEY `failed_jobs_uuid_unique` (`uuid`)
) ENGINE=InnoDB DEFAULT CHARSET=utf8mb4 COLLATE=utf8mb4_unicode_ci;
/*!40101 SET character_set_client = @saved_cs_client */;

--
-- Dumping data for table `failed_jobs`
--

LOCK TABLES `failed_jobs` WRITE;
/*!40000 ALTER TABLE `failed_jobs` DISABLE KEYS */;
/*!40000 ALTER TABLE `failed_jobs` ENABLE KEYS */;
UNLOCK TABLES;

--
-- Table structure for table `galleries`
--

DROP TABLE IF EXISTS `galleries`;
/*!40101 SET @saved_cs_client     = @@character_set_client */;
/*!40101 SET character_set_client = utf8 */;
CREATE TABLE `galleries` (
  `id` bigint(20) unsigned NOT NULL AUTO_INCREMENT,
  `name` varchar(120) COLLATE utf8mb4_unicode_ci NOT NULL,
  `description` longtext COLLATE utf8mb4_unicode_ci NOT NULL,
  `is_featured` tinyint(3) unsigned NOT NULL DEFAULT '0',
  `order` tinyint(3) unsigned NOT NULL DEFAULT '0',
  `image` varchar(255) COLLATE utf8mb4_unicode_ci DEFAULT NULL,
  `user_id` int(10) unsigned NOT NULL,
  `status` varchar(60) COLLATE utf8mb4_unicode_ci NOT NULL DEFAULT 'published',
  `created_at` timestamp NULL DEFAULT NULL,
  `updated_at` timestamp NULL DEFAULT NULL,
  PRIMARY KEY (`id`),
  KEY `galleries_user_id_index` (`user_id`)
) ENGINE=InnoDB AUTO_INCREMENT=7 DEFAULT CHARSET=utf8mb4 COLLATE=utf8mb4_unicode_ci;
/*!40101 SET character_set_client = @saved_cs_client */;

--
-- Dumping data for table `galleries`
--

LOCK TABLES `galleries` WRITE;
/*!40000 ALTER TABLE `galleries` DISABLE KEYS */;
INSERT INTO `galleries` VALUES (1,'Men','Quia repellat qui rerum ut. Exercitationem est perferendis illo delectus at. A quis numquam fugit repudiandae voluptates ullam odio illo.',1,0,'galleries/1.jpg',1,'published','2021-04-11 07:21:16','2021-04-11 07:21:16'),(2,'Women','Accusamus quisquam aut maiores quibusdam vitae. Impedit corporis eum necessitatibus et iure. Magni qui quaerat qui voluptatum ex exercitationem.',1,0,'galleries/2.jpg',1,'published','2021-04-11 07:21:16','2021-04-11 07:21:16'),(3,'Accessories','Eum quibusdam non eius consequuntur. Molestiae placeat quisquam et nulla. Maxime architecto aut officiis ex omnis vitae.',1,0,'galleries/3.jpg',1,'published','2021-04-11 07:21:16','2021-04-11 07:21:16'),(4,'Shoes','Quas in accusantium ullam voluptatem. Exercitationem sint nobis est. Molestiae repudiandae aut est quis iure odio voluptas magni.',1,0,'galleries/4.jpg',1,'published','2021-04-11 07:21:16','2021-04-11 07:21:16'),(5,'Denim','Non ut rerum sit corrupti. Unde placeat consequatur voluptate unde necessitatibus reprehenderit. Nihil rerum nobis odit.',1,0,'galleries/5.jpg',1,'published','2021-04-11 07:21:16','2021-04-11 07:21:16'),(6,'Dress','Enim dolores hic et est quia non quam. Ad eius minima eius sunt eos.',1,0,'galleries/6.jpg',1,'published','2021-04-11 07:21:16','2021-04-11 07:21:16');
/*!40000 ALTER TABLE `galleries` ENABLE KEYS */;
UNLOCK TABLES;

--
-- Table structure for table `gallery_meta`
--

DROP TABLE IF EXISTS `gallery_meta`;
/*!40101 SET @saved_cs_client     = @@character_set_client */;
/*!40101 SET character_set_client = utf8 */;
CREATE TABLE `gallery_meta` (
  `id` bigint(20) unsigned NOT NULL AUTO_INCREMENT,
  `images` text COLLATE utf8mb4_unicode_ci,
  `reference_id` int(10) unsigned NOT NULL,
  `reference_type` varchar(120) COLLATE utf8mb4_unicode_ci NOT NULL,
  `created_at` timestamp NULL DEFAULT NULL,
  `updated_at` timestamp NULL DEFAULT NULL,
  PRIMARY KEY (`id`),
  KEY `gallery_meta_reference_id_index` (`reference_id`)
) ENGINE=InnoDB AUTO_INCREMENT=7 DEFAULT CHARSET=utf8mb4 COLLATE=utf8mb4_unicode_ci;
/*!40101 SET character_set_client = @saved_cs_client */;

--
-- Dumping data for table `gallery_meta`
--

LOCK TABLES `gallery_meta` WRITE;
/*!40000 ALTER TABLE `gallery_meta` DISABLE KEYS */;
INSERT INTO `gallery_meta` VALUES (1,'[{\"img\":\"galleries\\/1.jpg\",\"description\":\"Incidunt non incidunt soluta et reprehenderit cum. Harum sapiente qui id cumque amet fuga eius. Nihil eum modi enim vero.\"},{\"img\":\"galleries\\/2.jpg\",\"description\":\"Id ipsum sit officia similique quam modi. Occaecati aut ullam rerum omnis. Et commodi quos aut sequi.\"},{\"img\":\"galleries\\/3.jpg\",\"description\":\"Debitis quasi rerum ut dolorem vel omnis. Ab enim cumque aut nihil perspiciatis.\"},{\"img\":\"galleries\\/4.jpg\",\"description\":\"Veniam fuga qui dolor facere odit autem et. Sint voluptatum harum dignissimos quidem. Natus iste ullam accusamus inventore voluptatum accusantium.\"},{\"img\":\"galleries\\/5.jpg\",\"description\":\"Repellendus recusandae at blanditiis. Ab earum ipsa illo voluptatem qui et quae. Minus adipisci labore magnam quod voluptatem.\"},{\"img\":\"galleries\\/6.jpg\",\"description\":\"Atque beatae quo adipisci. Et nemo quia provident temporibus voluptas expedita. Ullam quo libero maxime perferendis corrupti assumenda rerum.\"},{\"img\":\"galleries\\/7.jpg\",\"description\":\"Libero sint et est molestiae deserunt. Vel asperiores eaque illo nam. Natus eos veniam voluptatem fugiat autem numquam et qui.\"},{\"img\":\"galleries\\/8.jpg\",\"description\":\"Debitis aut dignissimos illo doloribus iste. Dolorem nam recusandae est reiciendis.\"},{\"img\":\"galleries\\/9.jpg\",\"description\":\"Quam optio velit est dolorem consectetur recusandae. Et non esse voluptatem quaerat nihil molestiae est.\"}]',1,'Botble\\Gallery\\Models\\Gallery','2021-04-11 07:21:16','2021-04-11 07:21:16'),(2,'[{\"img\":\"galleries\\/1.jpg\",\"description\":\"Incidunt non incidunt soluta et reprehenderit cum. Harum sapiente qui id cumque amet fuga eius. Nihil eum modi enim vero.\"},{\"img\":\"galleries\\/2.jpg\",\"description\":\"Id ipsum sit officia similique quam modi. Occaecati aut ullam rerum omnis. Et commodi quos aut sequi.\"},{\"img\":\"galleries\\/3.jpg\",\"description\":\"Debitis quasi rerum ut dolorem vel omnis. Ab enim cumque aut nihil perspiciatis.\"},{\"img\":\"galleries\\/4.jpg\",\"description\":\"Veniam fuga qui dolor facere odit autem et. Sint voluptatum harum dignissimos quidem. Natus iste ullam accusamus inventore voluptatum accusantium.\"},{\"img\":\"galleries\\/5.jpg\",\"description\":\"Repellendus recusandae at blanditiis. Ab earum ipsa illo voluptatem qui et quae. Minus adipisci labore magnam quod voluptatem.\"},{\"img\":\"galleries\\/6.jpg\",\"description\":\"Atque beatae quo adipisci. Et nemo quia provident temporibus voluptas expedita. Ullam quo libero maxime perferendis corrupti assumenda rerum.\"},{\"img\":\"galleries\\/7.jpg\",\"description\":\"Libero sint et est molestiae deserunt. Vel asperiores eaque illo nam. Natus eos veniam voluptatem fugiat autem numquam et qui.\"},{\"img\":\"galleries\\/8.jpg\",\"description\":\"Debitis aut dignissimos illo doloribus iste. Dolorem nam recusandae est reiciendis.\"},{\"img\":\"galleries\\/9.jpg\",\"description\":\"Quam optio velit est dolorem consectetur recusandae. Et non esse voluptatem quaerat nihil molestiae est.\"}]',2,'Botble\\Gallery\\Models\\Gallery','2021-04-11 07:21:16','2021-04-11 07:21:16'),(3,'[{\"img\":\"galleries\\/1.jpg\",\"description\":\"Incidunt non incidunt soluta et reprehenderit cum. Harum sapiente qui id cumque amet fuga eius. Nihil eum modi enim vero.\"},{\"img\":\"galleries\\/2.jpg\",\"description\":\"Id ipsum sit officia similique quam modi. Occaecati aut ullam rerum omnis. Et commodi quos aut sequi.\"},{\"img\":\"galleries\\/3.jpg\",\"description\":\"Debitis quasi rerum ut dolorem vel omnis. Ab enim cumque aut nihil perspiciatis.\"},{\"img\":\"galleries\\/4.jpg\",\"description\":\"Veniam fuga qui dolor facere odit autem et. Sint voluptatum harum dignissimos quidem. Natus iste ullam accusamus inventore voluptatum accusantium.\"},{\"img\":\"galleries\\/5.jpg\",\"description\":\"Repellendus recusandae at blanditiis. Ab earum ipsa illo voluptatem qui et quae. Minus adipisci labore magnam quod voluptatem.\"},{\"img\":\"galleries\\/6.jpg\",\"description\":\"Atque beatae quo adipisci. Et nemo quia provident temporibus voluptas expedita. Ullam quo libero maxime perferendis corrupti assumenda rerum.\"},{\"img\":\"galleries\\/7.jpg\",\"description\":\"Libero sint et est molestiae deserunt. Vel asperiores eaque illo nam. Natus eos veniam voluptatem fugiat autem numquam et qui.\"},{\"img\":\"galleries\\/8.jpg\",\"description\":\"Debitis aut dignissimos illo doloribus iste. Dolorem nam recusandae est reiciendis.\"},{\"img\":\"galleries\\/9.jpg\",\"description\":\"Quam optio velit est dolorem consectetur recusandae. Et non esse voluptatem quaerat nihil molestiae est.\"}]',3,'Botble\\Gallery\\Models\\Gallery','2021-04-11 07:21:16','2021-04-11 07:21:16'),(4,'[{\"img\":\"galleries\\/1.jpg\",\"description\":\"Incidunt non incidunt soluta et reprehenderit cum. Harum sapiente qui id cumque amet fuga eius. Nihil eum modi enim vero.\"},{\"img\":\"galleries\\/2.jpg\",\"description\":\"Id ipsum sit officia similique quam modi. Occaecati aut ullam rerum omnis. Et commodi quos aut sequi.\"},{\"img\":\"galleries\\/3.jpg\",\"description\":\"Debitis quasi rerum ut dolorem vel omnis. Ab enim cumque aut nihil perspiciatis.\"},{\"img\":\"galleries\\/4.jpg\",\"description\":\"Veniam fuga qui dolor facere odit autem et. Sint voluptatum harum dignissimos quidem. Natus iste ullam accusamus inventore voluptatum accusantium.\"},{\"img\":\"galleries\\/5.jpg\",\"description\":\"Repellendus recusandae at blanditiis. Ab earum ipsa illo voluptatem qui et quae. Minus adipisci labore magnam quod voluptatem.\"},{\"img\":\"galleries\\/6.jpg\",\"description\":\"Atque beatae quo adipisci. Et nemo quia provident temporibus voluptas expedita. Ullam quo libero maxime perferendis corrupti assumenda rerum.\"},{\"img\":\"galleries\\/7.jpg\",\"description\":\"Libero sint et est molestiae deserunt. Vel asperiores eaque illo nam. Natus eos veniam voluptatem fugiat autem numquam et qui.\"},{\"img\":\"galleries\\/8.jpg\",\"description\":\"Debitis aut dignissimos illo doloribus iste. Dolorem nam recusandae est reiciendis.\"},{\"img\":\"galleries\\/9.jpg\",\"description\":\"Quam optio velit est dolorem consectetur recusandae. Et non esse voluptatem quaerat nihil molestiae est.\"}]',4,'Botble\\Gallery\\Models\\Gallery','2021-04-11 07:21:16','2021-04-11 07:21:16'),(5,'[{\"img\":\"galleries\\/1.jpg\",\"description\":\"Incidunt non incidunt soluta et reprehenderit cum. Harum sapiente qui id cumque amet fuga eius. Nihil eum modi enim vero.\"},{\"img\":\"galleries\\/2.jpg\",\"description\":\"Id ipsum sit officia similique quam modi. Occaecati aut ullam rerum omnis. Et commodi quos aut sequi.\"},{\"img\":\"galleries\\/3.jpg\",\"description\":\"Debitis quasi rerum ut dolorem vel omnis. Ab enim cumque aut nihil perspiciatis.\"},{\"img\":\"galleries\\/4.jpg\",\"description\":\"Veniam fuga qui dolor facere odit autem et. Sint voluptatum harum dignissimos quidem. Natus iste ullam accusamus inventore voluptatum accusantium.\"},{\"img\":\"galleries\\/5.jpg\",\"description\":\"Repellendus recusandae at blanditiis. Ab earum ipsa illo voluptatem qui et quae. Minus adipisci labore magnam quod voluptatem.\"},{\"img\":\"galleries\\/6.jpg\",\"description\":\"Atque beatae quo adipisci. Et nemo quia provident temporibus voluptas expedita. Ullam quo libero maxime perferendis corrupti assumenda rerum.\"},{\"img\":\"galleries\\/7.jpg\",\"description\":\"Libero sint et est molestiae deserunt. Vel asperiores eaque illo nam. Natus eos veniam voluptatem fugiat autem numquam et qui.\"},{\"img\":\"galleries\\/8.jpg\",\"description\":\"Debitis aut dignissimos illo doloribus iste. Dolorem nam recusandae est reiciendis.\"},{\"img\":\"galleries\\/9.jpg\",\"description\":\"Quam optio velit est dolorem consectetur recusandae. Et non esse voluptatem quaerat nihil molestiae est.\"}]',5,'Botble\\Gallery\\Models\\Gallery','2021-04-11 07:21:16','2021-04-11 07:21:16'),(6,'[{\"img\":\"galleries\\/1.jpg\",\"description\":\"Incidunt non incidunt soluta et reprehenderit cum. Harum sapiente qui id cumque amet fuga eius. Nihil eum modi enim vero.\"},{\"img\":\"galleries\\/2.jpg\",\"description\":\"Id ipsum sit officia similique quam modi. Occaecati aut ullam rerum omnis. Et commodi quos aut sequi.\"},{\"img\":\"galleries\\/3.jpg\",\"description\":\"Debitis quasi rerum ut dolorem vel omnis. Ab enim cumque aut nihil perspiciatis.\"},{\"img\":\"galleries\\/4.jpg\",\"description\":\"Veniam fuga qui dolor facere odit autem et. Sint voluptatum harum dignissimos quidem. Natus iste ullam accusamus inventore voluptatum accusantium.\"},{\"img\":\"galleries\\/5.jpg\",\"description\":\"Repellendus recusandae at blanditiis. Ab earum ipsa illo voluptatem qui et quae. Minus adipisci labore magnam quod voluptatem.\"},{\"img\":\"galleries\\/6.jpg\",\"description\":\"Atque beatae quo adipisci. Et nemo quia provident temporibus voluptas expedita. Ullam quo libero maxime perferendis corrupti assumenda rerum.\"},{\"img\":\"galleries\\/7.jpg\",\"description\":\"Libero sint et est molestiae deserunt. Vel asperiores eaque illo nam. Natus eos veniam voluptatem fugiat autem numquam et qui.\"},{\"img\":\"galleries\\/8.jpg\",\"description\":\"Debitis aut dignissimos illo doloribus iste. Dolorem nam recusandae est reiciendis.\"},{\"img\":\"galleries\\/9.jpg\",\"description\":\"Quam optio velit est dolorem consectetur recusandae. Et non esse voluptatem quaerat nihil molestiae est.\"}]',6,'Botble\\Gallery\\Models\\Gallery','2021-04-11 07:21:16','2021-04-11 07:21:16');
/*!40000 ALTER TABLE `gallery_meta` ENABLE KEYS */;
UNLOCK TABLES;

--
-- Table structure for table `jobs`
--

DROP TABLE IF EXISTS `jobs`;
/*!40101 SET @saved_cs_client     = @@character_set_client */;
/*!40101 SET character_set_client = utf8 */;
CREATE TABLE `jobs` (
  `id` bigint(20) unsigned NOT NULL AUTO_INCREMENT,
  `queue` varchar(191) COLLATE utf8mb4_unicode_ci NOT NULL,
  `payload` longtext COLLATE utf8mb4_unicode_ci NOT NULL,
  `attempts` tinyint(3) unsigned NOT NULL,
  `reserved_at` int(10) unsigned DEFAULT NULL,
  `available_at` int(10) unsigned NOT NULL,
  `created_at` int(10) unsigned NOT NULL,
  PRIMARY KEY (`id`),
  KEY `jobs_queue_index` (`queue`)
) ENGINE=InnoDB DEFAULT CHARSET=utf8mb4 COLLATE=utf8mb4_unicode_ci;
/*!40101 SET character_set_client = @saved_cs_client */;

--
-- Dumping data for table `jobs`
--

LOCK TABLES `jobs` WRITE;
/*!40000 ALTER TABLE `jobs` DISABLE KEYS */;
/*!40000 ALTER TABLE `jobs` ENABLE KEYS */;
UNLOCK TABLES;

--
-- Table structure for table `media_files`
--

DROP TABLE IF EXISTS `media_files`;
/*!40101 SET @saved_cs_client     = @@character_set_client */;
/*!40101 SET character_set_client = utf8 */;
CREATE TABLE `media_files` (
  `id` bigint(20) unsigned NOT NULL AUTO_INCREMENT,
  `user_id` int(10) unsigned NOT NULL,
  `name` varchar(255) COLLATE utf8mb4_unicode_ci NOT NULL,
  `folder_id` int(10) unsigned NOT NULL DEFAULT '0',
  `mime_type` varchar(120) COLLATE utf8mb4_unicode_ci NOT NULL,
  `size` int(11) NOT NULL,
  `url` varchar(255) COLLATE utf8mb4_unicode_ci NOT NULL,
  `options` text COLLATE utf8mb4_unicode_ci,
  `created_at` timestamp NULL DEFAULT NULL,
  `updated_at` timestamp NULL DEFAULT NULL,
  `deleted_at` timestamp NULL DEFAULT NULL,
  PRIMARY KEY (`id`),
  KEY `media_files_user_id_index` (`user_id`)
) ENGINE=InnoDB AUTO_INCREMENT=305 DEFAULT CHARSET=utf8mb4 COLLATE=utf8mb4_unicode_ci;
/*!40101 SET character_set_client = @saved_cs_client */;

--
-- Dumping data for table `media_files`
--

LOCK TABLES `media_files` WRITE;
/*!40000 ALTER TABLE `media_files` DISABLE KEYS */;
INSERT INTO `media_files` VALUES (229,0,'1',28,'image/png',3509,'brands/1.png','[]','2021-04-11 07:20:39','2021-04-11 07:20:39',NULL),(230,0,'2',28,'image/png',3505,'brands/2.png','[]','2021-04-11 07:20:39','2021-04-11 07:20:39',NULL),(231,0,'3',28,'image/png',2585,'brands/3.png','[]','2021-04-11 07:20:39','2021-04-11 07:20:39',NULL),(232,0,'4',28,'image/png',6427,'brands/4.png','[]','2021-04-11 07:20:39','2021-04-11 07:20:39',NULL),(233,0,'5',28,'image/png',3246,'brands/5.png','[]','2021-04-11 07:20:39','2021-04-11 07:20:39',NULL),(234,0,'6',28,'image/png',3276,'brands/6.png','[]','2021-04-11 07:20:40','2021-04-11 07:20:40',NULL),(235,0,'7',28,'image/png',3120,'brands/7.png','[]','2021-04-11 07:20:40','2021-04-11 07:20:40',NULL),(236,0,'1',29,'image/png',24529,'product-categories/1.png','[]','2021-04-11 07:20:40','2021-04-11 07:20:40',NULL),(237,0,'2',29,'image/png',22406,'product-categories/2.png','[]','2021-04-11 07:20:40','2021-04-11 07:20:40',NULL),(238,0,'3',29,'image/png',23795,'product-categories/3.png','[]','2021-04-11 07:20:40','2021-04-11 07:20:40',NULL),(239,0,'4',29,'image/png',29386,'product-categories/4.png','[]','2021-04-11 07:20:41','2021-04-11 07:20:41',NULL),(240,0,'5',29,'image/png',28764,'product-categories/5.png','[]','2021-04-11 07:20:41','2021-04-11 07:20:41',NULL),(241,0,'6',29,'image/png',21674,'product-categories/6.png','[]','2021-04-11 07:20:41','2021-04-11 07:20:41',NULL),(242,0,'7',29,'image/png',26121,'product-categories/7.png','[]','2021-04-11 07:20:41','2021-04-11 07:20:41',NULL),(243,0,'1',30,'image/jpeg',134711,'product-collections/1.jpg','[]','2021-04-11 07:20:42','2021-04-11 07:20:42',NULL),(244,0,'2',30,'image/jpeg',9190,'product-collections/2.jpg','[]','2021-04-11 07:20:42','2021-04-11 07:20:42',NULL),(245,0,'3',30,'image/jpeg',67348,'product-collections/3.jpg','[]','2021-04-11 07:20:42','2021-04-11 07:20:42',NULL),(246,0,'4',30,'image/jpeg',21888,'product-collections/4.jpg','[]','2021-04-11 07:20:42','2021-04-11 07:20:42',NULL),(247,0,'1-a',31,'image/jpeg',40289,'products/1-a.jpg','[]','2021-04-11 07:20:43','2021-04-11 07:20:43',NULL),(248,0,'1-b',31,'image/jpeg',35414,'products/1-b.jpg','[]','2021-04-11 07:20:43','2021-04-11 07:20:43',NULL),(249,0,'10-a',31,'image/jpeg',115491,'products/10-a.jpg','[]','2021-04-11 07:20:44','2021-04-11 07:20:44',NULL),(250,0,'10-b',31,'image/jpeg',125726,'products/10-b.jpg','[]','2021-04-11 07:20:44','2021-04-11 07:20:44',NULL),(251,0,'10-c',31,'image/jpeg',217925,'products/10-c.jpg','[]','2021-04-11 07:20:44','2021-04-11 07:20:44',NULL),(252,0,'11-a',31,'image/jpeg',98441,'products/11-a.jpg','[]','2021-04-11 07:20:45','2021-04-11 07:20:45',NULL),(253,0,'2-a',31,'image/jpeg',58637,'products/2-a.jpg','[]','2021-04-11 07:20:45','2021-04-11 07:20:45',NULL),(254,0,'2-b',31,'image/jpeg',68052,'products/2-b.jpg','[]','2021-04-11 07:20:46','2021-04-11 07:20:46',NULL),(255,0,'2-c',31,'image/jpeg',61214,'products/2-c.jpg','[]','2021-04-11 07:20:46','2021-04-11 07:20:46',NULL),(256,0,'2-d',31,'image/jpeg',69617,'products/2-d.jpg','[]','2021-04-11 07:20:47','2021-04-11 07:20:47',NULL),(257,0,'3-a',31,'image/jpeg',76513,'products/3-a.jpg','[]','2021-04-11 07:20:48','2021-04-11 07:20:48',NULL),(258,0,'3-b',31,'image/jpeg',56238,'products/3-b.jpg','[]','2021-04-11 07:20:50','2021-04-11 07:20:50',NULL),(259,0,'3-c',31,'image/jpeg',72882,'products/3-c.jpg','[]','2021-04-11 07:20:51','2021-04-11 07:20:51',NULL),(260,0,'3-d',31,'image/jpeg',62320,'products/3-d.jpg','[]','2021-04-11 07:20:51','2021-04-11 07:20:51',NULL),(261,0,'4-a',31,'image/jpeg',109441,'products/4-a.jpg','[]','2021-04-11 07:20:52','2021-04-11 07:20:52',NULL),(262,0,'4-b',31,'image/jpeg',74366,'products/4-b.jpg','[]','2021-04-11 07:20:53','2021-04-11 07:20:53',NULL),(263,0,'4-c',31,'image/jpeg',98336,'products/4-c.jpg','[]','2021-04-11 07:20:54','2021-04-11 07:20:54',NULL),(264,0,'5-a',31,'image/jpeg',114530,'products/5-a.jpg','[]','2021-04-11 07:20:55','2021-04-11 07:20:55',NULL),(265,0,'5-b',31,'image/jpeg',136199,'products/5-b.jpg','[]','2021-04-11 07:20:56','2021-04-11 07:20:56',NULL),(266,0,'5-c',31,'image/jpeg',47358,'products/5-c.jpg','[]','2021-04-11 07:20:57','2021-04-11 07:20:57',NULL),(267,0,'6-a',31,'image/jpeg',31263,'products/6-a.jpg','[]','2021-04-11 07:20:58','2021-04-11 07:20:58',NULL),(268,0,'6-b',31,'image/jpeg',31704,'products/6-b.jpg','[]','2021-04-11 07:20:58','2021-04-11 07:20:58',NULL),(269,0,'7-a',31,'image/jpeg',161543,'products/7-a.jpg','[]','2021-04-11 07:20:59','2021-04-11 07:20:59',NULL),(270,0,'7-b',31,'image/jpeg',161029,'products/7-b.jpg','[]','2021-04-11 07:20:59','2021-04-11 07:20:59',NULL),(271,0,'7-c',31,'image/jpeg',121927,'products/7-c.jpg','[]','2021-04-11 07:20:59','2021-04-11 07:20:59',NULL),(272,0,'8-a',31,'image/jpeg',191505,'products/8-a.jpg','[]','2021-04-11 07:21:00','2021-04-11 07:21:00',NULL),(273,0,'9-a',31,'image/jpeg',104416,'products/9-a.jpg','[]','2021-04-11 07:21:00','2021-04-11 07:21:00',NULL),(274,0,'1',32,'image/jpeg',11752,'customers/1.jpg','[]','2021-04-11 07:21:01','2021-04-11 07:21:01',NULL),(275,0,'10',32,'image/jpeg',27814,'customers/10.jpg','[]','2021-04-11 07:21:01','2021-04-11 07:21:01',NULL),(276,0,'2',32,'image/jpeg',19005,'customers/2.jpg','[]','2021-04-11 07:21:01','2021-04-11 07:21:01',NULL),(277,0,'3',32,'image/jpeg',20400,'customers/3.jpg','[]','2021-04-11 07:21:02','2021-04-11 07:21:02',NULL),(278,0,'4',32,'image/jpeg',26819,'customers/4.jpg','[]','2021-04-11 07:21:02','2021-04-11 07:21:02',NULL),(279,0,'5',32,'image/jpeg',14367,'customers/5.jpg','[]','2021-04-11 07:21:02','2021-04-11 07:21:02',NULL),(280,0,'6',32,'image/jpeg',12367,'customers/6.jpg','[]','2021-04-11 07:21:02','2021-04-11 07:21:02',NULL),(281,0,'7',32,'image/jpeg',20652,'customers/7.jpg','[]','2021-04-11 07:21:02','2021-04-11 07:21:02',NULL),(282,0,'8',32,'image/jpeg',21164,'customers/8.jpg','[]','2021-04-11 07:21:02','2021-04-11 07:21:02',NULL),(283,0,'9',32,'image/jpeg',6084,'customers/9.jpg','[]','2021-04-11 07:21:02','2021-04-11 07:21:02',NULL),(284,0,'1',33,'image/jpeg',709173,'sliders/1.jpg','[]','2021-04-11 07:21:06','2021-04-11 07:21:06',NULL),(285,0,'2',33,'image/jpeg',1019757,'sliders/2.jpg','[]','2021-04-11 07:21:07','2021-04-11 07:21:07',NULL),(286,0,'3',33,'image/jpeg',435599,'sliders/3.jpg','[]','2021-04-11 07:21:08','2021-04-11 07:21:08',NULL),(287,0,'1',34,'image/jpeg',82629,'news/1.jpg','[]','2021-04-11 07:21:08','2021-04-11 07:21:08',NULL),(288,0,'2',34,'image/jpeg',119904,'news/2.jpg','[]','2021-04-11 07:21:09','2021-04-11 07:21:09',NULL),(289,0,'3',34,'image/jpeg',89543,'news/3.jpg','[]','2021-04-11 07:21:09','2021-04-11 07:21:09',NULL),(290,0,'4',34,'image/jpeg',51573,'news/4.jpg','[]','2021-04-11 07:21:09','2021-04-11 07:21:09',NULL),(291,0,'5',34,'image/jpeg',41164,'news/5.jpg','[]','2021-04-11 07:21:09','2021-04-11 07:21:09',NULL),(292,0,'6',34,'image/jpeg',80696,'news/6.jpg','[]','2021-04-11 07:21:09','2021-04-11 07:21:09',NULL),(293,0,'favicon',35,'image/png',14500,'general/favicon.png','[]','2021-04-11 07:21:10','2021-04-11 07:21:10',NULL),(294,0,'logo',35,'image/png',333780,'general/logo.png','[]','2021-04-11 07:21:10','2021-04-11 07:21:10',NULL),(295,0,'open-graph-image',35,'image/png',580691,'general/open-graph-image.png','[]','2021-04-11 07:21:13','2021-04-11 07:21:13',NULL),(296,0,'1',36,'image/jpeg',21423,'galleries/1.jpg','[]','2021-04-11 07:21:14','2021-04-11 07:21:14',NULL),(297,0,'2',36,'image/jpeg',19653,'galleries/2.jpg','[]','2021-04-11 07:21:14','2021-04-11 07:21:14',NULL),(298,0,'3',36,'image/jpeg',23552,'galleries/3.jpg','[]','2021-04-11 07:21:14','2021-04-11 07:21:14',NULL),(299,0,'4',36,'image/jpeg',23963,'galleries/4.jpg','[]','2021-04-11 07:21:15','2021-04-11 07:21:15',NULL),(300,0,'5',36,'image/jpeg',18512,'galleries/5.jpg','[]','2021-04-11 07:21:15','2021-04-11 07:21:15',NULL),(301,0,'6',36,'image/jpeg',24905,'galleries/6.jpg','[]','2021-04-11 07:21:15','2021-04-11 07:21:15',NULL),(302,0,'7',36,'image/jpeg',24935,'galleries/7.jpg','[]','2021-04-11 07:21:15','2021-04-11 07:21:15',NULL),(303,0,'8',36,'image/jpeg',21362,'galleries/8.jpg','[]','2021-04-11 07:21:15','2021-04-11 07:21:15',NULL),(304,0,'9',36,'image/jpeg',22307,'galleries/9.jpg','[]','2021-04-11 07:21:16','2021-04-11 07:21:16',NULL);
/*!40000 ALTER TABLE `media_files` ENABLE KEYS */;
UNLOCK TABLES;

--
-- Table structure for table `media_folders`
--

DROP TABLE IF EXISTS `media_folders`;
/*!40101 SET @saved_cs_client     = @@character_set_client */;
/*!40101 SET character_set_client = utf8 */;
CREATE TABLE `media_folders` (
  `id` bigint(20) unsigned NOT NULL AUTO_INCREMENT,
  `user_id` int(10) unsigned NOT NULL,
  `name` varchar(191) COLLATE utf8mb4_unicode_ci DEFAULT NULL,
  `slug` varchar(191) COLLATE utf8mb4_unicode_ci DEFAULT NULL,
  `parent_id` int(11) NOT NULL DEFAULT '0',
  `created_at` timestamp NULL DEFAULT NULL,
  `updated_at` timestamp NULL DEFAULT NULL,
  `deleted_at` timestamp NULL DEFAULT NULL,
  PRIMARY KEY (`id`),
  KEY `media_folders_user_id_index` (`user_id`)
) ENGINE=InnoDB AUTO_INCREMENT=37 DEFAULT CHARSET=utf8mb4 COLLATE=utf8mb4_unicode_ci;
/*!40101 SET character_set_client = @saved_cs_client */;

--
-- Dumping data for table `media_folders`
--

LOCK TABLES `media_folders` WRITE;
/*!40000 ALTER TABLE `media_folders` DISABLE KEYS */;
INSERT INTO `media_folders` VALUES (28,0,'brands','brands',0,'2021-04-11 07:20:39','2021-04-11 07:20:39',NULL),(29,0,'product-categories','product-categories',0,'2021-04-11 07:20:40','2021-04-11 07:20:40',NULL),(30,0,'product-collections','product-collections',0,'2021-04-11 07:20:42','2021-04-11 07:20:42',NULL),(31,0,'products','products',0,'2021-04-11 07:20:43','2021-04-11 07:20:43',NULL),(32,0,'customers','customers',0,'2021-04-11 07:21:01','2021-04-11 07:21:01',NULL),(33,0,'sliders','sliders',0,'2021-04-11 07:21:06','2021-04-11 07:21:06',NULL),(34,0,'news','news',0,'2021-04-11 07:21:08','2021-04-11 07:21:08',NULL),(35,0,'general','general',0,'2021-04-11 07:21:10','2021-04-11 07:21:10',NULL),(36,0,'galleries','galleries',0,'2021-04-11 07:21:14','2021-04-11 07:21:14',NULL);
/*!40000 ALTER TABLE `media_folders` ENABLE KEYS */;
UNLOCK TABLES;

--
-- Table structure for table `media_settings`
--

DROP TABLE IF EXISTS `media_settings`;
/*!40101 SET @saved_cs_client     = @@character_set_client */;
/*!40101 SET character_set_client = utf8 */;
CREATE TABLE `media_settings` (
  `id` bigint(20) unsigned NOT NULL AUTO_INCREMENT,
  `key` varchar(120) COLLATE utf8mb4_unicode_ci NOT NULL,
  `value` text COLLATE utf8mb4_unicode_ci,
  `media_id` int(11) DEFAULT NULL,
  `user_id` int(11) DEFAULT NULL,
  `created_at` timestamp NULL DEFAULT NULL,
  `updated_at` timestamp NULL DEFAULT NULL,
  PRIMARY KEY (`id`)
) ENGINE=InnoDB DEFAULT CHARSET=utf8mb4 COLLATE=utf8mb4_unicode_ci;
/*!40101 SET character_set_client = @saved_cs_client */;

--
-- Dumping data for table `media_settings`
--

LOCK TABLES `media_settings` WRITE;
/*!40000 ALTER TABLE `media_settings` DISABLE KEYS */;
/*!40000 ALTER TABLE `media_settings` ENABLE KEYS */;
UNLOCK TABLES;

--
-- Table structure for table `menu_locations`
--

DROP TABLE IF EXISTS `menu_locations`;
/*!40101 SET @saved_cs_client     = @@character_set_client */;
/*!40101 SET character_set_client = utf8 */;
CREATE TABLE `menu_locations` (
  `id` bigint(20) unsigned NOT NULL AUTO_INCREMENT,
  `menu_id` int(10) unsigned NOT NULL,
  `location` varchar(120) COLLATE utf8mb4_unicode_ci NOT NULL,
  `created_at` timestamp NULL DEFAULT NULL,
  `updated_at` timestamp NULL DEFAULT NULL,
  PRIMARY KEY (`id`)
) ENGINE=InnoDB AUTO_INCREMENT=2 DEFAULT CHARSET=utf8mb4 COLLATE=utf8mb4_unicode_ci;
/*!40101 SET character_set_client = @saved_cs_client */;

--
-- Dumping data for table `menu_locations`
--

LOCK TABLES `menu_locations` WRITE;
/*!40000 ALTER TABLE `menu_locations` DISABLE KEYS */;
INSERT INTO `menu_locations` VALUES (1,1,'main-menu','2021-04-11 07:21:10','2021-04-11 07:21:10');
/*!40000 ALTER TABLE `menu_locations` ENABLE KEYS */;
UNLOCK TABLES;

--
-- Table structure for table `menu_nodes`
--

DROP TABLE IF EXISTS `menu_nodes`;
/*!40101 SET @saved_cs_client     = @@character_set_client */;
/*!40101 SET character_set_client = utf8 */;
CREATE TABLE `menu_nodes` (
  `id` bigint(20) unsigned NOT NULL AUTO_INCREMENT,
  `menu_id` int(10) unsigned NOT NULL,
  `parent_id` int(10) unsigned NOT NULL DEFAULT '0',
  `reference_id` int(10) unsigned DEFAULT NULL,
  `reference_type` varchar(255) COLLATE utf8mb4_unicode_ci DEFAULT NULL,
  `url` varchar(120) COLLATE utf8mb4_unicode_ci DEFAULT NULL,
  `icon_font` varchar(50) COLLATE utf8mb4_unicode_ci DEFAULT NULL,
  `position` tinyint(3) unsigned NOT NULL DEFAULT '0',
  `title` varchar(120) COLLATE utf8mb4_unicode_ci DEFAULT NULL,
  `css_class` varchar(120) COLLATE utf8mb4_unicode_ci DEFAULT NULL,
  `target` varchar(20) COLLATE utf8mb4_unicode_ci NOT NULL DEFAULT '_self',
  `has_child` tinyint(3) unsigned NOT NULL DEFAULT '0',
  `created_at` timestamp NULL DEFAULT NULL,
  `updated_at` timestamp NULL DEFAULT NULL,
  PRIMARY KEY (`id`),
  KEY `menu_nodes_menu_id_index` (`menu_id`),
  KEY `menu_nodes_parent_id_index` (`parent_id`)
) ENGINE=InnoDB AUTO_INCREMENT=13 DEFAULT CHARSET=utf8mb4 COLLATE=utf8mb4_unicode_ci;
/*!40101 SET character_set_client = @saved_cs_client */;

--
-- Dumping data for table `menu_nodes`
--

LOCK TABLES `menu_nodes` WRITE;
/*!40000 ALTER TABLE `menu_nodes` DISABLE KEYS */;
INSERT INTO `menu_nodes` VALUES (1,1,0,NULL,NULL,'/',NULL,0,'Home',NULL,'_self',0,'2021-04-11 07:21:10','2021-04-11 07:21:10'),(2,1,0,NULL,NULL,'/products',NULL,0,'Products',NULL,'_self',1,'2021-04-11 07:21:10','2021-04-11 07:21:10'),(3,1,2,1,'Botble\\Ecommerce\\Models\\ProductCategory','/product-categories/woman-wallet',NULL,0,'Woman wallet',NULL,'_self',0,'2021-04-11 07:21:10','2021-04-11 07:21:10'),(4,1,2,2,'Botble\\Ecommerce\\Models\\ProductCategory','/product-categories/office-bags',NULL,1,'Office bags',NULL,'_self',0,'2021-04-11 07:21:10','2021-04-11 07:21:10'),(5,1,2,3,'Botble\\Ecommerce\\Models\\ProductCategory','/product-categories/hand-bag',NULL,2,'Hand bag',NULL,'_self',0,'2021-04-11 07:21:10','2021-04-11 07:21:10'),(6,1,2,4,'Botble\\Ecommerce\\Models\\ProductCategory','/product-categories/backpack',NULL,3,'Backpack',NULL,'_self',0,'2021-04-11 07:21:10','2021-04-11 07:21:10'),(7,1,0,2,'Botble\\Page\\Models\\Page','/blog',NULL,0,'Blog',NULL,'_self',0,'2021-04-11 07:21:10','2021-04-11 07:21:10'),(8,1,0,3,'Botble\\Page\\Models\\Page','/contact',NULL,0,'Contact',NULL,'_self',0,'2021-04-11 07:21:10','2021-04-11 07:21:10'),(9,2,0,NULL,NULL,'/login',NULL,0,'Login',NULL,'_self',0,'2021-04-11 07:21:10','2021-04-11 07:21:10'),(10,2,0,NULL,NULL,'/register',NULL,0,'Register',NULL,'_self',0,'2021-04-11 07:21:10','2021-04-11 07:21:10'),(11,2,0,2,'Botble\\Page\\Models\\Page','/blog',NULL,0,'Blog',NULL,'_self',0,'2021-04-11 07:21:10','2021-04-11 07:21:10'),(12,2,0,3,'Botble\\Page\\Models\\Page','/contact',NULL,0,'Contact',NULL,'_self',0,'2021-04-11 07:21:10','2021-04-11 07:21:10');
/*!40000 ALTER TABLE `menu_nodes` ENABLE KEYS */;
UNLOCK TABLES;

--
-- Table structure for table `menus`
--

DROP TABLE IF EXISTS `menus`;
/*!40101 SET @saved_cs_client     = @@character_set_client */;
/*!40101 SET character_set_client = utf8 */;
CREATE TABLE `menus` (
  `id` bigint(20) unsigned NOT NULL AUTO_INCREMENT,
  `name` varchar(120) COLLATE utf8mb4_unicode_ci NOT NULL,
  `slug` varchar(120) COLLATE utf8mb4_unicode_ci DEFAULT NULL,
  `status` varchar(60) COLLATE utf8mb4_unicode_ci NOT NULL DEFAULT 'published',
  `created_at` timestamp NULL DEFAULT NULL,
  `updated_at` timestamp NULL DEFAULT NULL,
  PRIMARY KEY (`id`),
  UNIQUE KEY `menus_slug_unique` (`slug`)
) ENGINE=InnoDB AUTO_INCREMENT=3 DEFAULT CHARSET=utf8mb4 COLLATE=utf8mb4_unicode_ci;
/*!40101 SET character_set_client = @saved_cs_client */;

--
-- Dumping data for table `menus`
--

LOCK TABLES `menus` WRITE;
/*!40000 ALTER TABLE `menus` DISABLE KEYS */;
INSERT INTO `menus` VALUES (1,'Main menu','main-menu','published','2021-04-11 07:21:10','2021-04-11 07:21:10'),(2,'Customer services','customer-services','published','2021-04-11 07:21:10','2021-04-11 07:21:10');
/*!40000 ALTER TABLE `menus` ENABLE KEYS */;
UNLOCK TABLES;

--
-- Table structure for table `meta_boxes`
--

DROP TABLE IF EXISTS `meta_boxes`;
/*!40101 SET @saved_cs_client     = @@character_set_client */;
/*!40101 SET character_set_client = utf8 */;
CREATE TABLE `meta_boxes` (
  `id` bigint(20) unsigned NOT NULL AUTO_INCREMENT,
  `meta_key` varchar(255) COLLATE utf8mb4_unicode_ci NOT NULL,
  `meta_value` text COLLATE utf8mb4_unicode_ci,
  `reference_id` int(10) unsigned NOT NULL,
  `reference_type` varchar(120) COLLATE utf8mb4_unicode_ci NOT NULL,
  `created_at` timestamp NULL DEFAULT NULL,
  `updated_at` timestamp NULL DEFAULT NULL,
  PRIMARY KEY (`id`),
  KEY `meta_boxes_reference_id_index` (`reference_id`)
) ENGINE=InnoDB DEFAULT CHARSET=utf8mb4 COLLATE=utf8mb4_unicode_ci;
/*!40101 SET character_set_client = @saved_cs_client */;

--
-- Dumping data for table `meta_boxes`
--

LOCK TABLES `meta_boxes` WRITE;
/*!40000 ALTER TABLE `meta_boxes` DISABLE KEYS */;
/*!40000 ALTER TABLE `meta_boxes` ENABLE KEYS */;
UNLOCK TABLES;

--
-- Table structure for table `migrations`
--

DROP TABLE IF EXISTS `migrations`;
/*!40101 SET @saved_cs_client     = @@character_set_client */;
/*!40101 SET character_set_client = utf8 */;
CREATE TABLE `migrations` (
  `id` int(10) unsigned NOT NULL AUTO_INCREMENT,
  `migration` varchar(191) COLLATE utf8mb4_unicode_ci NOT NULL,
  `batch` int(11) NOT NULL,
  PRIMARY KEY (`id`)
) ENGINE=InnoDB AUTO_INCREMENT=40 DEFAULT CHARSET=utf8mb4 COLLATE=utf8mb4_unicode_ci;
/*!40101 SET character_set_client = @saved_cs_client */;

--
-- Dumping data for table `migrations`
--

LOCK TABLES `migrations` WRITE;
/*!40000 ALTER TABLE `migrations` DISABLE KEYS */;
INSERT INTO `migrations` VALUES (1,'2013_04_09_032329_create_base_tables',1),(2,'2013_04_09_062329_create_revisions_table',1),(3,'2014_10_12_000000_create_users_table',1),(4,'2014_10_12_100000_create_password_resets_table',1),(5,'2015_06_18_033822_create_blog_table',1),(6,'2015_06_29_025744_create_audit_history',1),(7,'2016_06_10_230148_create_acl_tables',1),(8,'2016_06_14_230857_create_menus_table',1),(9,'2016_06_17_091537_create_contacts_table',1),(10,'2016_06_28_221418_create_pages_table',1),(11,'2016_10_05_074239_create_setting_table',1),(12,'2016_10_07_193005_create_translations_table',1),(13,'2016_11_28_032840_create_dashboard_widget_tables',1),(14,'2016_12_16_084601_create_widgets_table',1),(15,'2017_05_09_070343_create_media_tables',1),(16,'2017_05_18_080441_create_payment_tables',1),(17,'2017_07_11_140018_create_simple_slider_table',1),(18,'2017_10_24_154832_create_newsletter_table',1),(19,'2017_11_03_070450_create_slug_table',1),(20,'2019_01_05_053554_create_jobs_table',1),(21,'2019_08_19_000000_create_failed_jobs_table',1),(22,'2020_03_05_041139_create_ecommerce_tables',1),(23,'2020_09_22_135635_update_taxes_table',1),(24,'2020_09_29_101006_add_views_into_ec_products_table',1),(25,'2020_10_01_152311_make_column_image_in_product_attributes_table_nullable',1),(26,'2020_10_06_073439_improve_ecommerce_database',1),(27,'2020_11_01_040415_update_table_ec_order_addresses',1),(28,'2020_11_04_091510_make_column_phone_in_order_addresses_nullable',1),(29,'2020_11_30_015801_update_table_ec_product_categories',1),(30,'2021_01_01_044147_ecommerce_create_flash_sale_table',1),(31,'2021_01_17_082713_add_column_is_featured_to_product_collections_table',1),(32,'2021_01_18_024333_add_zip_code_into_table_customer_addresses',1),(33,'2021_02_16_092633_remove_default_value_for_author_type',1),(34,'2021_02_18_073505_update_table_ec_reviews',1),(35,'2021_03_10_024419_add_column_confirmed_at_to_table_ec_customers',1),(36,'2021_03_10_025153_change_column_tax_amount',1),(37,'2021_03_20_033103_add_column_availability_to_table_ec_products',1),(38,'2021_03_27_144913_add_customer_type_into_table_payments',1),(39,'2016_10_13_150201_create_galleries_table',2);
/*!40000 ALTER TABLE `migrations` ENABLE KEYS */;
UNLOCK TABLES;

--
-- Table structure for table `newsletters`
--

DROP TABLE IF EXISTS `newsletters`;
/*!40101 SET @saved_cs_client     = @@character_set_client */;
/*!40101 SET character_set_client = utf8 */;
CREATE TABLE `newsletters` (
  `id` bigint(20) unsigned NOT NULL AUTO_INCREMENT,
  `email` varchar(120) COLLATE utf8mb4_unicode_ci NOT NULL,
  `name` varchar(120) COLLATE utf8mb4_unicode_ci DEFAULT NULL,
  `status` varchar(60) COLLATE utf8mb4_unicode_ci NOT NULL DEFAULT 'subscribed',
  `created_at` timestamp NULL DEFAULT NULL,
  `updated_at` timestamp NULL DEFAULT NULL,
  PRIMARY KEY (`id`)
) ENGINE=InnoDB DEFAULT CHARSET=utf8mb4 COLLATE=utf8mb4_unicode_ci;
/*!40101 SET character_set_client = @saved_cs_client */;

--
-- Dumping data for table `newsletters`
--

LOCK TABLES `newsletters` WRITE;
/*!40000 ALTER TABLE `newsletters` DISABLE KEYS */;
/*!40000 ALTER TABLE `newsletters` ENABLE KEYS */;
UNLOCK TABLES;

--
-- Table structure for table `pages`
--

DROP TABLE IF EXISTS `pages`;
/*!40101 SET @saved_cs_client     = @@character_set_client */;
/*!40101 SET character_set_client = utf8 */;
CREATE TABLE `pages` (
  `id` bigint(20) unsigned NOT NULL AUTO_INCREMENT,
  `name` varchar(120) COLLATE utf8mb4_unicode_ci NOT NULL,
  `content` longtext COLLATE utf8mb4_unicode_ci,
  `user_id` int(11) NOT NULL,
  `image` varchar(255) COLLATE utf8mb4_unicode_ci DEFAULT NULL,
  `template` varchar(60) COLLATE utf8mb4_unicode_ci DEFAULT NULL,
  `is_featured` tinyint(4) NOT NULL DEFAULT '0',
  `description` varchar(400) COLLATE utf8mb4_unicode_ci DEFAULT NULL,
  `status` varchar(60) COLLATE utf8mb4_unicode_ci NOT NULL DEFAULT 'published',
  `created_at` timestamp NULL DEFAULT NULL,
  `updated_at` timestamp NULL DEFAULT NULL,
  PRIMARY KEY (`id`)
) ENGINE=InnoDB AUTO_INCREMENT=5 DEFAULT CHARSET=utf8mb4 COLLATE=utf8mb4_unicode_ci;
/*!40101 SET character_set_client = @saved_cs_client */;

--
-- Dumping data for table `pages`
--

LOCK TABLES `pages` WRITE;
/*!40000 ALTER TABLE `pages` DISABLE KEYS */;
INSERT INTO `pages` VALUES (1,'Homepage','<div>[simple-slider key=\"home-slider\"][/simple-slider]</div><div>[featured-product-categories title=\"Top Categories\" description=\"Lorem ipsum dolor sit amet, consectetur adipiscing elit. Phasellus blandit massa enim Nullam nunc varius.\"][/featured-product-categories]</div><div>[product-collections title=\"A change of Season\" description=\"Update your wardrobe with new seasonal trend\"][/product-collections]</div><div>[featured-products title=\"Our Picks For You\" description=\"Always find the best ways for you\" limit=\"8\"][/featured-products]</div><div>[trending-products title=\"Trending Products\" description=\"Products on trending\" limit=\"4\"][/trending-products]</div><div>[featured-brands title=\"Our Brands\"][/featured-brands]</div><div>[news title=\"Visit Our Blog\" description=\"Our Blog updated the newest trend of the world regularly\"][/news]</div><div>[theme-galleries title=\"@ OUR GALLERIES\" description=\"Our latest fashion galleries images\" limit=\"8\"][/theme-galleries]</div><div>[our-features items=\'{\"title\": \"FREE SHIPPING\", \"description\": \"Free shipping on all US order or order above $200\", \"icon\": \"feather icon icon-truck\"}; {\"title\": \"SUPPORT 24/7\", \"description\": \"Contact us 24 hours a day, 7 days a week\", \"icon\": \"feather icon icon-life-buoy\"};{\"title\": \"30 DAYS RETURN\", \"description\": \"Simply return it within 30 days for an exchange\", \"icon\": \"feather icon icon-refresh-ccw\"};{\"title\": \"100% PAYMENT SECURE\", \"description\": \"We ensure secure payment with PEV\", \"icon\": \"feather icon icon-shield\"}\'][/our-features]</div>',1,NULL,'homepage',0,NULL,'published','2021-04-11 07:21:10','2021-04-11 07:21:10'),(2,'Blog','<p style=\"text-align: center\">We always share fashion tips with the hope you guys will find the best style for yourself.<br />Besides, we update the fashion trend as soon as we can.<br />Enjoy your journey!</p>',1,NULL,'default',0,NULL,'published','2021-04-11 07:21:10','2021-04-11 07:21:10'),(3,'Contact','<p>[contact-form][/contact-form]</p>',1,NULL,'default',0,NULL,'published','2021-04-11 07:21:10','2021-04-11 07:21:10'),(4,'Cookie Policy','<h3>EU Cookie Consent</h3><p>To use this website we are using Cookies and collecting some data. To be compliant with the EU GDPR we give you to choose if you allow us to use certain Cookies and to collect some Data.</p><h4>Essential Data</h4><p>The Essential Data is needed to run the Site you are visiting technically. You can not deactivate them.</p><p>- Session Cookie: PHP uses a Cookie to identify user sessions. Without this Cookie the Website is not working.</p><p>- XSRF-Token Cookie: Laravel automatically generates a CSRF \"token\" for each active user session managed by the application. This token is used to verify that the authenticated user is the one actually making the requests to the application.</p>',1,NULL,'default',0,NULL,'published','2021-04-11 07:21:10','2021-04-11 07:21:10');
/*!40000 ALTER TABLE `pages` ENABLE KEYS */;
UNLOCK TABLES;

--
-- Table structure for table `password_resets`
--

DROP TABLE IF EXISTS `password_resets`;
/*!40101 SET @saved_cs_client     = @@character_set_client */;
/*!40101 SET character_set_client = utf8 */;
CREATE TABLE `password_resets` (
  `email` varchar(191) COLLATE utf8mb4_unicode_ci NOT NULL,
  `token` varchar(191) COLLATE utf8mb4_unicode_ci NOT NULL,
  `created_at` timestamp NULL DEFAULT NULL,
  KEY `password_resets_email_index` (`email`)
) ENGINE=InnoDB DEFAULT CHARSET=utf8mb4 COLLATE=utf8mb4_unicode_ci;
/*!40101 SET character_set_client = @saved_cs_client */;

--
-- Dumping data for table `password_resets`
--

LOCK TABLES `password_resets` WRITE;
/*!40000 ALTER TABLE `password_resets` DISABLE KEYS */;
/*!40000 ALTER TABLE `password_resets` ENABLE KEYS */;
UNLOCK TABLES;

--
-- Table structure for table `payments`
--

DROP TABLE IF EXISTS `payments`;
/*!40101 SET @saved_cs_client     = @@character_set_client */;
/*!40101 SET character_set_client = utf8 */;
CREATE TABLE `payments` (
  `id` bigint(20) unsigned NOT NULL AUTO_INCREMENT,
  `currency` varchar(120) COLLATE utf8mb4_unicode_ci NOT NULL,
  `user_id` int(10) unsigned NOT NULL DEFAULT '0',
  `charge_id` varchar(60) COLLATE utf8mb4_unicode_ci DEFAULT NULL,
  `payment_channel` varchar(60) COLLATE utf8mb4_unicode_ci DEFAULT NULL,
  `description` varchar(255) COLLATE utf8mb4_unicode_ci DEFAULT NULL,
  `amount` decimal(15,2) unsigned NOT NULL,
  `order_id` int(10) unsigned DEFAULT NULL,
  `status` varchar(60) COLLATE utf8mb4_unicode_ci DEFAULT 'pending',
  `payment_type` varchar(191) COLLATE utf8mb4_unicode_ci DEFAULT 'confirm',
  `customer_id` int(10) unsigned DEFAULT NULL,
  `refunded_amount` decimal(15,2) unsigned DEFAULT NULL,
  `refund_note` varchar(255) COLLATE utf8mb4_unicode_ci DEFAULT NULL,
  `created_at` timestamp NULL DEFAULT NULL,
  `updated_at` timestamp NULL DEFAULT NULL,
  `customer_type` varchar(255) COLLATE utf8mb4_unicode_ci DEFAULT NULL,
  PRIMARY KEY (`id`)
) ENGINE=InnoDB DEFAULT CHARSET=utf8mb4 COLLATE=utf8mb4_unicode_ci;
/*!40101 SET character_set_client = @saved_cs_client */;

--
-- Dumping data for table `payments`
--

LOCK TABLES `payments` WRITE;
/*!40000 ALTER TABLE `payments` DISABLE KEYS */;
/*!40000 ALTER TABLE `payments` ENABLE KEYS */;
UNLOCK TABLES;

--
-- Table structure for table `post_categories`
--

DROP TABLE IF EXISTS `post_categories`;
/*!40101 SET @saved_cs_client     = @@character_set_client */;
/*!40101 SET character_set_client = utf8 */;
CREATE TABLE `post_categories` (
  `id` bigint(20) unsigned NOT NULL AUTO_INCREMENT,
  `category_id` int(10) unsigned NOT NULL,
  `post_id` int(10) unsigned NOT NULL,
  PRIMARY KEY (`id`)
) ENGINE=InnoDB AUTO_INCREMENT=21 DEFAULT CHARSET=utf8mb4 COLLATE=utf8mb4_unicode_ci;
/*!40101 SET character_set_client = @saved_cs_client */;

--
-- Dumping data for table `post_categories`
--

LOCK TABLES `post_categories` WRITE;
/*!40000 ALTER TABLE `post_categories` DISABLE KEYS */;
INSERT INTO `post_categories` VALUES (12,2,1),(16,4,6),(17,2,2),(18,1,3),(19,1,4),(20,4,5);
/*!40000 ALTER TABLE `post_categories` ENABLE KEYS */;
UNLOCK TABLES;

--
-- Table structure for table `post_tags`
--

DROP TABLE IF EXISTS `post_tags`;
/*!40101 SET @saved_cs_client     = @@character_set_client */;
/*!40101 SET character_set_client = utf8 */;
CREATE TABLE `post_tags` (
  `id` bigint(20) unsigned NOT NULL AUTO_INCREMENT,
  `tag_id` int(10) unsigned NOT NULL,
  `post_id` int(10) unsigned NOT NULL,
  PRIMARY KEY (`id`)
) ENGINE=InnoDB AUTO_INCREMENT=31 DEFAULT CHARSET=utf8mb4 COLLATE=utf8mb4_unicode_ci;
/*!40101 SET character_set_client = @saved_cs_client */;

--
-- Dumping data for table `post_tags`
--

LOCK TABLES `post_tags` WRITE;
/*!40000 ALTER TABLE `post_tags` DISABLE KEYS */;
INSERT INTO `post_tags` VALUES (1,1,1),(2,2,1),(3,3,1),(4,4,1),(5,5,1),(6,1,2),(7,2,2),(8,3,2),(9,4,2),(10,5,2),(11,1,3),(12,2,3),(13,3,3),(14,4,3),(15,5,3),(16,1,4),(17,2,4),(18,3,4),(19,4,4),(20,5,4),(21,1,5),(22,2,5),(23,3,5),(24,4,5),(25,5,5),(26,1,6),(27,2,6),(28,3,6),(29,4,6),(30,5,6);
/*!40000 ALTER TABLE `post_tags` ENABLE KEYS */;
UNLOCK TABLES;

--
-- Table structure for table `posts`
--

DROP TABLE IF EXISTS `posts`;
/*!40101 SET @saved_cs_client     = @@character_set_client */;
/*!40101 SET character_set_client = utf8 */;
CREATE TABLE `posts` (
  `id` bigint(20) unsigned NOT NULL AUTO_INCREMENT,
  `name` varchar(255) COLLATE utf8mb4_unicode_ci NOT NULL,
  `description` varchar(400) COLLATE utf8mb4_unicode_ci DEFAULT NULL,
  `content` longtext COLLATE utf8mb4_unicode_ci,
  `status` varchar(60) COLLATE utf8mb4_unicode_ci NOT NULL DEFAULT 'published',
  `author_id` int(11) NOT NULL,
  `author_type` varchar(255) COLLATE utf8mb4_unicode_ci NOT NULL DEFAULT 'Botble\\ACL\\Models\\User',
  `is_featured` tinyint(3) unsigned NOT NULL DEFAULT '0',
  `image` varchar(255) COLLATE utf8mb4_unicode_ci DEFAULT NULL,
  `views` int(10) unsigned NOT NULL DEFAULT '0',
  `format_type` varchar(30) COLLATE utf8mb4_unicode_ci DEFAULT NULL,
  `created_at` timestamp NULL DEFAULT NULL,
  `updated_at` timestamp NULL DEFAULT NULL,
  PRIMARY KEY (`id`)
) ENGINE=InnoDB AUTO_INCREMENT=7 DEFAULT CHARSET=utf8mb4 COLLATE=utf8mb4_unicode_ci;
/*!40101 SET character_set_client = @saved_cs_client */;

--
-- Dumping data for table `posts`
--

LOCK TABLES `posts` WRITE;
/*!40000 ALTER TABLE `posts` DISABLE KEYS */;
INSERT INTO `posts` VALUES (1,'4 Expert Tips On How To Choose The Right Men’s Wallet','You should pay more attention when you choose your wallets. There are a lot of them on the market with the different designs and styles. When you choose carefully, you would be able to buy a wallet that is catered to your needs. Not to mention that it will help to enhance your style significantly.','<p>I have seen many people underestimating the power of their wallets. To them, they are just a functional item they use to carry. As a result, they often end up with the wallets which are not really suitable for them.</p>\n\n<p>You should pay more attention when you choose your wallets. There are a lot of them on the market with the different designs and styles. When you choose carefully, you would be able to buy a wallet that is catered to your needs. Not to mention that it will help to enhance your style significantly.</p>\n\n<p style=\"text-align:center\"><img alt=\"f4\" height=\"375\" src=\"/storage/news/1.jpg\" /></p>\n\n<p><br />\n&nbsp;</p>\n\n<p><strong><em>For all of the reason above, here are 7 expert tips to help you pick up the right men&rsquo;s wallet for you:</em></strong></p>\n\n<h4><strong>Number 1: Choose A Neat Wallet</strong></h4>\n\n<p>The wallet is an essential accessory that you should go simple. Simplicity is the best in this case. A simple and neat wallet with the plain color and even&nbsp;<strong>minimalist style</strong>&nbsp;is versatile. It can be used for both formal and casual events. In addition, that wallet will go well with most of the clothes in your wardrobe.</p>\n\n<p>Keep in mind that a wallet will tell other people about your personality and your fashion sense as much as other clothes you put on. Hence, don&rsquo;t go cheesy on your wallet or else people will think that you have a funny and particular style.</p>\n\n<p style=\"text-align:center\"><img alt=\"f5\" height=\"400\" src=\"/storage/news/2.jpg\" /></p>\n\n<p><br />\n&nbsp;</p>\n\n<hr />\n<h4><strong>Number 2: Choose The Right Size For Your Wallet</strong></h4>\n\n<p>You should avoid having an over-sized wallet. Don&rsquo;t think that you need to buy a big wallet because you have a lot to carry with you. In addition, a fat wallet is very ugly. It will make it harder for you to slide the wallet into your trousers&rsquo; pocket. In addition, it will create a bulge and ruin your look.</p>\n\n<p>Before you go on to buy a new wallet, clean out your wallet and place all of the items from your wallet on a table. Throw away things that you would never need any more such as the old bills or the expired gift cards. Remember to check your wallet on a frequent basis to get rid of all of the old stuff that you don&rsquo;t need anymore.</p>\n\n<p style=\"text-align:center\"><img alt=\"f1\" height=\"400\" src=\"/storage/news/3.jpg\" /></p>\n\n<p><br />\n&nbsp;</p>\n\n<hr />\n<h4><strong>Number 3: Don&rsquo;t Limit Your Options Of Materials</strong></h4>\n\n<p>The types and designs of wallets are not the only things that you should consider when you go out searching for your best wallet. You have more than 1 option of material rather than leather to choose from as well.</p>\n\n<p>You can experiment with other available options such as cotton, polyester and canvas. They all have their own pros and cons. As a result, they will be suitable for different needs and requirements. You should think about them all in order to choose the material which you would like the most.</p>\n\n<p style=\"text-align:center\"><img alt=\"f6\" height=\"375\" src=\"/storage/news/4.jpg\" /></p>\n\n<p><br />\n&nbsp;</p>\n\n<hr />\n<h4><strong>Number 4: Consider A Wallet As A Long Term Investment</strong></h4>\n\n<p>Your wallet is indeed an investment that you should consider spending a decent amount of time and effort on it. Another factor that you need to consider is how much you want to spend on your wallet. The price ranges of wallets on the market vary a great deal. You can find a wallet which is as cheap as about 5 to 7 dollars. On the other hand, you should expect to pay around 250 to 300 dollars for a high-quality wallet.</p>\n\n<p>In case you need a wallet to use for a long time, it is a good idea that you should invest a decent amount of money on a wallet. A high quality wallet from a reputational brand with the premium quality such as cowhide leather will last for a long time. In addition, it is an accessory to show off your fashion sense and your social status.</p>\n\n<p style=\"text-align:center\"><img alt=\"f2\" height=\"400\" src=\"/storage/news/5.jpg\" /></p>\n\n<p>&nbsp;</p>\n','published',1,'Botble\\ACL\\Models\\User',1,'news/1.jpg',1749,NULL,'2021-04-11 07:21:10','2021-04-11 07:21:10'),(2,'Sexy Clutches: How to Buy & Wear a Designer Clutch Bag','There isn’t much a girl can’t handle with the right accessories. That’s why the perfect women’s clutch bag is a wardrobe essential for first dates and spring weddings.','<p>I have seen many people underestimating the power of their wallets. To them, they are just a functional item they use to carry. As a result, they often end up with the wallets which are not really suitable for them.</p>\n\n<p>You should pay more attention when you choose your wallets. There are a lot of them on the market with the different designs and styles. When you choose carefully, you would be able to buy a wallet that is catered to your needs. Not to mention that it will help to enhance your style significantly.</p>\n\n<p style=\"text-align:center\"><img alt=\"f4\" height=\"375\" src=\"/storage/news/1.jpg\" /></p>\n\n<p><br />\n&nbsp;</p>\n\n<p><strong><em>For all of the reason above, here are 7 expert tips to help you pick up the right men&rsquo;s wallet for you:</em></strong></p>\n\n<h4><strong>Number 1: Choose A Neat Wallet</strong></h4>\n\n<p>The wallet is an essential accessory that you should go simple. Simplicity is the best in this case. A simple and neat wallet with the plain color and even&nbsp;<strong>minimalist style</strong>&nbsp;is versatile. It can be used for both formal and casual events. In addition, that wallet will go well with most of the clothes in your wardrobe.</p>\n\n<p>Keep in mind that a wallet will tell other people about your personality and your fashion sense as much as other clothes you put on. Hence, don&rsquo;t go cheesy on your wallet or else people will think that you have a funny and particular style.</p>\n\n<p style=\"text-align:center\"><img alt=\"f5\" height=\"400\" src=\"/storage/news/2.jpg\" /></p>\n\n<p><br />\n&nbsp;</p>\n\n<hr />\n<h4><strong>Number 2: Choose The Right Size For Your Wallet</strong></h4>\n\n<p>You should avoid having an over-sized wallet. Don&rsquo;t think that you need to buy a big wallet because you have a lot to carry with you. In addition, a fat wallet is very ugly. It will make it harder for you to slide the wallet into your trousers&rsquo; pocket. In addition, it will create a bulge and ruin your look.</p>\n\n<p>Before you go on to buy a new wallet, clean out your wallet and place all of the items from your wallet on a table. Throw away things that you would never need any more such as the old bills or the expired gift cards. Remember to check your wallet on a frequent basis to get rid of all of the old stuff that you don&rsquo;t need anymore.</p>\n\n<p style=\"text-align:center\"><img alt=\"f1\" height=\"400\" src=\"/storage/news/3.jpg\" /></p>\n\n<p><br />\n&nbsp;</p>\n\n<hr />\n<h4><strong>Number 3: Don&rsquo;t Limit Your Options Of Materials</strong></h4>\n\n<p>The types and designs of wallets are not the only things that you should consider when you go out searching for your best wallet. You have more than 1 option of material rather than leather to choose from as well.</p>\n\n<p>You can experiment with other available options such as cotton, polyester and canvas. They all have their own pros and cons. As a result, they will be suitable for different needs and requirements. You should think about them all in order to choose the material which you would like the most.</p>\n\n<p style=\"text-align:center\"><img alt=\"f6\" height=\"375\" src=\"/storage/news/4.jpg\" /></p>\n\n<p><br />\n&nbsp;</p>\n\n<hr />\n<h4><strong>Number 4: Consider A Wallet As A Long Term Investment</strong></h4>\n\n<p>Your wallet is indeed an investment that you should consider spending a decent amount of time and effort on it. Another factor that you need to consider is how much you want to spend on your wallet. The price ranges of wallets on the market vary a great deal. You can find a wallet which is as cheap as about 5 to 7 dollars. On the other hand, you should expect to pay around 250 to 300 dollars for a high-quality wallet.</p>\n\n<p>In case you need a wallet to use for a long time, it is a good idea that you should invest a decent amount of money on a wallet. A high quality wallet from a reputational brand with the premium quality such as cowhide leather will last for a long time. In addition, it is an accessory to show off your fashion sense and your social status.</p>\n\n<p style=\"text-align:center\"><img alt=\"f2\" height=\"400\" src=\"/storage/news/5.jpg\" /></p>\n\n<p>&nbsp;</p>\n','published',1,'Botble\\ACL\\Models\\User',1,'news/2.jpg',1541,NULL,'2021-04-11 07:21:10','2021-04-11 07:21:10'),(3,'The Top 2020 Handbag Trends to Know','For the handbag obsessives, let\'s dive into the latter a little more. This year will bring a fresh array of bag designs, and already we\'ve gotten a sneak peek of what both spring and fall 2020 collections have to offer/','<p>I have seen many people underestimating the power of their wallets. To them, they are just a functional item they use to carry. As a result, they often end up with the wallets which are not really suitable for them.</p>\n\n<p>You should pay more attention when you choose your wallets. There are a lot of them on the market with the different designs and styles. When you choose carefully, you would be able to buy a wallet that is catered to your needs. Not to mention that it will help to enhance your style significantly.</p>\n\n<p style=\"text-align:center\"><img alt=\"f4\" height=\"375\" src=\"/storage/news/1.jpg\" /></p>\n\n<p><br />\n&nbsp;</p>\n\n<p><strong><em>For all of the reason above, here are 7 expert tips to help you pick up the right men&rsquo;s wallet for you:</em></strong></p>\n\n<h4><strong>Number 1: Choose A Neat Wallet</strong></h4>\n\n<p>The wallet is an essential accessory that you should go simple. Simplicity is the best in this case. A simple and neat wallet with the plain color and even&nbsp;<strong>minimalist style</strong>&nbsp;is versatile. It can be used for both formal and casual events. In addition, that wallet will go well with most of the clothes in your wardrobe.</p>\n\n<p>Keep in mind that a wallet will tell other people about your personality and your fashion sense as much as other clothes you put on. Hence, don&rsquo;t go cheesy on your wallet or else people will think that you have a funny and particular style.</p>\n\n<p style=\"text-align:center\"><img alt=\"f5\" height=\"400\" src=\"/storage/news/2.jpg\" /></p>\n\n<p><br />\n&nbsp;</p>\n\n<hr />\n<h4><strong>Number 2: Choose The Right Size For Your Wallet</strong></h4>\n\n<p>You should avoid having an over-sized wallet. Don&rsquo;t think that you need to buy a big wallet because you have a lot to carry with you. In addition, a fat wallet is very ugly. It will make it harder for you to slide the wallet into your trousers&rsquo; pocket. In addition, it will create a bulge and ruin your look.</p>\n\n<p>Before you go on to buy a new wallet, clean out your wallet and place all of the items from your wallet on a table. Throw away things that you would never need any more such as the old bills or the expired gift cards. Remember to check your wallet on a frequent basis to get rid of all of the old stuff that you don&rsquo;t need anymore.</p>\n\n<p style=\"text-align:center\"><img alt=\"f1\" height=\"400\" src=\"/storage/news/3.jpg\" /></p>\n\n<p><br />\n&nbsp;</p>\n\n<hr />\n<h4><strong>Number 3: Don&rsquo;t Limit Your Options Of Materials</strong></h4>\n\n<p>The types and designs of wallets are not the only things that you should consider when you go out searching for your best wallet. You have more than 1 option of material rather than leather to choose from as well.</p>\n\n<p>You can experiment with other available options such as cotton, polyester and canvas. They all have their own pros and cons. As a result, they will be suitable for different needs and requirements. You should think about them all in order to choose the material which you would like the most.</p>\n\n<p style=\"text-align:center\"><img alt=\"f6\" height=\"375\" src=\"/storage/news/4.jpg\" /></p>\n\n<p><br />\n&nbsp;</p>\n\n<hr />\n<h4><strong>Number 4: Consider A Wallet As A Long Term Investment</strong></h4>\n\n<p>Your wallet is indeed an investment that you should consider spending a decent amount of time and effort on it. Another factor that you need to consider is how much you want to spend on your wallet. The price ranges of wallets on the market vary a great deal. You can find a wallet which is as cheap as about 5 to 7 dollars. On the other hand, you should expect to pay around 250 to 300 dollars for a high-quality wallet.</p>\n\n<p>In case you need a wallet to use for a long time, it is a good idea that you should invest a decent amount of money on a wallet. A high quality wallet from a reputational brand with the premium quality such as cowhide leather will last for a long time. In addition, it is an accessory to show off your fashion sense and your social status.</p>\n\n<p style=\"text-align:center\"><img alt=\"f2\" height=\"400\" src=\"/storage/news/5.jpg\" /></p>\n\n<p>&nbsp;</p>\n','published',1,'Botble\\ACL\\Models\\User',1,'news/3.jpg',211,NULL,'2021-04-11 07:21:10','2021-04-11 07:21:10'),(4,'How to Match the Color of Your Handbag With an Outfit','To match your multi-colored purses with your favorite outfits, simply select a complementary handbag hue that will make your outfit pop for work or the weekend.','<p>I have seen many people underestimating the power of their wallets. To them, they are just a functional item they use to carry. As a result, they often end up with the wallets which are not really suitable for them.</p>\n\n<p>You should pay more attention when you choose your wallets. There are a lot of them on the market with the different designs and styles. When you choose carefully, you would be able to buy a wallet that is catered to your needs. Not to mention that it will help to enhance your style significantly.</p>\n\n<p style=\"text-align:center\"><img alt=\"f4\" height=\"375\" src=\"/storage/news/1.jpg\" /></p>\n\n<p><br />\n&nbsp;</p>\n\n<p><strong><em>For all of the reason above, here are 7 expert tips to help you pick up the right men&rsquo;s wallet for you:</em></strong></p>\n\n<h4><strong>Number 1: Choose A Neat Wallet</strong></h4>\n\n<p>The wallet is an essential accessory that you should go simple. Simplicity is the best in this case. A simple and neat wallet with the plain color and even&nbsp;<strong>minimalist style</strong>&nbsp;is versatile. It can be used for both formal and casual events. In addition, that wallet will go well with most of the clothes in your wardrobe.</p>\n\n<p>Keep in mind that a wallet will tell other people about your personality and your fashion sense as much as other clothes you put on. Hence, don&rsquo;t go cheesy on your wallet or else people will think that you have a funny and particular style.</p>\n\n<p style=\"text-align:center\"><img alt=\"f5\" height=\"400\" src=\"/storage/news/2.jpg\" /></p>\n\n<p><br />\n&nbsp;</p>\n\n<hr />\n<h4><strong>Number 2: Choose The Right Size For Your Wallet</strong></h4>\n\n<p>You should avoid having an over-sized wallet. Don&rsquo;t think that you need to buy a big wallet because you have a lot to carry with you. In addition, a fat wallet is very ugly. It will make it harder for you to slide the wallet into your trousers&rsquo; pocket. In addition, it will create a bulge and ruin your look.</p>\n\n<p>Before you go on to buy a new wallet, clean out your wallet and place all of the items from your wallet on a table. Throw away things that you would never need any more such as the old bills or the expired gift cards. Remember to check your wallet on a frequent basis to get rid of all of the old stuff that you don&rsquo;t need anymore.</p>\n\n<p style=\"text-align:center\"><img alt=\"f1\" height=\"400\" src=\"/storage/news/3.jpg\" /></p>\n\n<p><br />\n&nbsp;</p>\n\n<hr />\n<h4><strong>Number 3: Don&rsquo;t Limit Your Options Of Materials</strong></h4>\n\n<p>The types and designs of wallets are not the only things that you should consider when you go out searching for your best wallet. You have more than 1 option of material rather than leather to choose from as well.</p>\n\n<p>You can experiment with other available options such as cotton, polyester and canvas. They all have their own pros and cons. As a result, they will be suitable for different needs and requirements. You should think about them all in order to choose the material which you would like the most.</p>\n\n<p style=\"text-align:center\"><img alt=\"f6\" height=\"375\" src=\"/storage/news/4.jpg\" /></p>\n\n<p><br />\n&nbsp;</p>\n\n<hr />\n<h4><strong>Number 4: Consider A Wallet As A Long Term Investment</strong></h4>\n\n<p>Your wallet is indeed an investment that you should consider spending a decent amount of time and effort on it. Another factor that you need to consider is how much you want to spend on your wallet. The price ranges of wallets on the market vary a great deal. You can find a wallet which is as cheap as about 5 to 7 dollars. On the other hand, you should expect to pay around 250 to 300 dollars for a high-quality wallet.</p>\n\n<p>In case you need a wallet to use for a long time, it is a good idea that you should invest a decent amount of money on a wallet. A high quality wallet from a reputational brand with the premium quality such as cowhide leather will last for a long time. In addition, it is an accessory to show off your fashion sense and your social status.</p>\n\n<p style=\"text-align:center\"><img alt=\"f2\" height=\"400\" src=\"/storage/news/5.jpg\" /></p>\n\n<p>&nbsp;</p>\n','published',1,'Botble\\ACL\\Models\\User',1,'news/4.jpg',1660,NULL,'2021-04-11 07:21:10','2021-04-11 07:21:10'),(5,'How to Care for Leather Bags','A leather bag is a special, near-universally beloved object, appreciated in equal measure by bon-vivants of both sexes, who cherish the supple hand, understated burnish and heady smell that can only emanate from premium quality skin.','<p>I have seen many people underestimating the power of their wallets. To them, they are just a functional item they use to carry. As a result, they often end up with the wallets which are not really suitable for them.</p>\n\n<p>You should pay more attention when you choose your wallets. There are a lot of them on the market with the different designs and styles. When you choose carefully, you would be able to buy a wallet that is catered to your needs. Not to mention that it will help to enhance your style significantly.</p>\n\n<p style=\"text-align:center\"><img alt=\"f4\" height=\"375\" src=\"/storage/news/1.jpg\" /></p>\n\n<p><br />\n&nbsp;</p>\n\n<p><strong><em>For all of the reason above, here are 7 expert tips to help you pick up the right men&rsquo;s wallet for you:</em></strong></p>\n\n<h4><strong>Number 1: Choose A Neat Wallet</strong></h4>\n\n<p>The wallet is an essential accessory that you should go simple. Simplicity is the best in this case. A simple and neat wallet with the plain color and even&nbsp;<strong>minimalist style</strong>&nbsp;is versatile. It can be used for both formal and casual events. In addition, that wallet will go well with most of the clothes in your wardrobe.</p>\n\n<p>Keep in mind that a wallet will tell other people about your personality and your fashion sense as much as other clothes you put on. Hence, don&rsquo;t go cheesy on your wallet or else people will think that you have a funny and particular style.</p>\n\n<p style=\"text-align:center\"><img alt=\"f5\" height=\"400\" src=\"/storage/news/2.jpg\" /></p>\n\n<p><br />\n&nbsp;</p>\n\n<hr />\n<h4><strong>Number 2: Choose The Right Size For Your Wallet</strong></h4>\n\n<p>You should avoid having an over-sized wallet. Don&rsquo;t think that you need to buy a big wallet because you have a lot to carry with you. In addition, a fat wallet is very ugly. It will make it harder for you to slide the wallet into your trousers&rsquo; pocket. In addition, it will create a bulge and ruin your look.</p>\n\n<p>Before you go on to buy a new wallet, clean out your wallet and place all of the items from your wallet on a table. Throw away things that you would never need any more such as the old bills or the expired gift cards. Remember to check your wallet on a frequent basis to get rid of all of the old stuff that you don&rsquo;t need anymore.</p>\n\n<p style=\"text-align:center\"><img alt=\"f1\" height=\"400\" src=\"/storage/news/3.jpg\" /></p>\n\n<p><br />\n&nbsp;</p>\n\n<hr />\n<h4><strong>Number 3: Don&rsquo;t Limit Your Options Of Materials</strong></h4>\n\n<p>The types and designs of wallets are not the only things that you should consider when you go out searching for your best wallet. You have more than 1 option of material rather than leather to choose from as well.</p>\n\n<p>You can experiment with other available options such as cotton, polyester and canvas. They all have their own pros and cons. As a result, they will be suitable for different needs and requirements. You should think about them all in order to choose the material which you would like the most.</p>\n\n<p style=\"text-align:center\"><img alt=\"f6\" height=\"375\" src=\"/storage/news/4.jpg\" /></p>\n\n<p><br />\n&nbsp;</p>\n\n<hr />\n<h4><strong>Number 4: Consider A Wallet As A Long Term Investment</strong></h4>\n\n<p>Your wallet is indeed an investment that you should consider spending a decent amount of time and effort on it. Another factor that you need to consider is how much you want to spend on your wallet. The price ranges of wallets on the market vary a great deal. You can find a wallet which is as cheap as about 5 to 7 dollars. On the other hand, you should expect to pay around 250 to 300 dollars for a high-quality wallet.</p>\n\n<p>In case you need a wallet to use for a long time, it is a good idea that you should invest a decent amount of money on a wallet. A high quality wallet from a reputational brand with the premium quality such as cowhide leather will last for a long time. In addition, it is an accessory to show off your fashion sense and your social status.</p>\n\n<p style=\"text-align:center\"><img alt=\"f2\" height=\"400\" src=\"/storage/news/5.jpg\" /></p>\n\n<p>&nbsp;</p>\n','published',1,'Botble\\ACL\\Models\\User',1,'news/5.jpg',879,NULL,'2021-04-11 07:21:10','2021-04-11 07:21:10'),(6,'We\'re Crushing Hard on Summer\'s 10 Biggest Bag Trends','Summer is just around the corner, and there\'s no easier way to amp up your new-season look than with a chic, new handbag. Whether you\'re wearing basic sweat shorts and a tank top or a pretty floral maxi dress, a bag is an effortless way to add interest to all your summer ensembles.','<p>I have seen many people underestimating the power of their wallets. To them, they are just a functional item they use to carry. As a result, they often end up with the wallets which are not really suitable for them.</p>\n\n<p>You should pay more attention when you choose your wallets. There are a lot of them on the market with the different designs and styles. When you choose carefully, you would be able to buy a wallet that is catered to your needs. Not to mention that it will help to enhance your style significantly.</p>\n\n<p style=\"text-align:center\"><img alt=\"f4\" height=\"375\" src=\"/storage/news/1.jpg\" /></p>\n\n<p><br />\n&nbsp;</p>\n\n<p><strong><em>For all of the reason above, here are 7 expert tips to help you pick up the right men&rsquo;s wallet for you:</em></strong></p>\n\n<h4><strong>Number 1: Choose A Neat Wallet</strong></h4>\n\n<p>The wallet is an essential accessory that you should go simple. Simplicity is the best in this case. A simple and neat wallet with the plain color and even&nbsp;<strong>minimalist style</strong>&nbsp;is versatile. It can be used for both formal and casual events. In addition, that wallet will go well with most of the clothes in your wardrobe.</p>\n\n<p>Keep in mind that a wallet will tell other people about your personality and your fashion sense as much as other clothes you put on. Hence, don&rsquo;t go cheesy on your wallet or else people will think that you have a funny and particular style.</p>\n\n<p style=\"text-align:center\"><img alt=\"f5\" height=\"400\" src=\"/storage/news/2.jpg\" /></p>\n\n<p><br />\n&nbsp;</p>\n\n<hr />\n<h4><strong>Number 2: Choose The Right Size For Your Wallet</strong></h4>\n\n<p>You should avoid having an over-sized wallet. Don&rsquo;t think that you need to buy a big wallet because you have a lot to carry with you. In addition, a fat wallet is very ugly. It will make it harder for you to slide the wallet into your trousers&rsquo; pocket. In addition, it will create a bulge and ruin your look.</p>\n\n<p>Before you go on to buy a new wallet, clean out your wallet and place all of the items from your wallet on a table. Throw away things that you would never need any more such as the old bills or the expired gift cards. Remember to check your wallet on a frequent basis to get rid of all of the old stuff that you don&rsquo;t need anymore.</p>\n\n<p style=\"text-align:center\"><img alt=\"f1\" height=\"400\" src=\"/storage/news/3.jpg\" /></p>\n\n<p><br />\n&nbsp;</p>\n\n<hr />\n<h4><strong>Number 3: Don&rsquo;t Limit Your Options Of Materials</strong></h4>\n\n<p>The types and designs of wallets are not the only things that you should consider when you go out searching for your best wallet. You have more than 1 option of material rather than leather to choose from as well.</p>\n\n<p>You can experiment with other available options such as cotton, polyester and canvas. They all have their own pros and cons. As a result, they will be suitable for different needs and requirements. You should think about them all in order to choose the material which you would like the most.</p>\n\n<p style=\"text-align:center\"><img alt=\"f6\" height=\"375\" src=\"/storage/news/4.jpg\" /></p>\n\n<p><br />\n&nbsp;</p>\n\n<hr />\n<h4><strong>Number 4: Consider A Wallet As A Long Term Investment</strong></h4>\n\n<p>Your wallet is indeed an investment that you should consider spending a decent amount of time and effort on it. Another factor that you need to consider is how much you want to spend on your wallet. The price ranges of wallets on the market vary a great deal. You can find a wallet which is as cheap as about 5 to 7 dollars. On the other hand, you should expect to pay around 250 to 300 dollars for a high-quality wallet.</p>\n\n<p>In case you need a wallet to use for a long time, it is a good idea that you should invest a decent amount of money on a wallet. A high quality wallet from a reputational brand with the premium quality such as cowhide leather will last for a long time. In addition, it is an accessory to show off your fashion sense and your social status.</p>\n\n<p style=\"text-align:center\"><img alt=\"f2\" height=\"400\" src=\"/storage/news/5.jpg\" /></p>\n\n<p>&nbsp;</p>\n','published',1,'Botble\\ACL\\Models\\User',1,'news/6.jpg',1585,NULL,'2021-04-11 07:21:10','2021-04-11 07:21:10');
/*!40000 ALTER TABLE `posts` ENABLE KEYS */;
UNLOCK TABLES;

--
-- Table structure for table `revisions`
--

DROP TABLE IF EXISTS `revisions`;
/*!40101 SET @saved_cs_client     = @@character_set_client */;
/*!40101 SET character_set_client = utf8 */;
CREATE TABLE `revisions` (
  `id` bigint(20) unsigned NOT NULL AUTO_INCREMENT,
  `revisionable_type` varchar(191) COLLATE utf8mb4_unicode_ci NOT NULL,
  `revisionable_id` int(11) NOT NULL,
  `user_id` int(11) DEFAULT NULL,
  `key` varchar(191) COLLATE utf8mb4_unicode_ci NOT NULL,
  `old_value` text COLLATE utf8mb4_unicode_ci,
  `new_value` text COLLATE utf8mb4_unicode_ci,
  `created_at` timestamp NULL DEFAULT NULL,
  `updated_at` timestamp NULL DEFAULT NULL,
  PRIMARY KEY (`id`),
  KEY `revisions_revisionable_id_revisionable_type_index` (`revisionable_id`,`revisionable_type`)
) ENGINE=InnoDB DEFAULT CHARSET=utf8mb4 COLLATE=utf8mb4_unicode_ci;
/*!40101 SET character_set_client = @saved_cs_client */;

--
-- Dumping data for table `revisions`
--

LOCK TABLES `revisions` WRITE;
/*!40000 ALTER TABLE `revisions` DISABLE KEYS */;
/*!40000 ALTER TABLE `revisions` ENABLE KEYS */;
UNLOCK TABLES;

--
-- Table structure for table `role_users`
--

DROP TABLE IF EXISTS `role_users`;
/*!40101 SET @saved_cs_client     = @@character_set_client */;
/*!40101 SET character_set_client = utf8 */;
CREATE TABLE `role_users` (
  `id` bigint(20) unsigned NOT NULL AUTO_INCREMENT,
  `user_id` int(10) unsigned NOT NULL,
  `role_id` int(10) unsigned NOT NULL,
  `created_at` timestamp NULL DEFAULT NULL,
  `updated_at` timestamp NULL DEFAULT NULL,
  PRIMARY KEY (`id`),
  KEY `role_users_user_id_index` (`user_id`),
  KEY `role_users_role_id_index` (`role_id`)
) ENGINE=InnoDB DEFAULT CHARSET=utf8mb4 COLLATE=utf8mb4_unicode_ci;
/*!40101 SET character_set_client = @saved_cs_client */;

--
-- Dumping data for table `role_users`
--

LOCK TABLES `role_users` WRITE;
/*!40000 ALTER TABLE `role_users` DISABLE KEYS */;
/*!40000 ALTER TABLE `role_users` ENABLE KEYS */;
UNLOCK TABLES;

--
-- Table structure for table `roles`
--

DROP TABLE IF EXISTS `roles`;
/*!40101 SET @saved_cs_client     = @@character_set_client */;
/*!40101 SET character_set_client = utf8 */;
CREATE TABLE `roles` (
  `id` bigint(20) unsigned NOT NULL AUTO_INCREMENT,
  `slug` varchar(120) COLLATE utf8mb4_unicode_ci NOT NULL,
  `name` varchar(120) COLLATE utf8mb4_unicode_ci NOT NULL,
  `permissions` text COLLATE utf8mb4_unicode_ci,
  `description` varchar(255) COLLATE utf8mb4_unicode_ci DEFAULT NULL,
  `is_default` tinyint(3) unsigned NOT NULL DEFAULT '0',
  `created_by` int(10) unsigned NOT NULL,
  `updated_by` int(10) unsigned NOT NULL,
  `created_at` timestamp NULL DEFAULT NULL,
  `updated_at` timestamp NULL DEFAULT NULL,
  PRIMARY KEY (`id`),
  UNIQUE KEY `roles_slug_unique` (`slug`),
  KEY `roles_created_by_index` (`created_by`),
  KEY `roles_updated_by_index` (`updated_by`)
) ENGINE=InnoDB DEFAULT CHARSET=utf8mb4 COLLATE=utf8mb4_unicode_ci;
/*!40101 SET character_set_client = @saved_cs_client */;

--
-- Dumping data for table `roles`
--

LOCK TABLES `roles` WRITE;
/*!40000 ALTER TABLE `roles` DISABLE KEYS */;
/*!40000 ALTER TABLE `roles` ENABLE KEYS */;
UNLOCK TABLES;

--
-- Table structure for table `settings`
--

DROP TABLE IF EXISTS `settings`;
/*!40101 SET @saved_cs_client     = @@character_set_client */;
/*!40101 SET character_set_client = utf8 */;
CREATE TABLE `settings` (
  `id` bigint(20) unsigned NOT NULL AUTO_INCREMENT,
  `key` varchar(191) COLLATE utf8mb4_unicode_ci NOT NULL,
  `value` text COLLATE utf8mb4_unicode_ci,
  `created_at` timestamp NULL DEFAULT NULL,
  `updated_at` timestamp NULL DEFAULT NULL,
  PRIMARY KEY (`id`),
  UNIQUE KEY `settings_key_unique` (`key`)
) ENGINE=InnoDB AUTO_INCREMENT=144 DEFAULT CHARSET=utf8mb4 COLLATE=utf8mb4_unicode_ci;
/*!40101 SET character_set_client = @saved_cs_client */;

--
-- Dumping data for table `settings`
--

LOCK TABLES `settings` WRITE;
/*!40000 ALTER TABLE `settings` DISABLE KEYS */;
INSERT INTO `settings` VALUES (5,'theme','september',NULL,NULL),(24,'permalink-botble-blog-models-post','blog',NULL,NULL),(25,'permalink-botble-blog-models-category','blog',NULL,NULL),(26,'permalink-botble-blog-models-tag','tag',NULL,NULL),(27,'payment_cod_status','1',NULL,NULL),(28,'payment_cod_description','Please pay money directly to the postman, if you choose cash on delivery method (COD).',NULL,NULL),(29,'payment_bank_transfer_status','1',NULL,NULL),(30,'payment_bank_transfer_description','Please send money to our bank account: ACB - 1990 404 19.',NULL,NULL),(31,'plugins_ecommerce_customer_new_order_status','0',NULL,NULL),(32,'plugins_ecommerce_admin_new_order_status','0',NULL,NULL),(33,'ecommerce_store_name','HASA SG',NULL,NULL),(34,'ecommerce_store_phone','18006268',NULL,NULL),(35,'ecommerce_store_address','North Link Building, 10 Admiralty Street',NULL,NULL),(36,'ecommerce_store_state','Singapore',NULL,NULL),(37,'ecommerce_store_city','Singapore',NULL,NULL),(38,'ecommerce_store_country','SG',NULL,NULL),(109,'activated_plugins','[\"analytics\",\"audit-log\",\"backup\",\"blog\",\"captcha\",\"contact\",\"cookie-consent\",\"ecommerce\",\"gallery\",\"mollie\",\"newsletter\",\"payment\",\"paystack\",\"razorpay\",\"simple-slider\",\"social-login\",\"sslcommerz\",\"translation\"]',NULL,NULL),(110,'theme-september-site_title','HASA - Multipurpose Laravel Fashion Shop',NULL,NULL),(111,'theme-september-favicon','general/favicon.png',NULL,NULL),(112,'theme-september-logo','general/logo.png',NULL,NULL),(113,'theme-september-seo_og_image','general/open-graph-image.png',NULL,NULL),(114,'theme-september-address','North Link Building, 10 Admiralty Street, 757695 Singapore',NULL,NULL),(115,'theme-september-hotline','18006268',NULL,NULL),(116,'theme-september-email','sales@botble.com',NULL,NULL),(117,'theme-september-facebook','https://facebook.com',NULL,NULL),(118,'theme-september-twitter','https://twitter.com',NULL,NULL),(119,'theme-september-youtube','https://youtube.com',NULL,NULL),(120,'theme-september-linkedin','https://linkedin.com',NULL,NULL),(121,'theme-september-pinterest','https://pinterest.com',NULL,NULL),(122,'theme-september-instagram','https://instagram.com',NULL,NULL),(123,'theme-september-homepage_id','1',NULL,NULL),(124,'theme-september-blog_page_id','2',NULL,NULL),(125,'theme-september-cookie_consent_message','Your experience on this site will be improved by allowing cookies ',NULL,NULL),(126,'theme-september-cookie_consent_learn_more_url','http://hasa.local/cookie-policy',NULL,NULL),(127,'theme-september-cookie_consent_learn_more_text','Cookie Policy',NULL,NULL);
/*!40000 ALTER TABLE `settings` ENABLE KEYS */;
UNLOCK TABLES;

--
-- Table structure for table `simple_slider_items`
--

DROP TABLE IF EXISTS `simple_slider_items`;
/*!40101 SET @saved_cs_client     = @@character_set_client */;
/*!40101 SET character_set_client = utf8 */;
CREATE TABLE `simple_slider_items` (
  `id` bigint(20) unsigned NOT NULL AUTO_INCREMENT,
  `simple_slider_id` int(10) unsigned NOT NULL,
  `title` varchar(255) COLLATE utf8mb4_unicode_ci DEFAULT NULL,
  `image` varchar(255) COLLATE utf8mb4_unicode_ci NOT NULL,
  `link` varchar(255) COLLATE utf8mb4_unicode_ci DEFAULT NULL,
  `description` text COLLATE utf8mb4_unicode_ci,
  `order` int(10) unsigned NOT NULL DEFAULT '0',
  `created_at` timestamp NULL DEFAULT NULL,
  `updated_at` timestamp NULL DEFAULT NULL,
  PRIMARY KEY (`id`)
) ENGINE=InnoDB AUTO_INCREMENT=4 DEFAULT CHARSET=utf8mb4 COLLATE=utf8mb4_unicode_ci;
/*!40101 SET character_set_client = @saved_cs_client */;

--
-- Dumping data for table `simple_slider_items`
--

LOCK TABLES `simple_slider_items` WRITE;
/*!40000 ALTER TABLE `simple_slider_items` DISABLE KEYS */;
INSERT INTO `simple_slider_items` VALUES (1,1,'New Collection','sliders/1.jpg','/products','Lorem ipsum dolor sit amet, consectetur adipiscing elit. Phasellus blandit massa enim. Nullam id varius nunc id varius nunc.',1,'2021-04-11 07:21:08','2021-04-11 07:21:08'),(2,1,'Hot Collection','sliders/2.jpg','/products','Lorem ipsum dolor sit amet, consectetur adipiscing elit. Phasellus blandit massa enim. Nullam id varius nunc id varius nunc.',2,'2021-04-11 07:21:08','2021-04-11 07:21:08'),(3,1,'Trending Collection','sliders/3.jpg','/products','Lorem ipsum dolor sit amet, consectetur adipiscing elit. Phasellus blandit massa enim. Nullam id varius nunc id varius nunc.',3,'2021-04-11 07:21:08','2021-04-11 07:21:08');
/*!40000 ALTER TABLE `simple_slider_items` ENABLE KEYS */;
UNLOCK TABLES;

--
-- Table structure for table `simple_sliders`
--

DROP TABLE IF EXISTS `simple_sliders`;
/*!40101 SET @saved_cs_client     = @@character_set_client */;
/*!40101 SET character_set_client = utf8 */;
CREATE TABLE `simple_sliders` (
  `id` bigint(20) unsigned NOT NULL AUTO_INCREMENT,
  `name` varchar(120) COLLATE utf8mb4_unicode_ci NOT NULL,
  `key` varchar(120) COLLATE utf8mb4_unicode_ci NOT NULL,
  `description` varchar(255) COLLATE utf8mb4_unicode_ci DEFAULT NULL,
  `status` varchar(60) COLLATE utf8mb4_unicode_ci NOT NULL DEFAULT 'published',
  `created_at` timestamp NULL DEFAULT NULL,
  `updated_at` timestamp NULL DEFAULT NULL,
  PRIMARY KEY (`id`)
) ENGINE=InnoDB AUTO_INCREMENT=2 DEFAULT CHARSET=utf8mb4 COLLATE=utf8mb4_unicode_ci;
/*!40101 SET character_set_client = @saved_cs_client */;

--
-- Dumping data for table `simple_sliders`
--

LOCK TABLES `simple_sliders` WRITE;
/*!40000 ALTER TABLE `simple_sliders` DISABLE KEYS */;
INSERT INTO `simple_sliders` VALUES (1,'Home slider','home-slider',NULL,'published','2021-04-11 07:21:08','2021-04-11 07:21:08');
/*!40000 ALTER TABLE `simple_sliders` ENABLE KEYS */;
UNLOCK TABLES;

--
-- Table structure for table `slugs`
--

DROP TABLE IF EXISTS `slugs`;
/*!40101 SET @saved_cs_client     = @@character_set_client */;
/*!40101 SET character_set_client = utf8 */;
CREATE TABLE `slugs` (
  `id` bigint(20) unsigned NOT NULL AUTO_INCREMENT,
  `key` varchar(255) COLLATE utf8mb4_unicode_ci NOT NULL,
  `reference_id` int(10) unsigned NOT NULL,
  `reference_type` varchar(255) COLLATE utf8mb4_unicode_ci NOT NULL,
  `prefix` varchar(120) COLLATE utf8mb4_unicode_ci DEFAULT '',
  `created_at` timestamp NULL DEFAULT NULL,
  `updated_at` timestamp NULL DEFAULT NULL,
  PRIMARY KEY (`id`)
) ENGINE=InnoDB AUTO_INCREMENT=197 DEFAULT CHARSET=utf8mb4 COLLATE=utf8mb4_unicode_ci;
/*!40101 SET character_set_client = @saved_cs_client */;

--
-- Dumping data for table `slugs`
--

LOCK TABLES `slugs` WRITE;
/*!40000 ALTER TABLE `slugs` DISABLE KEYS */;
INSERT INTO `slugs` VALUES (145,'fashion-live',1,'Botble\\Ecommerce\\Models\\Brand','brands','2021-04-11 07:20:40','2021-04-11 07:20:40'),(146,'hand-crafted',2,'Botble\\Ecommerce\\Models\\Brand','brands','2021-04-11 07:20:40','2021-04-11 07:20:40'),(147,'mestonix',3,'Botble\\Ecommerce\\Models\\Brand','brands','2021-04-11 07:20:40','2021-04-11 07:20:40'),(148,'sunshine',4,'Botble\\Ecommerce\\Models\\Brand','brands','2021-04-11 07:20:40','2021-04-11 07:20:40'),(149,'pure',5,'Botble\\Ecommerce\\Models\\Brand','brands','2021-04-11 07:20:40','2021-04-11 07:20:40'),(150,'anfold',6,'Botble\\Ecommerce\\Models\\Brand','brands','2021-04-11 07:20:40','2021-04-11 07:20:40'),(151,'automotive',7,'Botble\\Ecommerce\\Models\\Brand','brands','2021-04-11 07:20:40','2021-04-11 07:20:40'),(152,'woman-wallet',1,'Botble\\Ecommerce\\Models\\ProductCategory','product-categories','2021-04-11 07:20:42','2021-04-11 07:20:42'),(153,'office-bags',2,'Botble\\Ecommerce\\Models\\ProductCategory','product-categories','2021-04-11 07:20:42','2021-04-11 07:20:42'),(154,'hand-bag',3,'Botble\\Ecommerce\\Models\\ProductCategory','product-categories','2021-04-11 07:20:42','2021-04-11 07:20:42'),(155,'backpack',4,'Botble\\Ecommerce\\Models\\ProductCategory','product-categories','2021-04-11 07:20:42','2021-04-11 07:20:42'),(156,'bags',5,'Botble\\Ecommerce\\Models\\ProductCategory','product-categories','2021-04-11 07:20:42','2021-04-11 07:20:42'),(157,'wallet',6,'Botble\\Ecommerce\\Models\\ProductCategory','product-categories','2021-04-11 07:20:42','2021-04-11 07:20:42'),(158,'men-wallet',7,'Botble\\Ecommerce\\Models\\ProductCategory','product-categories','2021-04-11 07:20:42','2021-04-11 07:20:42'),(159,'wallet',1,'Botble\\Ecommerce\\Models\\ProductTag','product-tags','2021-04-11 07:20:43','2021-04-11 07:20:43'),(160,'bags',2,'Botble\\Ecommerce\\Models\\ProductTag','product-tags','2021-04-11 07:20:43','2021-04-11 07:20:43'),(161,'shoes',3,'Botble\\Ecommerce\\Models\\ProductTag','product-tags','2021-04-11 07:20:43','2021-04-11 07:20:43'),(162,'clothes',4,'Botble\\Ecommerce\\Models\\ProductTag','product-tags','2021-04-11 07:20:43','2021-04-11 07:20:43'),(163,'hand-bag',5,'Botble\\Ecommerce\\Models\\ProductTag','product-tags','2021-04-11 07:20:43','2021-04-11 07:20:43'),(164,'wallet-handmade',1,'Botble\\Ecommerce\\Models\\Product','products','2021-04-11 07:21:01','2021-04-11 07:21:01'),(165,'clutch-handmade',2,'Botble\\Ecommerce\\Models\\Product','products','2021-04-11 07:21:01','2021-04-11 07:21:01'),(166,'gucci-zip-around-wallet',3,'Botble\\Ecommerce\\Models\\Product','products','2021-04-11 07:21:01','2021-04-11 07:21:01'),(167,'snapshot-standard',4,'Botble\\Ecommerce\\Models\\Product','products','2021-04-11 07:21:01','2021-04-11 07:21:01'),(168,'joan-mini-camera-bag',5,'Botble\\Ecommerce\\Models\\Product','products','2021-04-11 07:21:01','2021-04-11 07:21:01'),(169,'cyan-boheme',6,'Botble\\Ecommerce\\Models\\Product','products','2021-04-11 07:21:01','2021-04-11 07:21:01'),(170,'the-marc-jacobs',7,'Botble\\Ecommerce\\Models\\Product','products','2021-04-11 07:21:01','2021-04-11 07:21:01'),(171,'round-crossbody-bag',8,'Botble\\Ecommerce\\Models\\Product','products','2021-04-11 07:21:01','2021-04-11 07:21:01'),(172,'general',1,'Botble\\Blog\\Models\\Tag','tag','2021-04-11 07:21:10','2021-04-11 07:21:14'),(173,'design',2,'Botble\\Blog\\Models\\Tag','tag','2021-04-11 07:21:10','2021-04-11 07:21:14'),(174,'jquery',3,'Botble\\Blog\\Models\\Tag','tag','2021-04-11 07:21:10','2021-04-11 07:21:14'),(175,'branding',4,'Botble\\Blog\\Models\\Tag','tag','2021-04-11 07:21:10','2021-04-11 07:21:14'),(176,'modern',5,'Botble\\Blog\\Models\\Tag','tag','2021-04-11 07:21:10','2021-04-11 07:21:14'),(177,'ecommerce',1,'Botble\\Blog\\Models\\Category','blog','2021-04-11 07:21:10','2021-04-11 07:21:14'),(178,'fashion',2,'Botble\\Blog\\Models\\Category','blog','2021-04-11 07:21:10','2021-04-11 07:21:14'),(179,'electronic',3,'Botble\\Blog\\Models\\Category','blog','2021-04-11 07:21:10','2021-04-11 07:21:14'),(180,'commercial',4,'Botble\\Blog\\Models\\Category','blog','2021-04-11 07:21:10','2021-04-11 07:21:14'),(181,'4-expert-tips-on-how-to-choose-the-right-mens-wallet',1,'Botble\\Blog\\Models\\Post','blog','2021-04-11 07:21:10','2021-04-11 07:21:14'),(182,'sexy-clutches-how-to-buy-wear-a-designer-clutch-bag',2,'Botble\\Blog\\Models\\Post','blog','2021-04-11 07:21:10','2021-04-11 07:21:14'),(183,'the-top-2020-handbag-trends-to-know',3,'Botble\\Blog\\Models\\Post','blog','2021-04-11 07:21:10','2021-04-11 07:21:14'),(184,'how-to-match-the-color-of-your-handbag-with-an-outfit',4,'Botble\\Blog\\Models\\Post','blog','2021-04-11 07:21:10','2021-04-11 07:21:14'),(185,'how-to-care-for-leather-bags',5,'Botble\\Blog\\Models\\Post','blog','2021-04-11 07:21:10','2021-04-11 07:21:14'),(186,'were-crushing-hard-on-summers-10-biggest-bag-trends',6,'Botble\\Blog\\Models\\Post','blog','2021-04-11 07:21:10','2021-04-11 07:21:14'),(187,'homepage',1,'Botble\\Page\\Models\\Page','','2021-04-11 07:21:10','2021-04-11 07:21:10'),(188,'blog',2,'Botble\\Page\\Models\\Page','','2021-04-11 07:21:10','2021-04-11 07:21:10'),(189,'contact',3,'Botble\\Page\\Models\\Page','','2021-04-11 07:21:10','2021-04-11 07:21:10'),(190,'cookie-policy',4,'Botble\\Page\\Models\\Page','','2021-04-11 07:21:10','2021-04-11 07:21:10'),(191,'men',1,'Botble\\Gallery\\Models\\Gallery','galleries','2021-04-11 07:21:16','2021-04-11 07:21:16'),(192,'women',2,'Botble\\Gallery\\Models\\Gallery','galleries','2021-04-11 07:21:16','2021-04-11 07:21:16'),(193,'accessories',3,'Botble\\Gallery\\Models\\Gallery','galleries','2021-04-11 07:21:16','2021-04-11 07:21:16'),(194,'shoes',4,'Botble\\Gallery\\Models\\Gallery','galleries','2021-04-11 07:21:16','2021-04-11 07:21:16'),(195,'denim',5,'Botble\\Gallery\\Models\\Gallery','galleries','2021-04-11 07:21:16','2021-04-11 07:21:16'),(196,'dress',6,'Botble\\Gallery\\Models\\Gallery','galleries','2021-04-11 07:21:16','2021-04-11 07:21:16');
/*!40000 ALTER TABLE `slugs` ENABLE KEYS */;
UNLOCK TABLES;

--
-- Table structure for table `tags`
--

DROP TABLE IF EXISTS `tags`;
/*!40101 SET @saved_cs_client     = @@character_set_client */;
/*!40101 SET character_set_client = utf8 */;
CREATE TABLE `tags` (
  `id` bigint(20) unsigned NOT NULL AUTO_INCREMENT,
  `name` varchar(120) COLLATE utf8mb4_unicode_ci NOT NULL,
  `author_id` int(11) NOT NULL,
  `author_type` varchar(255) COLLATE utf8mb4_unicode_ci NOT NULL DEFAULT 'Botble\\ACL\\Models\\User',
  `description` varchar(400) COLLATE utf8mb4_unicode_ci DEFAULT '',
  `status` varchar(60) COLLATE utf8mb4_unicode_ci NOT NULL DEFAULT 'published',
  `created_at` timestamp NULL DEFAULT NULL,
  `updated_at` timestamp NULL DEFAULT NULL,
  PRIMARY KEY (`id`)
) ENGINE=InnoDB AUTO_INCREMENT=6 DEFAULT CHARSET=utf8mb4 COLLATE=utf8mb4_unicode_ci;
/*!40101 SET character_set_client = @saved_cs_client */;

--
-- Dumping data for table `tags`
--

LOCK TABLES `tags` WRITE;
/*!40000 ALTER TABLE `tags` DISABLE KEYS */;
INSERT INTO `tags` VALUES (1,'General',1,'Botble\\ACL\\Models\\User','','published','2021-04-11 07:21:10','2021-04-11 07:21:10'),(2,'Design',1,'Botble\\ACL\\Models\\User','','published','2021-04-11 07:21:10','2021-04-11 07:21:10'),(3,'Jquery',1,'Botble\\ACL\\Models\\User','','published','2021-04-11 07:21:10','2021-04-11 07:21:10'),(4,'Branding',1,'Botble\\ACL\\Models\\User','','published','2021-04-11 07:21:10','2021-04-11 07:21:10'),(5,'Modern',1,'Botble\\ACL\\Models\\User','','published','2021-04-11 07:21:10','2021-04-11 07:21:10');
/*!40000 ALTER TABLE `tags` ENABLE KEYS */;
UNLOCK TABLES;

--
-- Table structure for table `translations`
--

DROP TABLE IF EXISTS `translations`;
/*!40101 SET @saved_cs_client     = @@character_set_client */;
/*!40101 SET character_set_client = utf8 */;
CREATE TABLE `translations` (
  `id` bigint(20) unsigned NOT NULL AUTO_INCREMENT,
  `status` int(11) NOT NULL DEFAULT '0',
  `locale` varchar(191) COLLATE utf8mb4_unicode_ci NOT NULL,
  `group` varchar(191) COLLATE utf8mb4_unicode_ci NOT NULL,
  `key` varchar(191) COLLATE utf8mb4_unicode_ci NOT NULL,
  `value` text COLLATE utf8mb4_unicode_ci,
  `created_at` timestamp NULL DEFAULT NULL,
  `updated_at` timestamp NULL DEFAULT NULL,
  PRIMARY KEY (`id`)
) ENGINE=InnoDB AUTO_INCREMENT=3874 DEFAULT CHARSET=utf8mb4 COLLATE=utf8mb4_unicode_ci;
/*!40101 SET character_set_client = @saved_cs_client */;

--
-- Dumping data for table `translations`
--

LOCK TABLES `translations` WRITE;
/*!40000 ALTER TABLE `translations` DISABLE KEYS */;
INSERT INTO `translations` VALUES (1,1,'en','auth','failed','These credentials do not match our records.','2021-04-11 19:01:26','2021-04-11 19:01:26'),(2,1,'en','auth','password','The provided password is incorrect.','2021-04-11 19:01:26','2021-04-11 19:01:26'),(3,1,'en','auth','throttle','Too many login attempts. Please try again in :seconds seconds.','2021-04-11 19:01:26','2021-04-11 19:01:26'),(4,1,'en','pagination','previous','&laquo; Previous','2021-04-11 19:01:26','2021-04-11 19:01:26'),(5,1,'en','pagination','next','Next &raquo;','2021-04-11 19:01:26','2021-04-11 19:01:26'),(6,1,'en','passwords','reset','Your password has been reset!','2021-04-11 19:01:26','2021-04-11 19:01:26'),(7,1,'en','passwords','sent','We have emailed your password reset link!','2021-04-11 19:01:26','2021-04-11 19:01:26'),(8,1,'en','passwords','throttled','Please wait before retrying.','2021-04-11 19:01:26','2021-04-11 19:01:26'),(9,1,'en','passwords','token','This password reset token is invalid.','2021-04-11 19:01:26','2021-04-11 19:01:26'),(10,1,'en','passwords','user','We can\'t find a user with that email address.','2021-04-11 19:01:26','2021-04-11 19:01:26'),(11,1,'en','validation','accepted','The :attribute must be accepted.','2021-04-11 19:01:26','2021-04-11 19:01:26'),(12,1,'en','validation','active_url','The :attribute is not a valid URL.','2021-04-11 19:01:26','2021-04-11 19:01:26'),(13,1,'en','validation','after','The :attribute must be a date after :date.','2021-04-11 19:01:26','2021-04-11 19:01:26'),(14,1,'en','validation','after_or_equal','The :attribute must be a date after or equal to :date.','2021-04-11 19:01:26','2021-04-11 19:01:26'),(15,1,'en','validation','alpha','The :attribute must only contain letters.','2021-04-11 19:01:26','2021-04-11 19:01:26'),(16,1,'en','validation','alpha_dash','The :attribute must only contain letters, numbers, dashes and underscores.','2021-04-11 19:01:26','2021-04-11 19:01:26'),(17,1,'en','validation','alpha_num','The :attribute must only contain letters and numbers.','2021-04-11 19:01:26','2021-04-11 19:01:26'),(18,1,'en','validation','array','The :attribute must be an array.','2021-04-11 19:01:26','2021-04-11 19:01:26'),(19,1,'en','validation','before','The :attribute must be a date before :date.','2021-04-11 19:01:26','2021-04-11 19:01:26'),(20,1,'en','validation','before_or_equal','The :attribute must be a date before or equal to :date.','2021-04-11 19:01:26','2021-04-11 19:01:26'),(21,1,'en','validation','between.numeric','The :attribute must be between :min and :max.','2021-04-11 19:01:26','2021-04-11 19:01:26'),(22,1,'en','validation','between.file','The :attribute must be between :min and :max kilobytes.','2021-04-11 19:01:26','2021-04-11 19:01:26'),(23,1,'en','validation','between.string','The :attribute must be between :min and :max characters.','2021-04-11 19:01:26','2021-04-11 19:01:26'),(24,1,'en','validation','between.array','The :attribute must have between :min and :max items.','2021-04-11 19:01:26','2021-04-11 19:01:26'),(25,1,'en','validation','boolean','The :attribute field must be true or false.','2021-04-11 19:01:26','2021-04-11 19:01:26'),(26,1,'en','validation','confirmed','The :attribute confirmation does not match.','2021-04-11 19:01:26','2021-04-11 19:01:26'),(27,1,'en','validation','date','The :attribute is not a valid date.','2021-04-11 19:01:26','2021-04-11 19:01:26'),(28,1,'en','validation','date_equals','The :attribute must be a date equal to :date.','2021-04-11 19:01:26','2021-04-11 19:01:26'),(29,1,'en','validation','date_format','The :attribute does not match the format :format.','2021-04-11 19:01:26','2021-04-11 19:01:26'),(30,1,'en','validation','different','The :attribute and :other must be different.','2021-04-11 19:01:26','2021-04-11 19:01:26'),(31,1,'en','validation','digits','The :attribute must be :digits digits.','2021-04-11 19:01:26','2021-04-11 19:01:26'),(32,1,'en','validation','digits_between','The :attribute must be between :min and :max digits.','2021-04-11 19:01:26','2021-04-11 19:01:26'),(33,1,'en','validation','dimensions','The :attribute has invalid image dimensions.','2021-04-11 19:01:26','2021-04-11 19:01:26'),(34,1,'en','validation','distinct','The :attribute field has a duplicate value.','2021-04-11 19:01:26','2021-04-11 19:01:26'),(35,1,'en','validation','email','The :attribute must be a valid email address.','2021-04-11 19:01:26','2021-04-11 19:01:26'),(36,1,'en','validation','ends_with','The :attribute must end with one of the following: :values.','2021-04-11 19:01:26','2021-04-11 19:01:26'),(37,1,'en','validation','exists','The selected :attribute is invalid.','2021-04-11 19:01:26','2021-04-11 19:01:26'),(38,1,'en','validation','file','The :attribute must be a file.','2021-04-11 19:01:26','2021-04-11 19:01:26'),(39,1,'en','validation','filled','The :attribute field must have a value.','2021-04-11 19:01:26','2021-04-11 19:01:26'),(40,1,'en','validation','gt.numeric','The :attribute must be greater than :value.','2021-04-11 19:01:26','2021-04-11 19:01:26'),(41,1,'en','validation','gt.file','The :attribute must be greater than :value kilobytes.','2021-04-11 19:01:26','2021-04-11 19:01:26'),(42,1,'en','validation','gt.string','The :attribute must be greater than :value characters.','2021-04-11 19:01:26','2021-04-11 19:01:26'),(43,1,'en','validation','gt.array','The :attribute must have more than :value items.','2021-04-11 19:01:26','2021-04-11 19:01:26'),(44,1,'en','validation','gte.numeric','The :attribute must be greater than or equal :value.','2021-04-11 19:01:26','2021-04-11 19:01:26'),(45,1,'en','validation','gte.file','The :attribute must be greater than or equal :value kilobytes.','2021-04-11 19:01:26','2021-04-11 19:01:26'),(46,1,'en','validation','gte.string','The :attribute must be greater than or equal :value characters.','2021-04-11 19:01:26','2021-04-11 19:01:26'),(47,1,'en','validation','gte.array','The :attribute must have :value items or more.','2021-04-11 19:01:26','2021-04-11 19:01:26'),(48,1,'en','validation','image','The :attribute must be an image.','2021-04-11 19:01:26','2021-04-11 19:01:26'),(49,1,'en','validation','in','The selected :attribute is invalid.','2021-04-11 19:01:26','2021-04-11 19:01:26'),(50,1,'en','validation','in_array','The :attribute field does not exist in :other.','2021-04-11 19:01:26','2021-04-11 19:01:26'),(51,1,'en','validation','integer','The :attribute must be an integer.','2021-04-11 19:01:26','2021-04-11 19:01:26'),(52,1,'en','validation','ip','The :attribute must be a valid IP address.','2021-04-11 19:01:26','2021-04-11 19:01:26'),(53,1,'en','validation','ipv4','The :attribute must be a valid IPv4 address.','2021-04-11 19:01:26','2021-04-11 19:01:26'),(54,1,'en','validation','ipv6','The :attribute must be a valid IPv6 address.','2021-04-11 19:01:26','2021-04-11 19:01:26'),(55,1,'en','validation','json','The :attribute must be a valid JSON string.','2021-04-11 19:01:26','2021-04-11 19:01:26'),(56,1,'en','validation','lt.numeric','The :attribute must be less than :value.','2021-04-11 19:01:26','2021-04-11 19:01:26'),(57,1,'en','validation','lt.file','The :attribute must be less than :value kilobytes.','2021-04-11 19:01:26','2021-04-11 19:01:26'),(58,1,'en','validation','lt.string','The :attribute must be less than :value characters.','2021-04-11 19:01:26','2021-04-11 19:01:26'),(59,1,'en','validation','lt.array','The :attribute must have less than :value items.','2021-04-11 19:01:26','2021-04-11 19:01:26'),(60,1,'en','validation','lte.numeric','The :attribute must be less than or equal :value.','2021-04-11 19:01:26','2021-04-11 19:01:26'),(61,1,'en','validation','lte.file','The :attribute must be less than or equal :value kilobytes.','2021-04-11 19:01:26','2021-04-11 19:01:26'),(62,1,'en','validation','lte.string','The :attribute must be less than or equal :value characters.','2021-04-11 19:01:26','2021-04-11 19:01:26'),(63,1,'en','validation','lte.array','The :attribute must not have more than :value items.','2021-04-11 19:01:26','2021-04-11 19:01:26'),(64,1,'en','validation','max.numeric','The :attribute must not be greater than :max.','2021-04-11 19:01:26','2021-04-11 19:01:26'),(65,1,'en','validation','max.file','The :attribute must not be greater than :max kilobytes.','2021-04-11 19:01:26','2021-04-11 19:01:26'),(66,1,'en','validation','max.string','The :attribute must not be greater than :max characters.','2021-04-11 19:01:26','2021-04-11 19:01:26'),(67,1,'en','validation','max.array','The :attribute must not have more than :max items.','2021-04-11 19:01:26','2021-04-11 19:01:26'),(68,1,'en','validation','mimes','The :attribute must be a file of type: :values.','2021-04-11 19:01:26','2021-04-11 19:01:26'),(69,1,'en','validation','mimetypes','The :attribute must be a file of type: :values.','2021-04-11 19:01:26','2021-04-11 19:01:26'),(70,1,'en','validation','min.numeric','The :attribute must be at least :min.','2021-04-11 19:01:26','2021-04-11 19:01:26'),(71,1,'en','validation','min.file','The :attribute must be at least :min kilobytes.','2021-04-11 19:01:26','2021-04-11 19:01:26'),(72,1,'en','validation','min.string','The :attribute must be at least :min characters.','2021-04-11 19:01:26','2021-04-11 19:01:26'),(73,1,'en','validation','min.array','The :attribute must have at least :min items.','2021-04-11 19:01:26','2021-04-11 19:01:26'),(74,1,'en','validation','multiple_of','The :attribute must be a multiple of :value.','2021-04-11 19:01:26','2021-04-11 19:01:26'),(75,1,'en','validation','not_in','The selected :attribute is invalid.','2021-04-11 19:01:26','2021-04-11 19:01:26'),(76,1,'en','validation','not_regex','The :attribute format is invalid.','2021-04-11 19:01:26','2021-04-11 19:01:26'),(77,1,'en','validation','numeric','The :attribute must be a number.','2021-04-11 19:01:26','2021-04-11 19:01:26'),(78,1,'en','validation','password','The password is incorrect.','2021-04-11 19:01:26','2021-04-11 19:01:26'),(79,1,'en','validation','present','The :attribute field must be present.','2021-04-11 19:01:26','2021-04-11 19:01:26'),(80,1,'en','validation','regex','The :attribute format is invalid.','2021-04-11 19:01:26','2021-04-11 19:01:26'),(81,1,'en','validation','required','The :attribute field is required.','2021-04-11 19:01:26','2021-04-11 19:01:26'),(82,1,'en','validation','required_if','The :attribute field is required when :other is :value.','2021-04-11 19:01:26','2021-04-11 19:01:26'),(83,1,'en','validation','required_unless','The :attribute field is required unless :other is in :values.','2021-04-11 19:01:26','2021-04-11 19:01:26'),(84,1,'en','validation','required_with','The :attribute field is required when :values is present.','2021-04-11 19:01:26','2021-04-11 19:01:26'),(85,1,'en','validation','required_with_all','The :attribute field is required when :values are present.','2021-04-11 19:01:26','2021-04-11 19:01:26'),(86,1,'en','validation','required_without','The :attribute field is required when :values is not present.','2021-04-11 19:01:26','2021-04-11 19:01:26'),(87,1,'en','validation','required_without_all','The :attribute field is required when none of :values are present.','2021-04-11 19:01:26','2021-04-11 19:01:26'),(88,1,'en','validation','prohibited','The :attribute field is prohibited.','2021-04-11 19:01:26','2021-04-11 19:01:26'),(89,1,'en','validation','prohibited_if','The :attribute field is prohibited when :other is :value.','2021-04-11 19:01:26','2021-04-11 19:01:26'),(90,1,'en','validation','prohibited_unless','The :attribute field is prohibited unless :other is in :values.','2021-04-11 19:01:26','2021-04-11 19:01:26'),(91,1,'en','validation','same','The :attribute and :other must match.','2021-04-11 19:01:26','2021-04-11 19:01:26'),(92,1,'en','validation','size.numeric','The :attribute must be :size.','2021-04-11 19:01:26','2021-04-11 19:01:26'),(93,1,'en','validation','size.file','The :attribute must be :size kilobytes.','2021-04-11 19:01:26','2021-04-11 19:01:26'),(94,1,'en','validation','size.string','The :attribute must be :size characters.','2021-04-11 19:01:26','2021-04-11 19:01:26'),(95,1,'en','validation','size.array','The :attribute must contain :size items.','2021-04-11 19:01:26','2021-04-11 19:01:26'),(96,1,'en','validation','starts_with','The :attribute must start with one of the following: :values.','2021-04-11 19:01:26','2021-04-11 19:01:26'),(97,1,'en','validation','string','The :attribute must be a string.','2021-04-11 19:01:26','2021-04-11 19:01:26'),(98,1,'en','validation','timezone','The :attribute must be a valid zone.','2021-04-11 19:01:26','2021-04-11 19:01:26'),(99,1,'en','validation','unique','The :attribute has already been taken.','2021-04-11 19:01:26','2021-04-11 19:01:26'),(100,1,'en','validation','uploaded','The :attribute failed to upload.','2021-04-11 19:01:26','2021-04-11 19:01:26'),(101,1,'en','validation','url','The :attribute format is invalid.','2021-04-11 19:01:26','2021-04-11 19:01:26'),(102,1,'en','validation','uuid','The :attribute must be a valid UUID.','2021-04-11 19:01:26','2021-04-11 19:01:26'),(103,1,'en','validation','custom.attribute-name.rule-name','custom-message','2021-04-11 19:01:26','2021-04-11 19:01:26'),(104,1,'en','core/acl/api','api_clients','API Clients','2021-04-11 19:01:26','2021-04-11 19:01:26'),(105,1,'en','core/acl/api','create_new_client','Create new client','2021-04-11 19:01:26','2021-04-11 19:01:26'),(106,1,'en','core/acl/api','create_new_client_success','Create new client successfully!','2021-04-11 19:01:26','2021-04-11 19:01:26'),(107,1,'en','core/acl/api','edit_client','Edit client \":name\"','2021-04-11 19:01:26','2021-04-11 19:01:26'),(108,1,'en','core/acl/api','edit_client_success','Updated client successfully!','2021-04-11 19:01:26','2021-04-11 19:01:26'),(109,1,'en','core/acl/api','delete_success','Deleted client successfully!','2021-04-11 19:01:26','2021-04-11 19:01:26'),(110,1,'en','core/acl/api','confirm_delete_title','Confirm delete client \":name\"','2021-04-11 19:01:26','2021-04-11 19:01:26'),(111,1,'en','core/acl/api','confirm_delete_description','Do you really want to delete client \":name\"?','2021-04-11 19:01:26','2021-04-11 19:01:26'),(112,1,'en','core/acl/api','cancel_delete','No','2021-04-11 19:01:26','2021-04-11 19:01:26'),(113,1,'en','core/acl/api','continue_delete','Yes, let\'s delete it!','2021-04-11 19:01:26','2021-04-11 19:01:26'),(114,1,'en','core/acl/api','name','Name','2021-04-11 19:01:26','2021-04-11 19:01:26'),(115,1,'en','core/acl/api','cancel','Cancel','2021-04-11 19:01:26','2021-04-11 19:01:26'),(116,1,'en','core/acl/api','save','Save','2021-04-11 19:01:26','2021-04-11 19:01:26'),(117,1,'en','core/acl/api','edit','Edit','2021-04-11 19:01:26','2021-04-11 19:01:26'),(118,1,'en','core/acl/api','delete','Delete','2021-04-11 19:01:26','2021-04-11 19:01:26'),(119,1,'en','core/acl/api','client_id','Client ID','2021-04-11 19:01:26','2021-04-11 19:01:26'),(120,1,'en','core/acl/api','secret','Secret','2021-04-11 19:01:26','2021-04-11 19:01:26'),(121,1,'en','core/acl/auth','login.username','Email/Username','2021-04-11 19:01:26','2021-04-11 19:01:26'),(122,1,'en','core/acl/auth','login.email','Email','2021-04-11 19:01:26','2021-04-11 19:01:26'),(123,1,'en','core/acl/auth','login.password','Password','2021-04-11 19:01:26','2021-04-11 19:01:26'),(124,1,'en','core/acl/auth','login.title','User Login','2021-04-11 19:01:26','2021-04-11 19:01:26'),(125,1,'en','core/acl/auth','login.remember','Remember me?','2021-04-11 19:01:26','2021-04-11 19:01:26'),(126,1,'en','core/acl/auth','login.login','Sign in','2021-04-11 19:01:26','2021-04-11 19:01:26'),(127,1,'en','core/acl/auth','login.placeholder.username','Please enter your username','2021-04-11 19:01:26','2021-04-11 19:01:26'),(128,1,'en','core/acl/auth','login.placeholder.email','Please enter your email','2021-04-11 19:01:26','2021-04-11 19:01:26'),(129,1,'en','core/acl/auth','login.success','Login successfully!','2021-04-11 19:01:26','2021-04-11 19:01:26'),(130,1,'en','core/acl/auth','login.fail','Wrong username or password.','2021-04-11 19:01:26','2021-04-11 19:01:26'),(131,1,'en','core/acl/auth','login.not_active','Your account has not been activated yet!','2021-04-11 19:01:26','2021-04-11 19:01:26'),(132,1,'en','core/acl/auth','login.banned','This account is banned.','2021-04-11 19:01:26','2021-04-11 19:01:26'),(133,1,'en','core/acl/auth','login.logout_success','Logout successfully!','2021-04-11 19:01:26','2021-04-11 19:01:26'),(134,1,'en','core/acl/auth','login.dont_have_account','You don\'t have account on this system, please contact administrator for more information!','2021-04-11 19:01:26','2021-04-11 19:01:26'),(135,1,'en','core/acl/auth','forgot_password.title','Forgot Password','2021-04-11 19:01:26','2021-04-11 19:01:26'),(136,1,'en','core/acl/auth','forgot_password.message','<p>Have you forgotten your password?</p><p>Please enter your email account. System will send a email with active link to reset your password.</p>','2021-04-11 19:01:26','2021-04-11 19:01:26'),(137,1,'en','core/acl/auth','forgot_password.submit','Submit','2021-04-11 19:01:26','2021-04-11 19:01:26'),(138,1,'en','core/acl/auth','reset.new_password','New password','2021-04-11 19:01:26','2021-04-11 19:01:26'),(139,1,'en','core/acl/auth','reset.password_confirmation','Confirm new password','2021-04-11 19:01:26','2021-04-11 19:01:26'),(140,1,'en','core/acl/auth','reset.email','Email','2021-04-11 19:01:26','2021-04-11 19:01:26'),(141,1,'en','core/acl/auth','reset.title','Reset your password','2021-04-11 19:01:26','2021-04-11 19:01:26'),(142,1,'en','core/acl/auth','reset.update','Update','2021-04-11 19:01:26','2021-04-11 19:01:26'),(143,1,'en','core/acl/auth','reset.wrong_token','This link is invalid or expired. Please try using reset form again.','2021-04-11 19:01:26','2021-04-11 19:01:26'),(144,1,'en','core/acl/auth','reset.user_not_found','This username is not exist.','2021-04-11 19:01:26','2021-04-11 19:01:26'),(145,1,'en','core/acl/auth','reset.success','Reset password successfully!','2021-04-11 19:01:26','2021-04-11 19:01:26'),(146,1,'en','core/acl/auth','reset.fail','Token is invalid, the reset password link has been expired!','2021-04-11 19:01:26','2021-04-11 19:01:26'),(147,1,'en','core/acl/auth','reset.reset.title','Email reset password','2021-04-11 19:01:26','2021-04-11 19:01:26'),(148,1,'en','core/acl/auth','reset.send.success','A email was sent to your email account. Please check and complete this action.','2021-04-11 19:01:26','2021-04-11 19:01:26'),(149,1,'en','core/acl/auth','reset.send.fail','Can not send email in this time. Please try again later.','2021-04-11 19:01:26','2021-04-11 19:01:26'),(150,1,'en','core/acl/auth','reset.new-password','New password','2021-04-11 19:01:26','2021-04-11 19:01:26'),(151,1,'en','core/acl/auth','email.reminder.title','Email reset password','2021-04-11 19:01:26','2021-04-11 19:01:26'),(152,1,'en','core/acl/auth','password_confirmation','Password confirm','2021-04-11 19:01:26','2021-04-11 19:01:26'),(153,1,'en','core/acl/auth','failed','Failed','2021-04-11 19:01:26','2021-04-11 19:01:26'),(154,1,'en','core/acl/auth','throttle','Throttle','2021-04-11 19:01:26','2021-04-11 19:01:26'),(155,1,'en','core/acl/auth','not_member','Not a member yet?','2021-04-11 19:01:26','2021-04-11 19:01:26'),(156,1,'en','core/acl/auth','register_now','Register now','2021-04-11 19:01:26','2021-04-11 19:01:26'),(157,1,'en','core/acl/auth','lost_your_password','Lost your password?','2021-04-11 19:01:26','2021-04-11 19:01:26'),(158,1,'en','core/acl/auth','login_title','Admin','2021-04-11 19:01:26','2021-04-11 19:01:26'),(159,1,'en','core/acl/auth','login_via_social','Login with social networks','2021-04-11 19:01:26','2021-04-11 19:01:26'),(160,1,'en','core/acl/auth','back_to_login','Back to login page','2021-04-11 19:01:26','2021-04-11 19:01:26'),(161,1,'en','core/acl/auth','sign_in_below','Sign In Below','2021-04-11 19:01:26','2021-04-11 19:01:26'),(162,1,'en','core/acl/auth','languages','Languages','2021-04-11 19:01:26','2021-04-11 19:01:26'),(163,1,'en','core/acl/auth','reset_password','Reset Password','2021-04-11 19:01:26','2021-04-11 19:01:26'),(164,1,'en','core/acl/permissions','notices.role_in_use','Cannot delete this role, it is still in use!','2021-04-11 19:01:26','2021-04-11 19:01:26'),(165,1,'en','core/acl/permissions','notices.role_delete_belong_user','You are not able to delete this role; it belongs to someone else!','2021-04-11 19:01:26','2021-04-11 19:01:26'),(166,1,'en','core/acl/permissions','notices.role_edit_belong_user','You are not able to edit this role; it belongs to someone else!','2021-04-11 19:01:26','2021-04-11 19:01:26'),(167,1,'en','core/acl/permissions','notices.delete_global_role','You are not allowed to delete global roles!','2021-04-11 19:01:26','2021-04-11 19:01:26'),(168,1,'en','core/acl/permissions','notices.delete_success','The selected role was deleted successfully!','2021-04-11 19:01:26','2021-04-11 19:01:26'),(169,1,'en','core/acl/permissions','notices.modified_success','The selected role was modified successfully!','2021-04-11 19:01:26','2021-04-11 19:01:26'),(170,1,'en','core/acl/permissions','notices.create_success','The new role was successfully created','2021-04-11 19:01:26','2021-04-11 19:01:26'),(171,1,'en','core/acl/permissions','notices.duplicated_success','The selected role was duplicated successfully','2021-04-11 19:01:26','2021-04-11 19:01:26'),(172,1,'en','core/acl/permissions','notices.no_select','Please select at least one record to take this action!','2021-04-11 19:01:26','2021-04-11 19:01:26'),(173,1,'en','core/acl/permissions','notices.not_found','Role not found','2021-04-11 19:01:26','2021-04-11 19:01:26'),(174,1,'en','core/acl/permissions','name','Name','2021-04-11 19:01:26','2021-04-11 19:01:26'),(175,1,'en','core/acl/permissions','current_role','Current Role','2021-04-11 19:01:26','2021-04-11 19:01:26'),(176,1,'en','core/acl/permissions','no_role_assigned','No role assigned','2021-04-11 19:01:26','2021-04-11 19:01:26'),(177,1,'en','core/acl/permissions','role_assigned','Assigned Role','2021-04-11 19:01:26','2021-04-11 19:01:26'),(178,1,'en','core/acl/permissions','create_role','Create New Role','2021-04-11 19:01:26','2021-04-11 19:01:26'),(179,1,'en','core/acl/permissions','role_name','Name','2021-04-11 19:01:26','2021-04-11 19:01:26'),(180,1,'en','core/acl/permissions','role_description','Description','2021-04-11 19:01:26','2021-04-11 19:01:26'),(181,1,'en','core/acl/permissions','permission_flags','Permission Flags','2021-04-11 19:01:26','2021-04-11 19:01:26'),(182,1,'en','core/acl/permissions','cancel','Cancel','2021-04-11 19:01:26','2021-04-11 19:01:26'),(183,1,'en','core/acl/permissions','reset','Reset','2021-04-11 19:01:26','2021-04-11 19:01:26'),(184,1,'en','core/acl/permissions','save','Save','2021-04-11 19:01:26','2021-04-11 19:01:26'),(185,1,'en','core/acl/permissions','global_role_msg','This is a global role and cannot be modified.  You can use the Duplicate button to make a copy of this role that you can then modify.','2021-04-11 19:01:26','2021-04-11 19:01:26'),(186,1,'en','core/acl/permissions','details','Details','2021-04-11 19:01:26','2021-04-11 19:01:26'),(187,1,'en','core/acl/permissions','duplicate','Duplicate','2021-04-11 19:01:26','2021-04-11 19:01:26'),(188,1,'en','core/acl/permissions','all','All Permissions','2021-04-11 19:01:26','2021-04-11 19:01:26'),(189,1,'en','core/acl/permissions','list_role','List Roles','2021-04-11 19:01:26','2021-04-11 19:01:26'),(190,1,'en','core/acl/permissions','created_on','Created On','2021-04-11 19:01:26','2021-04-11 19:01:26'),(191,1,'en','core/acl/permissions','created_by','Created By','2021-04-11 19:01:26','2021-04-11 19:01:26'),(192,1,'en','core/acl/permissions','actions','Actions','2021-04-11 19:01:26','2021-04-11 19:01:26'),(193,1,'en','core/acl/permissions','role_in_use','Cannot delete this role, it is still in use!','2021-04-11 19:01:26','2021-04-11 19:01:26'),(194,1,'en','core/acl/permissions','role_delete_belong_user','You are not able to delete this role; it belongs to someone else!','2021-04-11 19:01:26','2021-04-11 19:01:26'),(195,1,'en','core/acl/permissions','delete_global_role','Can not delete global role','2021-04-11 19:01:26','2021-04-11 19:01:26'),(196,1,'en','core/acl/permissions','delete_success','Delete role successfully','2021-04-11 19:01:26','2021-04-11 19:01:26'),(197,1,'en','core/acl/permissions','no_select','Please select at least one role to take this action!','2021-04-11 19:01:26','2021-04-11 19:01:26'),(198,1,'en','core/acl/permissions','not_found','No role found!','2021-04-11 19:01:26','2021-04-11 19:01:26'),(199,1,'en','core/acl/permissions','role_edit_belong_user','You are not able to edit this role; it belongs to someone else!','2021-04-11 19:01:26','2021-04-11 19:01:26'),(200,1,'en','core/acl/permissions','modified_success','Modified successfully','2021-04-11 19:01:26','2021-04-11 19:01:26'),(201,1,'en','core/acl/permissions','create_success','Create successfully','2021-04-11 19:01:26','2021-04-11 19:01:26'),(202,1,'en','core/acl/permissions','duplicated_success','Duplicated successfully','2021-04-11 19:01:26','2021-04-11 19:01:26'),(203,1,'en','core/acl/permissions','options','Options','2021-04-11 19:01:26','2021-04-11 19:01:26'),(204,1,'en','core/acl/permissions','access_denied_message','You are not allowed to do this action','2021-04-11 19:01:26','2021-04-11 19:01:26'),(205,1,'en','core/acl/permissions','roles','Roles','2021-04-11 19:01:26','2021-04-11 19:01:26'),(206,1,'en','core/acl/permissions','role_permission','Roles and Permissions','2021-04-11 19:01:26','2021-04-11 19:01:26'),(207,1,'en','core/acl/permissions','user_management','User Management','2021-04-11 19:01:26','2021-04-11 19:01:26'),(208,1,'en','core/acl/permissions','super_user_management','Super User Management','2021-04-11 19:01:26','2021-04-11 19:01:26'),(209,1,'en','core/acl/permissions','action_unauthorized','This action is unauthorized.','2021-04-11 19:01:26','2021-04-11 19:01:26'),(210,1,'en','core/acl/reminders','password','Passwords must be at least six characters and match the confirmation.','2021-04-11 19:01:26','2021-04-11 19:01:26'),(211,1,'en','core/acl/reminders','user','We can\'t find a user with that e-mail address.','2021-04-11 19:01:26','2021-04-11 19:01:26'),(212,1,'en','core/acl/reminders','token','This password reset token is invalid.','2021-04-11 19:01:26','2021-04-11 19:01:26'),(213,1,'en','core/acl/reminders','sent','Password reminder sent!','2021-04-11 19:01:26','2021-04-11 19:01:26'),(214,1,'en','core/acl/reminders','reset','Password has been reset!','2021-04-11 19:01:26','2021-04-11 19:01:26'),(215,1,'en','core/acl/users','delete_user_logged_in','Can\'t delete this user. This user is logged on!','2021-04-11 19:01:26','2021-04-11 19:01:26'),(216,1,'en','core/acl/users','no_select','Please select at least one record to take this action!','2021-04-11 19:01:26','2021-04-11 19:01:26'),(217,1,'en','core/acl/users','lock_user_logged_in','Can\'t lock this user. This user is logged on!','2021-04-11 19:01:26','2021-04-11 19:01:26'),(218,1,'en','core/acl/users','update_success','Update status successfully!','2021-04-11 19:01:26','2021-04-11 19:01:26'),(219,1,'en','core/acl/users','save_setting_failed','Something went wrong when save your setting','2021-04-11 19:01:26','2021-04-11 19:01:26'),(220,1,'en','core/acl/users','not_found','User not found','2021-04-11 19:01:26','2021-04-11 19:01:26'),(221,1,'en','core/acl/users','email_exist','That email address already belongs to an existing account','2021-04-11 19:01:26','2021-04-11 19:01:26'),(222,1,'en','core/acl/users','username_exist','That username address already belongs to an existing account','2021-04-11 19:01:26','2021-04-11 19:01:26'),(223,1,'en','core/acl/users','update_profile_success','Your profile changes were successfully saved','2021-04-11 19:01:26','2021-04-11 19:01:26'),(224,1,'en','core/acl/users','password_update_success','Password successfully changed','2021-04-11 19:01:26','2021-04-11 19:01:26'),(225,1,'en','core/acl/users','current_password_not_valid','Current password is not valid','2021-04-11 19:01:26','2021-04-11 19:01:26'),(226,1,'en','core/acl/users','user_exist_in','User is already a member','2021-04-11 19:01:26','2021-04-11 19:01:26'),(227,1,'en','core/acl/users','email','Email','2021-04-11 19:01:26','2021-04-11 19:01:26'),(228,1,'en','core/acl/users','role','Role','2021-04-11 19:01:26','2021-04-11 19:01:26'),(229,1,'en','core/acl/users','username','Username','2021-04-11 19:01:26','2021-04-11 19:01:26'),(230,1,'en','core/acl/users','last_name','Last Name','2021-04-11 19:01:26','2021-04-11 19:01:26'),(231,1,'en','core/acl/users','first_name','First Name','2021-04-11 19:01:26','2021-04-11 19:01:26'),(232,1,'en','core/acl/users','message','Message','2021-04-11 19:01:26','2021-04-11 19:01:26'),(233,1,'en','core/acl/users','cancel_btn','Cancel','2021-04-11 19:01:26','2021-04-11 19:01:26'),(234,1,'en','core/acl/users','change_password','Change password','2021-04-11 19:01:26','2021-04-11 19:01:26'),(235,1,'en','core/acl/users','current_password','Current password','2021-04-11 19:01:26','2021-04-11 19:01:26'),(236,1,'en','core/acl/users','new_password','New Password','2021-04-11 19:01:26','2021-04-11 19:01:26'),(237,1,'en','core/acl/users','confirm_new_password','Confirm New Password','2021-04-11 19:01:26','2021-04-11 19:01:26'),(238,1,'en','core/acl/users','password','Password','2021-04-11 19:01:26','2021-04-11 19:01:26'),(239,1,'en','core/acl/users','save','Save','2021-04-11 19:01:26','2021-04-11 19:01:26'),(240,1,'en','core/acl/users','cannot_delete','User could not be deleted','2021-04-11 19:01:26','2021-04-11 19:01:26'),(241,1,'en','core/acl/users','deleted','User deleted','2021-04-11 19:01:26','2021-04-11 19:01:26'),(242,1,'en','core/acl/users','last_login','Last Login','2021-04-11 19:01:26','2021-04-11 19:01:26'),(243,1,'en','core/acl/users','error_update_profile_image','Error when update profile image','2021-04-11 19:01:26','2021-04-11 19:01:26'),(244,1,'en','core/acl/users','email_reminder_template','<h3>Hello :name</h3><p>The system has received a request to restore the password for your account, to complete this task please click the link below.</p><p><a href=\":link\">Reset password now</a></p><p>If not you ask recover password, please ignore this email.</p><p>This email is valid for 60 minutes after receiving the email.</p>','2021-04-11 19:01:26','2021-04-11 19:01:26'),(245,1,'en','core/acl/users','change_profile_image','Change Profile Image','2021-04-11 19:01:26','2021-04-11 19:01:26'),(246,1,'en','core/acl/users','new_image','New Image','2021-04-11 19:01:26','2021-04-11 19:01:26'),(247,1,'en','core/acl/users','loading','Loading','2021-04-11 19:01:26','2021-04-11 19:01:26'),(248,1,'en','core/acl/users','close','Close','2021-04-11 19:01:26','2021-04-11 19:01:26'),(249,1,'en','core/acl/users','update','Update','2021-04-11 19:01:26','2021-04-11 19:01:26'),(250,1,'en','core/acl/users','read_image_failed','Failed to read the image file','2021-04-11 19:01:26','2021-04-11 19:01:26'),(251,1,'en','core/acl/users','users','Users','2021-04-11 19:01:26','2021-04-11 19:01:26'),(252,1,'en','core/acl/users','update_avatar_success','Update profile image successfully!','2021-04-11 19:01:26','2021-04-11 19:01:26'),(253,1,'en','core/acl/users','info.title','User profile','2021-04-11 19:01:26','2021-04-11 19:01:26'),(254,1,'en','core/acl/users','info.first_name','First Name','2021-04-11 19:01:26','2021-04-11 19:01:26'),(255,1,'en','core/acl/users','info.last_name','Last Name','2021-04-11 19:01:26','2021-04-11 19:01:26'),(256,1,'en','core/acl/users','info.email','Email','2021-04-11 19:01:26','2021-04-11 19:01:26'),(257,1,'en','core/acl/users','info.second_email','Secondary Email','2021-04-11 19:01:26','2021-04-11 19:01:26'),(258,1,'en','core/acl/users','info.address','Address','2021-04-11 19:01:26','2021-04-11 19:01:26'),(259,1,'en','core/acl/users','info.second_address','Secondary Address','2021-04-11 19:01:26','2021-04-11 19:01:26'),(260,1,'en','core/acl/users','info.birth_day','Date of birth','2021-04-11 19:01:26','2021-04-11 19:01:26'),(261,1,'en','core/acl/users','info.job','Job Position','2021-04-11 19:01:26','2021-04-11 19:01:26'),(262,1,'en','core/acl/users','info.mobile_number','Mobile Number','2021-04-11 19:01:26','2021-04-11 19:01:26'),(263,1,'en','core/acl/users','info.second_mobile_number','Secondary Phone','2021-04-11 19:01:26','2021-04-11 19:01:26'),(264,1,'en','core/acl/users','info.interes','Interests','2021-04-11 19:01:26','2021-04-11 19:01:26'),(265,1,'en','core/acl/users','info.about','About','2021-04-11 19:01:26','2021-04-11 19:01:26'),(266,1,'en','core/acl/users','gender.title','Gender','2021-04-11 19:01:26','2021-04-11 19:01:26'),(267,1,'en','core/acl/users','gender.male','Male','2021-04-11 19:01:26','2021-04-11 19:01:26'),(268,1,'en','core/acl/users','gender.female','Female','2021-04-11 19:01:26','2021-04-11 19:01:26'),(269,1,'en','core/acl/users','total_users','Total users','2021-04-11 19:01:26','2021-04-11 19:01:26'),(270,1,'en','core/acl/users','statuses.activated','Activated','2021-04-11 19:01:26','2021-04-11 19:01:26'),(271,1,'en','core/acl/users','statuses.deactivated','Deactivated','2021-04-11 19:01:26','2021-04-11 19:01:26'),(272,1,'en','core/acl/users','make_super','Make super','2021-04-11 19:01:26','2021-04-11 19:01:26'),(273,1,'en','core/acl/users','remove_super','Remove super','2021-04-11 19:01:26','2021-04-11 19:01:26'),(274,1,'en','core/acl/users','is_super','Is super?','2021-04-11 19:01:26','2021-04-11 19:01:26'),(275,1,'en','core/acl/users','email_placeholder','Ex: example@gmail.com','2021-04-11 19:01:26','2021-04-11 19:01:26'),(276,1,'en','core/acl/users','password_confirmation','Re-type password','2021-04-11 19:01:26','2021-04-11 19:01:26'),(277,1,'en','core/acl/users','select_role','Select role','2021-04-11 19:01:26','2021-04-11 19:01:26'),(278,1,'en','core/acl/users','create_new_user','Create a new user','2021-04-11 19:01:26','2021-04-11 19:01:26'),(279,1,'en','core/acl/users','cannot_delete_super_user','Permission denied. Cannot delete a super user!','2021-04-11 19:01:26','2021-04-11 19:01:26'),(280,1,'en','core/acl/users','assigned_role','Assigned Role','2021-04-11 19:01:26','2021-04-11 19:01:26'),(281,1,'en','core/acl/users','no_role_assigned','No role assigned','2021-04-11 19:01:26','2021-04-11 19:01:26'),(282,1,'en','core/acl/users','view_user_profile','View user\'s profile','2021-04-11 19:01:26','2021-04-11 19:01:26'),(283,1,'vi','core/acl/auth','login.username','Tên truy cập','2021-04-11 19:01:26','2021-04-11 19:01:26'),(284,1,'vi','core/acl/auth','login.password','Mật khẩu','2021-04-11 19:01:26','2021-04-11 19:01:26'),(285,1,'vi','core/acl/auth','login.title','Đăng nhập vào quản trị','2021-04-11 19:01:26','2021-04-11 19:01:26'),(286,1,'vi','core/acl/auth','login.remember','Nhớ mật khẩu?','2021-04-11 19:01:26','2021-04-11 19:01:26'),(287,1,'vi','core/acl/auth','login.login','Đăng nhập','2021-04-11 19:01:26','2021-04-11 19:01:26'),(288,1,'vi','core/acl/auth','login.placeholder.username','Vui lòng nhập tên truy cập','2021-04-11 19:01:26','2021-04-11 19:01:26'),(289,1,'vi','core/acl/auth','login.placeholder.email','Vui lòng nhập email','2021-04-11 19:01:26','2021-04-11 19:01:26'),(290,1,'vi','core/acl/auth','login.success','Đăng nhập thành công!','2021-04-11 19:01:26','2021-04-11 19:01:26'),(291,1,'vi','core/acl/auth','login.fail','Sai tên truy cập hoặc mật khẩu.','2021-04-11 19:01:26','2021-04-11 19:01:26'),(292,1,'vi','core/acl/auth','login.not_active','Tài khoản của bạn chưa được kích hoạt!','2021-04-11 19:01:26','2021-04-11 19:01:26'),(293,1,'vi','core/acl/auth','login.banned','Tài khoản này đã bị khóa.','2021-04-11 19:01:26','2021-04-11 19:01:26'),(294,1,'vi','core/acl/auth','login.logout_success','Đăng xuất thành công!','2021-04-11 19:01:26','2021-04-11 19:01:26'),(295,1,'vi','core/acl/auth','login.dont_have_account','Bạn không có tài khoản trong hệ thống, vui lòng liên hệ quản trị viên!','2021-04-11 19:01:26','2021-04-11 19:01:26'),(296,1,'vi','core/acl/auth','login.email','Email','2021-04-11 19:01:26','2021-04-11 19:01:26'),(297,1,'vi','core/acl/auth','forgot_password.title','Quên mật khẩu','2021-04-11 19:01:26','2021-04-11 19:01:26'),(298,1,'vi','core/acl/auth','forgot_password.message','<p>Quên mật khẩu?</p><p>Vui lòng nhập email đăng nhập tài khoản của bạn để hệ thống gửi liên kết khôi phục mật khẩu.</p>','2021-04-11 19:01:26','2021-04-11 19:01:26'),(299,1,'vi','core/acl/auth','forgot_password.submit','Hoàn tất','2021-04-11 19:01:26','2021-04-11 19:01:26'),(300,1,'vi','core/acl/auth','reset.new_password','Mật khẩu mới','2021-04-11 19:01:26','2021-04-11 19:01:26'),(301,1,'vi','core/acl/auth','reset.repassword','Xác nhận mật khẩu mới','2021-04-11 19:01:26','2021-04-11 19:01:26'),(302,1,'vi','core/acl/auth','reset.title','Khôi phục mật khẩu','2021-04-11 19:01:26','2021-04-11 19:01:26'),(303,1,'vi','core/acl/auth','reset.update','Cập nhật','2021-04-11 19:01:26','2021-04-11 19:01:26'),(304,1,'vi','core/acl/auth','reset.wrong_token','Liên kết này không chính xác hoặc đã hết hiệu lực, vui lòng yêu cầu khôi phục mật khẩu lại!','2021-04-11 19:01:26','2021-04-11 19:01:26'),(305,1,'vi','core/acl/auth','reset.user_not_found','Tên đăng nhập không tồn tại.','2021-04-11 19:01:26','2021-04-11 19:01:26'),(306,1,'vi','core/acl/auth','reset.success','Khôi phục mật khẩu thành công!','2021-04-11 19:01:26','2021-04-11 19:01:26'),(307,1,'vi','core/acl/auth','reset.fail','Token không hợp lệ hoặc liên kết khôi phục mật khẩu đã hết thời gian hiệu lực!','2021-04-11 19:01:26','2021-04-11 19:01:26'),(308,1,'vi','core/acl/auth','reset.reset.title','Email khôi phục mật khẩu','2021-04-11 19:01:26','2021-04-11 19:01:26'),(309,1,'vi','core/acl/auth','reset.send.success','Một email khôi phục mật khẩu đã được gửi tới email của bạn, vui lòng kiểm tra và hoàn tất yêu cầu.','2021-04-11 19:01:26','2021-04-11 19:01:26'),(310,1,'vi','core/acl/auth','reset.send.fail','Không thể gửi email trong lúc này. Vui lòng thực hiện lại sau.','2021-04-11 19:01:26','2021-04-11 19:01:26'),(311,1,'vi','core/acl/auth','reset.new-password','Mật khẩu mới','2021-04-11 19:01:26','2021-04-11 19:01:26'),(312,1,'vi','core/acl/auth','reset.email','Email','2021-04-11 19:01:26','2021-04-11 19:01:26'),(313,1,'vi','core/acl/auth','email.reminder.title','Email khôi phục mật khẩu','2021-04-11 19:01:26','2021-04-11 19:01:26'),(314,1,'vi','core/acl/auth','failed','Không thành công','2021-04-11 19:01:26','2021-04-11 19:01:26'),(315,1,'vi','core/acl/auth','repassword','Xác nhận mật khẩu','2021-04-11 19:01:26','2021-04-11 19:01:26'),(316,1,'vi','core/acl/auth','throttle','Throttle','2021-04-11 19:01:26','2021-04-11 19:01:26'),(317,1,'vi','core/acl/auth','back_to_login','Quay lại trang đăng nhập','2021-04-11 19:01:26','2021-04-11 19:01:26'),(318,1,'vi','core/acl/auth','login_title','Đăng nhập vào quản trị','2021-04-11 19:01:26','2021-04-11 19:01:26'),(319,1,'vi','core/acl/auth','login_via_social','Đăng nhập thông qua mạng xã hội','2021-04-11 19:01:26','2021-04-11 19:01:26'),(320,1,'vi','core/acl/auth','lost_your_password','Quên mật khẩu?','2021-04-11 19:01:26','2021-04-11 19:01:26'),(321,1,'vi','core/acl/auth','not_member','Chưa là thành viên?','2021-04-11 19:01:26','2021-04-11 19:01:26'),(322,1,'vi','core/acl/auth','register_now','Đăng ký ngay','2021-04-11 19:01:26','2021-04-11 19:01:26'),(323,1,'vi','core/acl/permissions','notices.role_in_use','Không thể xóa quyền người dùng này vì nó đang được sử dụng!','2021-04-11 19:01:26','2021-04-11 19:01:26'),(324,1,'vi','core/acl/permissions','notices.role_delete_belong_user','Không thể xóa quyền hạn này vì nó thuộc về người khác!','2021-04-11 19:01:26','2021-04-11 19:01:26'),(325,1,'vi','core/acl/permissions','notices.role_edit_belong_user','Bạn không được phép sửa quyền này vì nó thuộc về người khác','2021-04-11 19:01:26','2021-04-11 19:01:26'),(326,1,'vi','core/acl/permissions','notices.delete_global_role','Bạn không thể xóa quyền người dùng hệ thống!','2021-04-11 19:01:26','2021-04-11 19:01:26'),(327,1,'vi','core/acl/permissions','notices.delete_success','Quyền người dùng đã được xóa!','2021-04-11 19:01:26','2021-04-11 19:01:26'),(328,1,'vi','core/acl/permissions','notices.modified_success','Quyền người dùng đã được cập nhật thành công!','2021-04-11 19:01:26','2021-04-11 19:01:26'),(329,1,'vi','core/acl/permissions','notices.create_success','Quyền người dùng mới đã được tạo thành công!','2021-04-11 19:01:26','2021-04-11 19:01:26'),(330,1,'vi','core/acl/permissions','notices.duplicated_success','Quyền người dùng đã được sao chép thành công!','2021-04-11 19:01:26','2021-04-11 19:01:26'),(331,1,'vi','core/acl/permissions','notices.no_select','Hãy chọn ít nhất một quyền người dùng để thực hiện hành động này!','2021-04-11 19:01:26','2021-04-11 19:01:26'),(332,1,'vi','core/acl/permissions','notices.not_found','Không tìm thấy quyền người dùng này','2021-04-11 19:01:26','2021-04-11 19:01:26'),(333,1,'vi','core/acl/permissions','list','Danh sách phân quyền','2021-04-11 19:01:26','2021-04-11 19:01:26'),(334,1,'vi','core/acl/permissions','name','Tên','2021-04-11 19:01:26','2021-04-11 19:01:26'),(335,1,'vi','core/acl/permissions','current_role','Quyền hiện tại','2021-04-11 19:01:26','2021-04-11 19:01:26'),(336,1,'vi','core/acl/permissions','no_role_assigned','Không có quyền hạn nào','2021-04-11 19:01:26','2021-04-11 19:01:26'),(337,1,'vi','core/acl/permissions','role_assigned','Quyền đã được gán','2021-04-11 19:01:26','2021-04-11 19:01:26'),(338,1,'vi','core/acl/permissions','create_role','Tạo quyền mới','2021-04-11 19:01:26','2021-04-11 19:01:26'),(339,1,'vi','core/acl/permissions','role_name','Tên','2021-04-11 19:01:26','2021-04-11 19:01:26'),(340,1,'vi','core/acl/permissions','role_description','Mô tả','2021-04-11 19:01:26','2021-04-11 19:01:26'),(341,1,'vi','core/acl/permissions','permission_flags','Cờ đánh dấu quyền hạn','2021-04-11 19:01:26','2021-04-11 19:01:26'),(342,1,'vi','core/acl/permissions','cancel','Hủy bỏ','2021-04-11 19:01:26','2021-04-11 19:01:26'),(343,1,'vi','core/acl/permissions','reset','Làm lại','2021-04-11 19:01:26','2021-04-11 19:01:26'),(344,1,'vi','core/acl/permissions','save','Lưu','2021-04-11 19:01:26','2021-04-11 19:01:26'),(345,1,'vi','core/acl/permissions','global_role_msg','Đây là một phân quyền toàn cục và không thể thay đổi.  Bạn có thể sử dụng nút \"Nhân bản\" để tạo một bản sao chép cho phân quyền này và chỉnh sửa.','2021-04-11 19:01:26','2021-04-11 19:01:26'),(346,1,'vi','core/acl/permissions','details','Chi tiết','2021-04-11 19:01:26','2021-04-11 19:01:26'),(347,1,'vi','core/acl/permissions','duplicate','Nhân bản','2021-04-11 19:01:26','2021-04-11 19:01:26'),(348,1,'vi','core/acl/permissions','all','Tất cả phân quyền','2021-04-11 19:01:26','2021-04-11 19:01:26'),(349,1,'vi','core/acl/permissions','list_role','Danh sách quyền','2021-04-11 19:01:26','2021-04-11 19:01:26'),(350,1,'vi','core/acl/permissions','created_on','Ngày tạo','2021-04-11 19:01:26','2021-04-11 19:01:26'),(351,1,'vi','core/acl/permissions','created_by','Được tạo bởi','2021-04-11 19:01:26','2021-04-11 19:01:26'),(352,1,'vi','core/acl/permissions','actions','Tác vụ','2021-04-11 19:01:26','2021-04-11 19:01:26'),(353,1,'vi','core/acl/permissions','create_success','Tạo thành công!','2021-04-11 19:01:26','2021-04-11 19:01:26'),(354,1,'vi','core/acl/permissions','delete_global_role','Không thể xóa quyền hệ thống','2021-04-11 19:01:26','2021-04-11 19:01:26'),(355,1,'vi','core/acl/permissions','delete_success','Xóa quyền thành công','2021-04-11 19:01:26','2021-04-11 19:01:26'),(356,1,'vi','core/acl/permissions','duplicated_success','Nhân bản thành công','2021-04-11 19:01:26','2021-04-11 19:01:26'),(357,1,'vi','core/acl/permissions','modified_success','Sửa thành công','2021-04-11 19:01:26','2021-04-11 19:01:26'),(358,1,'vi','core/acl/permissions','no_select','Hãy chọn ít nhất một quyền để thực hiện hành động này!','2021-04-11 19:01:26','2021-04-11 19:01:26'),(359,1,'vi','core/acl/permissions','not_found','Không tìm thấy quyền thành viên nào!','2021-04-11 19:01:26','2021-04-11 19:01:26'),(360,1,'vi','core/acl/permissions','options','Tùy chọn','2021-04-11 19:01:26','2021-04-11 19:01:26'),(361,1,'vi','core/acl/permissions','role_delete_belong_user','Không thể xóa quyền hạn này vì nó thuộc về người khác!','2021-04-11 19:01:26','2021-04-11 19:01:26'),(362,1,'vi','core/acl/permissions','role_edit_belong_user','Bạn không được phép sửa quyền này vì nó thuộc về người khác','2021-04-11 19:01:26','2021-04-11 19:01:26'),(363,1,'vi','core/acl/permissions','role_in_use','Không thể xóa quyền người dùng này vì nó đang được sử dụng!','2021-04-11 19:01:26','2021-04-11 19:01:26'),(364,1,'vi','core/acl/permissions','access_denied_message','Bạn không có quyền sử dụng chức năng này!','2021-04-11 19:01:26','2021-04-11 19:01:26'),(365,1,'vi','core/acl/permissions','roles','Quyền','2021-04-11 19:01:26','2021-04-11 19:01:26'),(366,1,'vi','core/acl/permissions','role_permission','Nhóm và phân quyền','2021-04-11 19:01:26','2021-04-11 19:01:26'),(367,1,'vi','core/acl/permissions','user_management','Quản lý người dùng hệ thống','2021-04-11 19:01:26','2021-04-11 19:01:26'),(368,1,'vi','core/acl/permissions','super_user_management','Quản lý người dùng cấp cao','2021-04-11 19:01:26','2021-04-11 19:01:26'),(369,1,'vi','core/acl/reminders','password','Mật khẩu phải ít nhất 6 kí tự và trùng khớp với mật khẩu xác nhận.','2021-04-11 19:01:26','2021-04-11 19:01:26'),(370,1,'vi','core/acl/reminders','user','Hệ thống không thể tìm thấy tài khoản với email này.','2021-04-11 19:01:26','2021-04-11 19:01:26'),(371,1,'vi','core/acl/reminders','token','Mã khôi phục mật khẩu này không hợp lệ.','2021-04-11 19:01:26','2021-04-11 19:01:26'),(372,1,'vi','core/acl/reminders','sent','Liên kết khôi phục mật khẩu đã được gửi!','2021-04-11 19:01:26','2021-04-11 19:01:26'),(373,1,'vi','core/acl/reminders','reset','Mật khẩu đã được thay đổi!','2021-04-11 19:01:26','2021-04-11 19:01:26'),(374,1,'vi','core/acl/users','delete_user_logged_in','Không thể xóa người dùng đang đăng nhập hệ thống!','2021-04-11 19:01:26','2021-04-11 19:01:26'),(375,1,'vi','core/acl/users','no_select','Hãy chọn ít nhất một trường để thực hiện hành động này!','2021-04-11 19:01:26','2021-04-11 19:01:26'),(376,1,'vi','core/acl/users','lock_user_logged_in','Không thể khóa người dùng đang đăng nhập hệ thống!','2021-04-11 19:01:26','2021-04-11 19:01:26'),(377,1,'vi','core/acl/users','update_success','Cập nhật trạng thái thành công!','2021-04-11 19:01:26','2021-04-11 19:01:26'),(378,1,'vi','core/acl/users','save_setting_failed','Có lỗi xảy ra trong quá trình lưu cài đặt của người dùng','2021-04-11 19:01:26','2021-04-11 19:01:26'),(379,1,'vi','core/acl/users','not_found','Không tìm thấy người dùng','2021-04-11 19:01:26','2021-04-11 19:01:26'),(380,1,'vi','core/acl/users','email_exist','Email này đã được sử dụng bởi người dùng khác trong hệ thống','2021-04-11 19:01:26','2021-04-11 19:01:26'),(381,1,'vi','core/acl/users','username_exist','Tên đăng nhập này đã được sử dụng bởi người dùng khác trong hệ thống','2021-04-11 19:01:26','2021-04-11 19:01:26'),(382,1,'vi','core/acl/users','update_profile_success','Thông tin tài khoản của bạn đã được cập nhật thành công','2021-04-11 19:01:26','2021-04-11 19:01:26'),(383,1,'vi','core/acl/users','password_update_success','Cập nhật mật khẩu thành công','2021-04-11 19:01:26','2021-04-11 19:01:26'),(384,1,'vi','core/acl/users','current_password_not_valid','Mật khẩu hiện tại không chính xác','2021-04-11 19:01:26','2021-04-11 19:01:26'),(385,1,'vi','core/acl/users','user_exist_in','Người dùng đã là thành viên','2021-04-11 19:01:26','2021-04-11 19:01:26'),(386,1,'vi','core/acl/users','email','Email','2021-04-11 19:01:26','2021-04-11 19:01:26'),(387,1,'vi','core/acl/users','username','Tên đăng nhập','2021-04-11 19:01:26','2021-04-11 19:01:26'),(388,1,'vi','core/acl/users','role','Phân quyền','2021-04-11 19:01:26','2021-04-11 19:01:26'),(389,1,'vi','core/acl/users','first_name','Họ','2021-04-11 19:01:26','2021-04-11 19:01:26'),(390,1,'vi','core/acl/users','last_name','Tên','2021-04-11 19:01:26','2021-04-11 19:01:26'),(391,1,'vi','core/acl/users','message','Thông điệp','2021-04-11 19:01:26','2021-04-11 19:01:26'),(392,1,'vi','core/acl/users','cancel_btn','Hủy bỏ','2021-04-11 19:01:26','2021-04-11 19:01:26'),(393,1,'vi','core/acl/users','password','Mật khẩu','2021-04-11 19:01:26','2021-04-11 19:01:26'),(394,1,'vi','core/acl/users','new_password','Mật khẩu mới','2021-04-11 19:01:26','2021-04-11 19:01:26'),(395,1,'vi','core/acl/users','save','Lưu','2021-04-11 19:01:26','2021-04-11 19:01:26'),(396,1,'vi','core/acl/users','confirm_new_password','Xác nhận mật khẩu mới','2021-04-11 19:01:26','2021-04-11 19:01:26'),(397,1,'vi','core/acl/users','deleted','Xóa thành viên thành công','2021-04-11 19:01:26','2021-04-11 19:01:26'),(398,1,'vi','core/acl/users','cannot_delete','Không thể xóa thành viên','2021-04-11 19:01:26','2021-04-11 19:01:26'),(399,1,'vi','core/acl/users','list','Danh sách thành viên','2021-04-11 19:01:26','2021-04-11 19:01:26'),(400,1,'vi','core/acl/users','last_login','Lần cuối đăng nhập','2021-04-11 19:01:26','2021-04-11 19:01:26'),(401,1,'vi','core/acl/users','error_update_profile_image','Có lỗi trong quá trình đổi ảnh đại diện','2021-04-11 19:01:26','2021-04-11 19:01:26'),(402,1,'vi','core/acl/users','email_reminder_template','<h3>Xin chào :name</h3><p>Hệ thống vừa nhận được yêu cầu khôi phục mật khẩu cho tài khoản của bạn, để hoàn tất tác vụ này vui lòng click vào đường link bên dưới.</p><p><a href=\":link\">Khôi phục mật khẩu</a></p><p>Nếu không phải bạn yêu cầu khôi phục mật khẩu, vui lòng bỏ qua email này.</p><p>Email này có giá trị trong vòng 60 phút kể từ lúc nhận được email.</p>','2021-04-11 19:01:26','2021-04-11 19:01:26'),(403,1,'vi','core/acl/users','change_profile_image','Thay đổi ảnh đại diện','2021-04-11 19:01:26','2021-04-11 19:01:26'),(404,1,'vi','core/acl/users','new_image','Ảnh mới','2021-04-11 19:01:26','2021-04-11 19:01:26'),(405,1,'vi','core/acl/users','loading','Đang tải','2021-04-11 19:01:26','2021-04-11 19:01:26'),(406,1,'vi','core/acl/users','close','Đóng','2021-04-11 19:01:26','2021-04-11 19:01:26'),(407,1,'vi','core/acl/users','update','Cập nhật','2021-04-11 19:01:26','2021-04-11 19:01:26'),(408,1,'vi','core/acl/users','read_image_failed','Không đọc được nội dung của hình ảnh','2021-04-11 19:01:26','2021-04-11 19:01:26'),(409,1,'vi','core/acl/users','update_avatar_success','Cập nhật ảnh đại diện thành công!','2021-04-11 19:01:26','2021-04-11 19:01:26'),(410,1,'vi','core/acl/users','users','Quản trị viên','2021-04-11 19:01:26','2021-04-11 19:01:26'),(411,1,'vi','core/acl/users','info.title','Thông tin người dùng','2021-04-11 19:01:26','2021-04-11 19:01:26'),(412,1,'vi','core/acl/users','info.first_name','Họ','2021-04-11 19:01:26','2021-04-11 19:01:26'),(413,1,'vi','core/acl/users','info.last_name','Tên','2021-04-11 19:01:26','2021-04-11 19:01:26'),(414,1,'vi','core/acl/users','info.email','Email','2021-04-11 19:01:26','2021-04-11 19:01:26'),(415,1,'vi','core/acl/users','info.second_email','Email dự phòng','2021-04-11 19:01:26','2021-04-11 19:01:26'),(416,1,'vi','core/acl/users','info.address','Địa chỉ','2021-04-11 19:01:26','2021-04-11 19:01:26'),(417,1,'vi','core/acl/users','info.second_address','Địa chỉ dự phòng','2021-04-11 19:01:26','2021-04-11 19:01:26'),(418,1,'vi','core/acl/users','info.birth_day','Ngày sinh','2021-04-11 19:01:26','2021-04-11 19:01:26'),(419,1,'vi','core/acl/users','info.job','Nghề nghiệp','2021-04-11 19:01:26','2021-04-11 19:01:26'),(420,1,'vi','core/acl/users','info.mobile_number','Số điện thoại di động','2021-04-11 19:01:26','2021-04-11 19:01:26'),(421,1,'vi','core/acl/users','info.second_mobile_number','Số điện thoại dự phòng','2021-04-11 19:01:26','2021-04-11 19:01:26'),(422,1,'vi','core/acl/users','info.interes','Sở thích','2021-04-11 19:01:26','2021-04-11 19:01:26'),(423,1,'vi','core/acl/users','info.about','Giới thiệu','2021-04-11 19:01:26','2021-04-11 19:01:26'),(424,1,'vi','core/acl/users','gender.title','Giới tính','2021-04-11 19:01:26','2021-04-11 19:01:26'),(425,1,'vi','core/acl/users','gender.male','nam','2021-04-11 19:01:26','2021-04-11 19:01:26'),(426,1,'vi','core/acl/users','gender.female','nữ','2021-04-11 19:01:26','2021-04-11 19:01:26'),(427,1,'vi','core/acl/users','change_password','Thay đổi mật khẩu','2021-04-11 19:01:26','2021-04-11 19:01:26'),(428,1,'vi','core/acl/users','current_password','Mật khẩu hiện tại','2021-04-11 19:01:26','2021-04-11 19:01:26'),(429,1,'en','core/base/base','yes','Yes','2021-04-11 19:01:26','2021-04-11 19:01:26'),(430,1,'en','core/base/base','no','No','2021-04-11 19:01:26','2021-04-11 19:01:26'),(431,1,'en','core/base/base','is_default','Is default?','2021-04-11 19:01:26','2021-04-11 19:01:26'),(432,1,'en','core/base/base','proc_close_disabled_error','Function proc_close() is disabled. Please contact your hosting provider to enable\n    it. Or you can add to .env: CAN_EXECUTE_COMMAND=false to disable this feature.','2021-04-11 19:01:26','2021-04-11 19:01:26'),(433,1,'en','core/base/base','email_template.header','Email template header','2021-04-11 19:01:26','2021-04-11 19:01:26'),(434,1,'en','core/base/base','email_template.footer','Email template footer','2021-04-11 19:01:26','2021-04-11 19:01:26'),(435,1,'en','core/base/base','email_template.site_title','Site title','2021-04-11 19:01:26','2021-04-11 19:01:26'),(436,1,'en','core/base/base','email_template.site_url','Site URL','2021-04-11 19:01:26','2021-04-11 19:01:26'),(437,1,'en','core/base/base','email_template.site_logo','Site Logo','2021-04-11 19:01:26','2021-04-11 19:01:26'),(438,1,'en','core/base/base','email_template.date_time','Current date time','2021-04-11 19:01:26','2021-04-11 19:01:26'),(439,1,'en','core/base/base','email_template.date_year','Current year','2021-04-11 19:01:26','2021-04-11 19:01:26'),(440,1,'en','core/base/base','email_template.site_admin_email','Site admin email','2021-04-11 19:01:26','2021-04-11 19:01:26'),(441,1,'en','core/base/base','change_image','Change image','2021-04-11 19:01:26','2021-04-11 19:01:26'),(442,1,'en','core/base/base','delete_image','Delete image','2021-04-11 19:01:26','2021-04-11 19:01:26'),(443,1,'en','core/base/base','preview_image','Preview image','2021-04-11 19:01:26','2021-04-11 19:01:26'),(444,1,'en','core/base/base','image','Image','2021-04-11 19:01:26','2021-04-11 19:01:26'),(445,1,'en','core/base/base','using_button','Using button','2021-04-11 19:01:26','2021-04-11 19:01:26'),(446,1,'en','core/base/base','select_image','Select image','2021-04-11 19:01:26','2021-04-11 19:01:26'),(447,1,'en','core/base/base','to_add_more_image','to add more images','2021-04-11 19:01:26','2021-04-11 19:01:26'),(448,1,'en','core/base/base','add_image','Add image','2021-04-11 19:01:26','2021-04-11 19:01:26'),(449,1,'en','core/base/cache','cache_management','Cache management','2021-04-11 19:01:26','2021-04-11 19:01:26'),(450,1,'en','core/base/cache','cache_commands','Clear cache commands','2021-04-11 19:01:26','2021-04-11 19:01:26'),(451,1,'en','core/base/cache','commands.clear_cms_cache.title','Clear all CMS cache','2021-04-11 19:01:26','2021-04-11 19:01:26'),(452,1,'en','core/base/cache','commands.clear_cms_cache.description','Clear CMS caching: database caching, static blocks... Run this command when you don\'t see the changes after updating data.','2021-04-11 19:01:26','2021-04-11 19:01:26'),(453,1,'en','core/base/cache','commands.clear_cms_cache.success_msg','Cache cleaned','2021-04-11 19:01:26','2021-04-11 19:01:26'),(454,1,'en','core/base/cache','commands.refresh_compiled_views.title','Refresh compiled views','2021-04-11 19:01:26','2021-04-11 19:01:26'),(455,1,'en','core/base/cache','commands.refresh_compiled_views.description','Clear compiled views to make views up to date.','2021-04-11 19:01:26','2021-04-11 19:01:26'),(456,1,'en','core/base/cache','commands.refresh_compiled_views.success_msg','Cache view refreshed','2021-04-11 19:01:26','2021-04-11 19:01:26'),(457,1,'en','core/base/cache','commands.clear_config_cache.title','Clear config cache','2021-04-11 19:01:26','2021-04-11 19:01:26'),(458,1,'en','core/base/cache','commands.clear_config_cache.description','You might need to refresh the config caching when you change something on production environment.','2021-04-11 19:01:26','2021-04-11 19:01:26'),(459,1,'en','core/base/cache','commands.clear_config_cache.success_msg','Config cache cleaned','2021-04-11 19:01:26','2021-04-11 19:01:26'),(460,1,'en','core/base/cache','commands.clear_route_cache.title','Clear route cache','2021-04-11 19:01:26','2021-04-11 19:01:26'),(461,1,'en','core/base/cache','commands.clear_route_cache.description','Clear cache routing.','2021-04-11 19:01:26','2021-04-11 19:01:26'),(462,1,'en','core/base/cache','commands.clear_route_cache.success_msg','The route cache has been cleaned','2021-04-11 19:01:26','2021-04-11 19:01:26'),(463,1,'en','core/base/cache','commands.clear_log.title','Clear log','2021-04-11 19:01:26','2021-04-11 19:01:26'),(464,1,'en','core/base/cache','commands.clear_log.description','Clear system log files','2021-04-11 19:01:26','2021-04-11 19:01:26'),(465,1,'en','core/base/cache','commands.clear_log.success_msg','The system log has been cleaned','2021-04-11 19:01:26','2021-04-11 19:01:26'),(466,1,'en','core/base/enums','statuses.draft','Draft','2021-04-11 19:01:26','2021-04-11 19:01:26'),(467,1,'en','core/base/enums','statuses.pending','Pending','2021-04-11 19:01:26','2021-04-11 19:01:26'),(468,1,'en','core/base/enums','statuses.published','Published','2021-04-11 19:01:26','2021-04-11 19:01:26'),(469,1,'en','core/base/errors','401_title','Permission Denied','2021-04-11 19:01:26','2021-04-11 19:01:26'),(470,1,'en','core/base/errors','401_msg','<li>You have not been granted access to the section by the administrator.</li>\n	                <li>You may have the wrong account type.</li>\n	                <li>You are not authorized to view the requested resource.</li>\n	                <li>Your subscription may have expired.</li>','2021-04-11 19:01:26','2021-04-11 19:01:26'),(471,1,'en','core/base/errors','404_title','Page could not be found','2021-04-11 19:01:26','2021-04-11 19:01:26'),(472,1,'en','core/base/errors','404_msg','<li>The page you requested does not exist.</li>\n	                <li>The link you clicked is no longer.</li>\n	                <li>The page may have moved to a new location.</li>\n	                <li>An error may have occurred.</li>\n	                <li>You are not authorized to view the requested resource.</li>','2021-04-11 19:01:26','2021-04-11 19:01:26'),(473,1,'en','core/base/errors','500_title','Page could not be loaded','2021-04-11 19:01:26','2021-04-11 19:01:26'),(474,1,'en','core/base/errors','500_msg','<li>The page you requested does not exist.</li>\n	                <li>The link you clicked is no longer.</li>\n	                <li>The page may have moved to a new location.</li>\n	                <li>An error may have occurred.</li>\n	                <li>You are not authorized to view the requested resource.</li>','2021-04-11 19:01:26','2021-04-11 19:01:26'),(475,1,'en','core/base/errors','reasons','This may have occurred because of several reasons','2021-04-11 19:01:27','2021-04-11 19:01:27'),(476,1,'en','core/base/errors','try_again','Please try again in a few minutes, or alternatively return to the homepage by <a href=\"http://hasa.local/admin\">clicking here</a>.','2021-04-11 19:01:27','2021-04-11 19:01:27'),(477,1,'en','core/base/errors','not_found','Not Found','2021-04-11 19:01:27','2021-04-11 19:01:27'),(478,1,'en','core/base/forms','choose_image','Choose image','2021-04-11 19:01:27','2021-04-11 19:01:27'),(479,1,'en','core/base/forms','actions','Actions','2021-04-11 19:01:27','2021-04-11 19:01:27'),(480,1,'en','core/base/forms','save','Save','2021-04-11 19:01:27','2021-04-11 19:01:27'),(481,1,'en','core/base/forms','save_and_continue','Save & Edit','2021-04-11 19:01:27','2021-04-11 19:01:27'),(482,1,'en','core/base/forms','image','Image','2021-04-11 19:01:27','2021-04-11 19:01:27'),(483,1,'en','core/base/forms','image_placeholder','Insert path of image or click upload button','2021-04-11 19:01:27','2021-04-11 19:01:27'),(484,1,'en','core/base/forms','create','Create','2021-04-11 19:01:27','2021-04-11 19:01:27'),(485,1,'en','core/base/forms','edit','Edit','2021-04-11 19:01:27','2021-04-11 19:01:27'),(486,1,'en','core/base/forms','permalink','Permalink','2021-04-11 19:01:27','2021-04-11 19:01:27'),(487,1,'en','core/base/forms','ok','OK','2021-04-11 19:01:27','2021-04-11 19:01:27'),(488,1,'en','core/base/forms','cancel','Cancel','2021-04-11 19:01:27','2021-04-11 19:01:27'),(489,1,'en','core/base/forms','character_remain','character(s) remain','2021-04-11 19:01:27','2021-04-11 19:01:27'),(490,1,'en','core/base/forms','template','Template','2021-04-11 19:01:27','2021-04-11 19:01:27'),(491,1,'en','core/base/forms','choose_file','Choose file','2021-04-11 19:01:27','2021-04-11 19:01:27'),(492,1,'en','core/base/forms','file','File','2021-04-11 19:01:27','2021-04-11 19:01:27'),(493,1,'en','core/base/forms','content','Content','2021-04-11 19:01:27','2021-04-11 19:01:27'),(494,1,'en','core/base/forms','description','Description','2021-04-11 19:01:27','2021-04-11 19:01:27'),(495,1,'en','core/base/forms','name','Name','2021-04-11 19:01:27','2021-04-11 19:01:27'),(496,1,'en','core/base/forms','slug','Slug','2021-04-11 19:01:27','2021-04-11 19:01:27'),(497,1,'en','core/base/forms','title','Title','2021-04-11 19:01:27','2021-04-11 19:01:27'),(498,1,'en','core/base/forms','value','Value','2021-04-11 19:01:27','2021-04-11 19:01:27'),(499,1,'en','core/base/forms','name_placeholder','Name','2021-04-11 19:01:27','2021-04-11 19:01:27'),(500,1,'en','core/base/forms','alias_placeholder','Alias','2021-04-11 19:01:27','2021-04-11 19:01:27'),(501,1,'en','core/base/forms','description_placeholder','Short description','2021-04-11 19:01:27','2021-04-11 19:01:27'),(502,1,'en','core/base/forms','parent','Parent','2021-04-11 19:01:27','2021-04-11 19:01:27'),(503,1,'en','core/base/forms','icon','Icon','2021-04-11 19:01:27','2021-04-11 19:01:27'),(504,1,'en','core/base/forms','icon_placeholder','Ex: fa fa-home','2021-04-11 19:01:27','2021-04-11 19:01:27'),(505,1,'en','core/base/forms','order_by','Order by','2021-04-11 19:01:27','2021-04-11 19:01:27'),(506,1,'en','core/base/forms','order_by_placeholder','Order by','2021-04-11 19:01:27','2021-04-11 19:01:27'),(507,1,'en','core/base/forms','is_featured','Is featured?','2021-04-11 19:01:27','2021-04-11 19:01:27'),(508,1,'en','core/base/forms','is_default','Is default?','2021-04-11 19:01:27','2021-04-11 19:01:27'),(509,1,'en','core/base/forms','update','Update','2021-04-11 19:01:27','2021-04-11 19:01:27'),(510,1,'en','core/base/forms','publish','Publish','2021-04-11 19:01:27','2021-04-11 19:01:27'),(511,1,'en','core/base/forms','remove_image','Remove image','2021-04-11 19:01:27','2021-04-11 19:01:27'),(512,1,'en','core/base/forms','remove_file','Remove file','2021-04-11 19:01:27','2021-04-11 19:01:27'),(513,1,'en','core/base/forms','order','Order','2021-04-11 19:01:27','2021-04-11 19:01:27'),(514,1,'en','core/base/forms','alias','Alias','2021-04-11 19:01:27','2021-04-11 19:01:27'),(515,1,'en','core/base/forms','basic_information','Basic information','2021-04-11 19:01:27','2021-04-11 19:01:27'),(516,1,'en','core/base/forms','short_code','Shortcode','2021-04-11 19:01:27','2021-04-11 19:01:27'),(517,1,'en','core/base/forms','add_short_code','Add a shortcode','2021-04-11 19:01:27','2021-04-11 19:01:27'),(518,1,'en','core/base/forms','add','Add','2021-04-11 19:01:27','2021-04-11 19:01:27'),(519,1,'en','core/base/forms','link','Link','2021-04-11 19:01:27','2021-04-11 19:01:27'),(520,1,'en','core/base/forms','show_hide_editor','Show/Hide Editor','2021-04-11 19:01:27','2021-04-11 19:01:27'),(521,1,'en','core/base/forms','basic_info_title','Basic information','2021-04-11 19:01:27','2021-04-11 19:01:27'),(522,1,'en','core/base/layouts','platform_admin','Platform Administration','2021-04-11 19:01:27','2021-04-11 19:01:27'),(523,1,'en','core/base/layouts','dashboard','Dashboard','2021-04-11 19:01:27','2021-04-11 19:01:27'),(524,1,'en','core/base/layouts','widgets','Widgets','2021-04-11 19:01:27','2021-04-11 19:01:27'),(525,1,'en','core/base/layouts','plugins','Plugins','2021-04-11 19:01:27','2021-04-11 19:01:27'),(526,1,'en','core/base/layouts','settings','Settings','2021-04-11 19:01:27','2021-04-11 19:01:27'),(527,1,'en','core/base/layouts','setting_general','General','2021-04-11 19:01:27','2021-04-11 19:01:27'),(528,1,'en','core/base/layouts','setting_email','Email','2021-04-11 19:01:27','2021-04-11 19:01:27'),(529,1,'en','core/base/layouts','system_information','System information','2021-04-11 19:01:27','2021-04-11 19:01:27'),(530,1,'en','core/base/layouts','theme','Theme','2021-04-11 19:01:27','2021-04-11 19:01:27'),(531,1,'en','core/base/layouts','copyright','Copyright :year &copy; :company. Version: <span>:version</span>','2021-04-11 19:01:27','2021-04-11 19:01:27'),(532,1,'en','core/base/layouts','profile','Profile','2021-04-11 19:01:27','2021-04-11 19:01:27'),(533,1,'en','core/base/layouts','logout','Logout','2021-04-11 19:01:27','2021-04-11 19:01:27'),(534,1,'en','core/base/layouts','no_search_result','No results found, please try with different keywords.','2021-04-11 19:01:27','2021-04-11 19:01:27'),(535,1,'en','core/base/layouts','home','Home','2021-04-11 19:01:27','2021-04-11 19:01:27'),(536,1,'en','core/base/layouts','search','Search','2021-04-11 19:01:27','2021-04-11 19:01:27'),(537,1,'en','core/base/layouts','add_new','Add new','2021-04-11 19:01:27','2021-04-11 19:01:27'),(538,1,'en','core/base/layouts','n_a','N/A','2021-04-11 19:01:27','2021-04-11 19:01:27'),(539,1,'en','core/base/layouts','page_loaded_time','Page loaded in','2021-04-11 19:01:27','2021-04-11 19:01:27'),(540,1,'en','core/base/layouts','view_website','View website','2021-04-11 19:01:27','2021-04-11 19:01:27'),(541,1,'en','core/base/mail','send-fail','Send email failed','2021-04-11 19:01:27','2021-04-11 19:01:27'),(542,1,'en','core/base/notices','create_success_message','Created successfully','2021-04-11 19:01:27','2021-04-11 19:01:27'),(543,1,'en','core/base/notices','update_success_message','Updated successfully','2021-04-11 19:01:27','2021-04-11 19:01:27'),(544,1,'en','core/base/notices','delete_success_message','Deleted successfully','2021-04-11 19:01:27','2021-04-11 19:01:27'),(545,1,'en','core/base/notices','success_header','Success!','2021-04-11 19:01:27','2021-04-11 19:01:27'),(546,1,'en','core/base/notices','error_header','Error!','2021-04-11 19:01:27','2021-04-11 19:01:27'),(547,1,'en','core/base/notices','no_select','Please select at least one record to perform this action!','2021-04-11 19:01:27','2021-04-11 19:01:27'),(548,1,'en','core/base/notices','processing_request','We are processing your request.','2021-04-11 19:01:27','2021-04-11 19:01:27'),(549,1,'en','core/base/notices','error','Error!','2021-04-11 19:01:27','2021-04-11 19:01:27'),(550,1,'en','core/base/notices','success','Success!','2021-04-11 19:01:27','2021-04-11 19:01:27'),(551,1,'en','core/base/notices','info','Info!','2021-04-11 19:01:27','2021-04-11 19:01:27'),(552,1,'en','core/base/notices','enum.validate_message','The :attribute value you have entered is invalid.','2021-04-11 19:01:27','2021-04-11 19:01:27'),(553,1,'en','core/base/system','no_select','Please select at least one record to take this action!','2021-04-11 19:01:27','2021-04-11 19:01:27'),(554,1,'en','core/base/system','cannot_find_user','Unable to find specified user','2021-04-11 19:01:27','2021-04-11 19:01:27'),(555,1,'en','core/base/system','supper_revoked','Super user access revoked','2021-04-11 19:01:27','2021-04-11 19:01:27'),(556,1,'en','core/base/system','cannot_revoke_yourself','Can not revoke supper user access permission yourself!','2021-04-11 19:01:27','2021-04-11 19:01:27'),(557,1,'en','core/base/system','cant_remove_supper','You don\'t has permission to remove this super user','2021-04-11 19:01:27','2021-04-11 19:01:27'),(558,1,'en','core/base/system','cant_find_user_with_email','Unable to find user with specified email address','2021-04-11 19:01:27','2021-04-11 19:01:27'),(559,1,'en','core/base/system','supper_granted','Super user access granted','2021-04-11 19:01:27','2021-04-11 19:01:27'),(560,1,'en','core/base/system','delete_log_success','Delete log file successfully!','2021-04-11 19:01:27','2021-04-11 19:01:27'),(561,1,'en','core/base/system','get_member_success','Member list retrieved successfully','2021-04-11 19:01:27','2021-04-11 19:01:27'),(562,1,'en','core/base/system','error_occur','The following errors occurred','2021-04-11 19:01:27','2021-04-11 19:01:27'),(563,1,'en','core/base/system','user_management','User Management','2021-04-11 19:01:27','2021-04-11 19:01:27'),(564,1,'en','core/base/system','user_management_description','Manage users.','2021-04-11 19:01:27','2021-04-11 19:01:27'),(565,1,'en','core/base/system','role_and_permission','Roles and Permissions','2021-04-11 19:01:27','2021-04-11 19:01:27'),(566,1,'en','core/base/system','role_and_permission_description','Manage the available roles.','2021-04-11 19:01:27','2021-04-11 19:01:27'),(567,1,'en','core/base/system','user.list_super','List Super Users','2021-04-11 19:01:27','2021-04-11 19:01:27'),(568,1,'en','core/base/system','user.email','Email','2021-04-11 19:01:27','2021-04-11 19:01:27'),(569,1,'en','core/base/system','user.last_login','Last Login','2021-04-11 19:01:27','2021-04-11 19:01:27'),(570,1,'en','core/base/system','user.username','Username','2021-04-11 19:01:27','2021-04-11 19:01:27'),(571,1,'en','core/base/system','user.add_user','Add Super User','2021-04-11 19:01:27','2021-04-11 19:01:27'),(572,1,'en','core/base/system','user.cancel','Cancel','2021-04-11 19:01:27','2021-04-11 19:01:27'),(573,1,'en','core/base/system','user.create','Create','2021-04-11 19:01:27','2021-04-11 19:01:27'),(574,1,'en','core/base/system','options.features','Feature Access Control','2021-04-11 19:01:27','2021-04-11 19:01:27'),(575,1,'en','core/base/system','options.feature_description','Manage the available.','2021-04-11 19:01:27','2021-04-11 19:01:27'),(576,1,'en','core/base/system','options.manage_super','Super User Management','2021-04-11 19:01:27','2021-04-11 19:01:27'),(577,1,'en','core/base/system','options.manage_super_description','Add/remove super users.','2021-04-11 19:01:27','2021-04-11 19:01:27'),(578,1,'en','core/base/system','options.info','System information','2021-04-11 19:01:27','2021-04-11 19:01:27'),(579,1,'en','core/base/system','options.info_description','All information about current system configuration.','2021-04-11 19:01:27','2021-04-11 19:01:27'),(580,1,'en','core/base/system','info.title','System information','2021-04-11 19:01:27','2021-04-11 19:01:27'),(581,1,'en','core/base/system','info.cache','Cache','2021-04-11 19:01:27','2021-04-11 19:01:27'),(582,1,'en','core/base/system','info.locale','Active locale','2021-04-11 19:01:27','2021-04-11 19:01:27'),(583,1,'en','core/base/system','info.environment','Environment','2021-04-11 19:01:27','2021-04-11 19:01:27'),(584,1,'en','core/base/system','disabled_in_demo_mode','You cannot do it in demo mode!','2021-04-11 19:01:27','2021-04-11 19:01:27'),(585,1,'en','core/base/system','report_description','Please share this information for troubleshooting','2021-04-11 19:01:27','2021-04-11 19:01:27'),(586,1,'en','core/base/system','get_system_report','Get System Report','2021-04-11 19:01:27','2021-04-11 19:01:27'),(587,1,'en','core/base/system','system_environment','System Environment','2021-04-11 19:01:27','2021-04-11 19:01:27'),(588,1,'en','core/base/system','framework_version','Framework Version','2021-04-11 19:01:27','2021-04-11 19:01:27'),(589,1,'en','core/base/system','timezone','Timezone','2021-04-11 19:01:27','2021-04-11 19:01:27'),(590,1,'en','core/base/system','debug_mode','Debug Mode','2021-04-11 19:01:27','2021-04-11 19:01:27'),(591,1,'en','core/base/system','storage_dir_writable','Storage Dir Writable','2021-04-11 19:01:27','2021-04-11 19:01:27'),(592,1,'en','core/base/system','cache_dir_writable','Cache Dir Writable','2021-04-11 19:01:27','2021-04-11 19:01:27'),(593,1,'en','core/base/system','app_size','App Size','2021-04-11 19:01:27','2021-04-11 19:01:27'),(594,1,'en','core/base/system','server_environment','Server Environment','2021-04-11 19:01:27','2021-04-11 19:01:27'),(595,1,'en','core/base/system','php_version','PHP Version','2021-04-11 19:01:27','2021-04-11 19:01:27'),(596,1,'en','core/base/system','php_version_error','PHP must be >= :version','2021-04-11 19:01:27','2021-04-11 19:01:27'),(597,1,'en','core/base/system','server_software','Server Software','2021-04-11 19:01:27','2021-04-11 19:01:27'),(598,1,'en','core/base/system','server_os','Server OS','2021-04-11 19:01:27','2021-04-11 19:01:27'),(599,1,'en','core/base/system','database','Database','2021-04-11 19:01:27','2021-04-11 19:01:27'),(600,1,'en','core/base/system','ssl_installed','SSL Installed','2021-04-11 19:01:27','2021-04-11 19:01:27'),(601,1,'en','core/base/system','cache_driver','Cache Driver','2021-04-11 19:01:27','2021-04-11 19:01:27'),(602,1,'en','core/base/system','session_driver','Session Driver','2021-04-11 19:01:27','2021-04-11 19:01:27'),(603,1,'en','core/base/system','queue_connection','Queue Connection','2021-04-11 19:01:27','2021-04-11 19:01:27'),(604,1,'en','core/base/system','mbstring_ext','Mbstring Ext','2021-04-11 19:01:27','2021-04-11 19:01:27'),(605,1,'en','core/base/system','openssl_ext','OpenSSL Ext','2021-04-11 19:01:27','2021-04-11 19:01:27'),(606,1,'en','core/base/system','pdo_ext','PDO Ext','2021-04-11 19:01:27','2021-04-11 19:01:27'),(607,1,'en','core/base/system','curl_ext','CURL Ext','2021-04-11 19:01:27','2021-04-11 19:01:27'),(608,1,'en','core/base/system','exif_ext','Exif Ext','2021-04-11 19:01:27','2021-04-11 19:01:27'),(609,1,'en','core/base/system','file_info_ext','File info Ext','2021-04-11 19:01:27','2021-04-11 19:01:27'),(610,1,'en','core/base/system','tokenizer_ext','Tokenizer Ext','2021-04-11 19:01:27','2021-04-11 19:01:27'),(611,1,'en','core/base/system','extra_stats','Extra Stats','2021-04-11 19:01:27','2021-04-11 19:01:27'),(612,1,'en','core/base/system','installed_packages','Installed packages and their version numbers','2021-04-11 19:01:27','2021-04-11 19:01:27'),(613,1,'en','core/base/system','extra_information','Extra Information','2021-04-11 19:01:27','2021-04-11 19:01:27'),(614,1,'en','core/base/system','copy_report','Copy Report','2021-04-11 19:01:27','2021-04-11 19:01:27'),(615,1,'en','core/base/system','package_name','Package Name','2021-04-11 19:01:27','2021-04-11 19:01:27'),(616,1,'en','core/base/system','dependency_name','Dependency Name','2021-04-11 19:01:27','2021-04-11 19:01:27'),(617,1,'en','core/base/system','version','Version','2021-04-11 19:01:27','2021-04-11 19:01:27'),(618,1,'en','core/base/system','cms_version','CMS Version','2021-04-11 19:01:27','2021-04-11 19:01:27'),(619,1,'en','core/base/system','imagick_or_gd_ext','Imagick/GD Ext','2021-04-11 19:01:27','2021-04-11 19:01:27'),(620,1,'en','core/base/tables','id','ID','2021-04-11 19:01:27','2021-04-11 19:01:27'),(621,1,'en','core/base/tables','name','Name','2021-04-11 19:01:27','2021-04-11 19:01:27'),(622,1,'en','core/base/tables','slug','Slug','2021-04-11 19:01:27','2021-04-11 19:01:27'),(623,1,'en','core/base/tables','title','Title','2021-04-11 19:01:27','2021-04-11 19:01:27'),(624,1,'en','core/base/tables','order_by','Order By','2021-04-11 19:01:27','2021-04-11 19:01:27'),(625,1,'en','core/base/tables','order','Order','2021-04-11 19:01:27','2021-04-11 19:01:27'),(626,1,'en','core/base/tables','status','Status','2021-04-11 19:01:27','2021-04-11 19:01:27'),(627,1,'en','core/base/tables','created_at','Created At','2021-04-11 19:01:27','2021-04-11 19:01:27'),(628,1,'en','core/base/tables','updated_at','Updated At','2021-04-11 19:01:27','2021-04-11 19:01:27'),(629,1,'en','core/base/tables','description','Description','2021-04-11 19:01:27','2021-04-11 19:01:27'),(630,1,'en','core/base/tables','operations','Operations','2021-04-11 19:01:27','2021-04-11 19:01:27'),(631,1,'en','core/base/tables','url','URL','2021-04-11 19:01:27','2021-04-11 19:01:27'),(632,1,'en','core/base/tables','author','Author','2021-04-11 19:01:27','2021-04-11 19:01:27'),(633,1,'en','core/base/tables','notes','Notes','2021-04-11 19:01:27','2021-04-11 19:01:27'),(634,1,'en','core/base/tables','column','Column','2021-04-11 19:01:27','2021-04-11 19:01:27'),(635,1,'en','core/base/tables','origin','Origin','2021-04-11 19:01:27','2021-04-11 19:01:27'),(636,1,'en','core/base/tables','after_change','After changes','2021-04-11 19:01:27','2021-04-11 19:01:27'),(637,1,'en','core/base/tables','views','Views','2021-04-11 19:01:27','2021-04-11 19:01:27'),(638,1,'en','core/base/tables','browser','Browser','2021-04-11 19:01:27','2021-04-11 19:01:27'),(639,1,'en','core/base/tables','session','Session','2021-04-11 19:01:27','2021-04-11 19:01:27'),(640,1,'en','core/base/tables','activated','activated','2021-04-11 19:01:27','2021-04-11 19:01:27'),(641,1,'en','core/base/tables','deactivated','deactivated','2021-04-11 19:01:27','2021-04-11 19:01:27'),(642,1,'en','core/base/tables','is_featured','Is featured','2021-04-11 19:01:27','2021-04-11 19:01:27'),(643,1,'en','core/base/tables','edit','Edit','2021-04-11 19:01:27','2021-04-11 19:01:27'),(644,1,'en','core/base/tables','delete','Delete','2021-04-11 19:01:27','2021-04-11 19:01:27'),(645,1,'en','core/base/tables','restore','Restore','2021-04-11 19:01:27','2021-04-11 19:01:27'),(646,1,'en','core/base/tables','activate','Activate','2021-04-11 19:01:27','2021-04-11 19:01:27'),(647,1,'en','core/base/tables','deactivate','Deactivate','2021-04-11 19:01:27','2021-04-11 19:01:27'),(648,1,'en','core/base/tables','excel','Excel','2021-04-11 19:01:27','2021-04-11 19:01:27'),(649,1,'en','core/base/tables','export','Export','2021-04-11 19:01:27','2021-04-11 19:01:27'),(650,1,'en','core/base/tables','csv','CSV','2021-04-11 19:01:27','2021-04-11 19:01:27'),(651,1,'en','core/base/tables','pdf','PDF','2021-04-11 19:01:27','2021-04-11 19:01:27'),(652,1,'en','core/base/tables','print','Print','2021-04-11 19:01:27','2021-04-11 19:01:27'),(653,1,'en','core/base/tables','reset','Reset','2021-04-11 19:01:27','2021-04-11 19:01:27'),(654,1,'en','core/base/tables','reload','Reload','2021-04-11 19:01:27','2021-04-11 19:01:27'),(655,1,'en','core/base/tables','display','Display','2021-04-11 19:01:27','2021-04-11 19:01:27'),(656,1,'en','core/base/tables','all','All','2021-04-11 19:01:27','2021-04-11 19:01:27'),(657,1,'en','core/base/tables','add_new','Add New','2021-04-11 19:01:27','2021-04-11 19:01:27'),(658,1,'en','core/base/tables','action','Actions','2021-04-11 19:01:27','2021-04-11 19:01:27'),(659,1,'en','core/base/tables','delete_entry','Delete','2021-04-11 19:01:27','2021-04-11 19:01:27'),(660,1,'en','core/base/tables','view','View Detail','2021-04-11 19:01:27','2021-04-11 19:01:27'),(661,1,'en','core/base/tables','save','Save','2021-04-11 19:01:27','2021-04-11 19:01:27'),(662,1,'en','core/base/tables','show_from','Show from','2021-04-11 19:01:27','2021-04-11 19:01:27'),(663,1,'en','core/base/tables','to','to','2021-04-11 19:01:27','2021-04-11 19:01:27'),(664,1,'en','core/base/tables','in','in','2021-04-11 19:01:27','2021-04-11 19:01:27'),(665,1,'en','core/base/tables','records','records','2021-04-11 19:01:27','2021-04-11 19:01:27'),(666,1,'en','core/base/tables','no_data','No data to display','2021-04-11 19:01:27','2021-04-11 19:01:27'),(667,1,'en','core/base/tables','no_record','No record','2021-04-11 19:01:27','2021-04-11 19:01:27'),(668,1,'en','core/base/tables','confirm_delete','Confirm delete','2021-04-11 19:01:27','2021-04-11 19:01:27'),(669,1,'en','core/base/tables','confirm_delete_msg','Do you really want to delete this record?','2021-04-11 19:01:27','2021-04-11 19:01:27'),(670,1,'en','core/base/tables','confirm_delete_many_msg','Do you really want to delete selected record(s)?','2021-04-11 19:01:27','2021-04-11 19:01:27'),(671,1,'en','core/base/tables','cancel','Cancel','2021-04-11 19:01:27','2021-04-11 19:01:27'),(672,1,'en','core/base/tables','template','Template','2021-04-11 19:01:27','2021-04-11 19:01:27'),(673,1,'en','core/base/tables','email','Email','2021-04-11 19:01:27','2021-04-11 19:01:27'),(674,1,'en','core/base/tables','last_login','Last login','2021-04-11 19:01:27','2021-04-11 19:01:27'),(675,1,'en','core/base/tables','shortcode','Shortcode','2021-04-11 19:01:27','2021-04-11 19:01:27'),(676,1,'en','core/base/tables','image','Image','2021-04-11 19:01:27','2021-04-11 19:01:27'),(677,1,'en','core/base/tables','bulk_changes','Bulk changes','2021-04-11 19:01:27','2021-04-11 19:01:27'),(678,1,'en','core/base/tables','submit','Submit','2021-04-11 19:01:27','2021-04-11 19:01:27'),(679,1,'en','core/base/tabs','detail','Detail','2021-04-11 19:01:27','2021-04-11 19:01:27'),(680,1,'en','core/base/tabs','file','Files','2021-04-11 19:01:27','2021-04-11 19:01:27'),(681,1,'en','core/base/tabs','record_note','Record Note','2021-04-11 19:01:27','2021-04-11 19:01:27'),(682,1,'en','core/base/tabs','revision','Revision History','2021-04-11 19:01:27','2021-04-11 19:01:27'),(683,1,'vi','core/base/cache','cache_management','Quản lý bộ nhớ đệm','2021-04-11 19:01:27','2021-04-11 19:01:27'),(684,1,'vi','core/base/cache','cache_commands','Các lệnh xoá bộ nhớ đệm cơ bản','2021-04-11 19:01:27','2021-04-11 19:01:27'),(685,1,'vi','core/base/cache','commands.clear_cms_cache.title','Xóa tất cả bộ đệm hiện có của ứng dụng','2021-04-11 19:01:27','2021-04-11 19:01:27'),(686,1,'vi','core/base/cache','commands.clear_cms_cache.description','Xóa các bộ nhớ đệm của ứng dụng: cơ sở dữ liệu, nội dung tĩnh... Chạy lệnh này khi bạn thử cập nhật dữ liệu nhưng giao diện không thay đổi','2021-04-11 19:01:27','2021-04-11 19:01:27'),(687,1,'vi','core/base/cache','commands.clear_cms_cache.success_msg','Bộ đệm đã được xóa','2021-04-11 19:01:27','2021-04-11 19:01:27'),(688,1,'vi','core/base/cache','commands.refresh_compiled_views.title','Làm mới bộ đệm giao diện','2021-04-11 19:01:27','2021-04-11 19:01:27'),(689,1,'vi','core/base/cache','commands.refresh_compiled_views.description','Làm mới bộ đệm giao diện giúp phần giao diện luôn mới nhất','2021-04-11 19:01:27','2021-04-11 19:01:27'),(690,1,'vi','core/base/cache','commands.refresh_compiled_views.success_msg','Bộ đệm giao diện đã được làm mới','2021-04-11 19:01:27','2021-04-11 19:01:27'),(691,1,'vi','core/base/cache','commands.clear_config_cache.title','Xóa bộ nhớ đệm của phần cấu hình','2021-04-11 19:01:27','2021-04-11 19:01:27'),(692,1,'vi','core/base/cache','commands.clear_config_cache.description','Bạn cần làm mới bộ đệm cấu hình khi bạn tạo ra sự thay đổi nào đó ở môi trường thành phẩm.','2021-04-11 19:01:27','2021-04-11 19:01:27'),(693,1,'vi','core/base/cache','commands.clear_config_cache.success_msg','Bộ đệm cấu hình đã được xóa','2021-04-11 19:01:27','2021-04-11 19:01:27'),(694,1,'vi','core/base/cache','commands.clear_route_cache.title','Xoá cache đường dẫn','2021-04-11 19:01:27','2021-04-11 19:01:27'),(695,1,'vi','core/base/cache','commands.clear_route_cache.description','Cần thực hiện thao tác này khi thấy không xuất hiện đường dẫn mới.','2021-04-11 19:01:27','2021-04-11 19:01:27'),(696,1,'vi','core/base/cache','commands.clear_route_cache.success_msg','Bộ đệm điều hướng đã bị xóa','2021-04-11 19:01:27','2021-04-11 19:01:27'),(697,1,'vi','core/base/cache','commands.clear_log.description','Xoá lịch sử lỗi','2021-04-11 19:01:27','2021-04-11 19:01:27'),(698,1,'vi','core/base/cache','commands.clear_log.success_msg','Lịch sử lỗi đã được làm sạch','2021-04-11 19:01:27','2021-04-11 19:01:27'),(699,1,'vi','core/base/cache','commands.clear_log.title','Xoá lịch sử lỗi','2021-04-11 19:01:27','2021-04-11 19:01:27'),(700,1,'vi','core/base/enums','statuses.draft','Bản nháp','2021-04-11 19:01:27','2021-04-11 19:01:27'),(701,1,'vi','core/base/enums','statuses.pending','Đang chờ xử lý','2021-04-11 19:01:27','2021-04-11 19:01:27'),(702,1,'vi','core/base/enums','statuses.publish','Đã xuất bản','2021-04-11 19:01:27','2021-04-11 19:01:27'),(703,1,'vi','core/base/errors','401_title','Bạn không có quyền truy cập trang này','2021-04-11 19:01:27','2021-04-11 19:01:27'),(704,1,'vi','core/base/errors','401_msg','<li>Bạn không được cấp quyền truy cập bởi quản trị viên.</li>\n	                <li>Bạn sử dụng sai loại tài khoản.</li>\n	                <li>Bạn không được cấp quyền để có thể truy cập trang này</li>','2021-04-11 19:01:27','2021-04-11 19:01:27'),(705,1,'vi','core/base/errors','404_title','Không tìm thấy trang yêu cầu','2021-04-11 19:01:27','2021-04-11 19:01:27'),(706,1,'vi','core/base/errors','404_msg','<li>Trang bạn yêu cầu không tồn tại.</li>\n	                <li>Liên kết bạn vừa nhấn không còn được sử dụng.</li>\n	                <li>Trang này có thể đã được chuyển sang vị trí khác.</li>\n	                <li>Có thể có lỗi xảy ra.</li>\n	                <li>Bạn không được cấp quyền để có thể truy cập trang này</li>','2021-04-11 19:01:27','2021-04-11 19:01:27'),(707,1,'vi','core/base/errors','500_title','Không thể tải trang','2021-04-11 19:01:27','2021-04-11 19:01:27'),(708,1,'vi','core/base/errors','500_msg','<li>Trang bạn yêu cầu không tồn tại.</li>\n	                <li>Liên kết bạn vừa nhấn không còn được sử dụng.</li>\n	                <li>Trang này có thể đã được chuyển sang vị trí khác.</li>\n	                <li>Có thể có lỗi xảy ra.</li>\n	                <li>Bạn không được cấp quyền để có thể truy cập trang này</li>','2021-04-11 19:01:27','2021-04-11 19:01:27'),(709,1,'vi','core/base/errors','reasons','Điều này có thể xảy ra vì nhiều lý do.','2021-04-11 19:01:27','2021-04-11 19:01:27'),(710,1,'vi','core/base/errors','try_again','Vui lòng thử lại trong vài phút, hoặc quay trở lại trang chủ bằng cách <a href=\"http://cms.local/admin\"> nhấn vào đây </a>.','2021-04-11 19:01:27','2021-04-11 19:01:27'),(711,1,'vi','core/base/forms','choose_image','Chọn ảnh','2021-04-11 19:01:27','2021-04-11 19:01:27'),(712,1,'vi','core/base/forms','actions','Tác vụ','2021-04-11 19:01:27','2021-04-11 19:01:27'),(713,1,'vi','core/base/forms','save','Lưu','2021-04-11 19:01:27','2021-04-11 19:01:27'),(714,1,'vi','core/base/forms','save_and_continue','Lưu & chỉnh sửa','2021-04-11 19:01:27','2021-04-11 19:01:27'),(715,1,'vi','core/base/forms','image','Hình ảnh','2021-04-11 19:01:27','2021-04-11 19:01:27'),(716,1,'vi','core/base/forms','image_placeholder','Chèn đường dẫn hình ảnh hoặc nhấn nút để chọn hình','2021-04-11 19:01:27','2021-04-11 19:01:27'),(717,1,'vi','core/base/forms','create','Tạo mới','2021-04-11 19:01:27','2021-04-11 19:01:27'),(718,1,'vi','core/base/forms','edit','Sửa','2021-04-11 19:01:27','2021-04-11 19:01:27'),(719,1,'vi','core/base/forms','permalink','Đường dẫn','2021-04-11 19:01:27','2021-04-11 19:01:27'),(720,1,'vi','core/base/forms','ok','OK','2021-04-11 19:01:27','2021-04-11 19:01:27'),(721,1,'vi','core/base/forms','cancel','Hủy bỏ','2021-04-11 19:01:27','2021-04-11 19:01:27'),(722,1,'vi','core/base/forms','character_remain','kí tự còn lại','2021-04-11 19:01:27','2021-04-11 19:01:27'),(723,1,'vi','core/base/forms','template','Template','2021-04-11 19:01:27','2021-04-11 19:01:27'),(724,1,'vi','core/base/forms','choose_file','Chọn tập tin','2021-04-11 19:01:27','2021-04-11 19:01:27'),(725,1,'vi','core/base/forms','file','Tập tin','2021-04-11 19:01:27','2021-04-11 19:01:27'),(726,1,'vi','core/base/forms','content','Nội dung','2021-04-11 19:01:27','2021-04-11 19:01:27'),(727,1,'vi','core/base/forms','description','Mô tả','2021-04-11 19:01:27','2021-04-11 19:01:27'),(728,1,'vi','core/base/forms','name','Tên','2021-04-11 19:01:27','2021-04-11 19:01:27'),(729,1,'vi','core/base/forms','name_placeholder','Nhập tên','2021-04-11 19:01:27','2021-04-11 19:01:27'),(730,1,'vi','core/base/forms','description_placeholder','Mô tả ngắn','2021-04-11 19:01:27','2021-04-11 19:01:27'),(731,1,'vi','core/base/forms','parent','Cha','2021-04-11 19:01:27','2021-04-11 19:01:27'),(732,1,'vi','core/base/forms','icon','Biểu tượng','2021-04-11 19:01:27','2021-04-11 19:01:27'),(733,1,'vi','core/base/forms','order_by','Sắp xếp','2021-04-11 19:01:27','2021-04-11 19:01:27'),(734,1,'vi','core/base/forms','order_by_placeholder','Sắp xếp','2021-04-11 19:01:27','2021-04-11 19:01:27'),(735,1,'vi','core/base/forms','slug','Slug','2021-04-11 19:01:27','2021-04-11 19:01:27'),(736,1,'vi','core/base/forms','is_featured','Nổi bật?','2021-04-11 19:01:27','2021-04-11 19:01:27'),(737,1,'vi','core/base/forms','is_default','Mặc định?','2021-04-11 19:01:27','2021-04-11 19:01:27'),(738,1,'vi','core/base/forms','icon_placeholder','Ví dụ: fa fa-home','2021-04-11 19:01:27','2021-04-11 19:01:27'),(739,1,'vi','core/base/forms','update','Cập nhật','2021-04-11 19:01:27','2021-04-11 19:01:27'),(740,1,'vi','core/base/forms','publish','Xuất bản','2021-04-11 19:01:27','2021-04-11 19:01:27'),(741,1,'vi','core/base/forms','remove_image','Xoá ảnh','2021-04-11 19:01:27','2021-04-11 19:01:27'),(742,1,'vi','core/base/forms','add','Thêm','2021-04-11 19:01:27','2021-04-11 19:01:27'),(743,1,'vi','core/base/forms','add_short_code','Thêm shortcode','2021-04-11 19:01:27','2021-04-11 19:01:27'),(744,1,'vi','core/base/forms','alias','Mã thay thế','2021-04-11 19:01:27','2021-04-11 19:01:27'),(745,1,'vi','core/base/forms','alias_placeholder','Mã thay thế','2021-04-11 19:01:27','2021-04-11 19:01:27'),(746,1,'vi','core/base/forms','basic_information','Thông tin cơ bản','2021-04-11 19:01:27','2021-04-11 19:01:27'),(747,1,'vi','core/base/forms','link','Liên kết','2021-04-11 19:01:27','2021-04-11 19:01:27'),(748,1,'vi','core/base/forms','order','Thứ tự','2021-04-11 19:01:27','2021-04-11 19:01:27'),(749,1,'vi','core/base/forms','short_code','Shortcode','2021-04-11 19:01:27','2021-04-11 19:01:27'),(750,1,'vi','core/base/forms','title','Tiêu đề','2021-04-11 19:01:27','2021-04-11 19:01:27'),(751,1,'vi','core/base/forms','value','Giá trị','2021-04-11 19:01:27','2021-04-11 19:01:27'),(752,1,'vi','core/base/forms','show_hide_editor','Ẩn/Hiện trình soạn thảo','2021-04-11 19:01:27','2021-04-11 19:01:27'),(753,1,'vi','core/base/forms','basic_info_title','Thông tin cơ bản','2021-04-11 19:01:27','2021-04-11 19:01:27'),(754,1,'vi','core/base/layouts','platform_admin','Quản trị hệ thống','2021-04-11 19:01:27','2021-04-11 19:01:27'),(755,1,'vi','core/base/layouts','dashboard','Bảng điều khiển','2021-04-11 19:01:27','2021-04-11 19:01:27'),(756,1,'vi','core/base/layouts','appearance','Hiển thị','2021-04-11 19:01:27','2021-04-11 19:01:27'),(757,1,'vi','core/base/layouts','menu','Trình đơn','2021-04-11 19:01:27','2021-04-11 19:01:27'),(758,1,'vi','core/base/layouts','widgets','Tiện ích','2021-04-11 19:01:27','2021-04-11 19:01:27'),(759,1,'vi','core/base/layouts','theme_options','Tuỳ chọn giao diện','2021-04-11 19:01:27','2021-04-11 19:01:27'),(760,1,'vi','core/base/layouts','plugins','Tiện ích mở rộng','2021-04-11 19:01:27','2021-04-11 19:01:27'),(761,1,'vi','core/base/layouts','settings','Cài đặt','2021-04-11 19:01:27','2021-04-11 19:01:27'),(762,1,'vi','core/base/layouts','setting_general','Cơ bản','2021-04-11 19:01:27','2021-04-11 19:01:27'),(763,1,'vi','core/base/layouts','system_information','Thông tin hệ thống','2021-04-11 19:01:27','2021-04-11 19:01:27'),(764,1,'vi','core/base/layouts','theme','Giao diện','2021-04-11 19:01:27','2021-04-11 19:01:27'),(765,1,'vi','core/base/layouts','copyright','Bản quyền :year &copy; :company. Phiên bản: <span>:version</span>','2021-04-11 19:01:27','2021-04-11 19:01:27'),(766,1,'vi','core/base/layouts','profile','Thông tin cá nhân','2021-04-11 19:01:27','2021-04-11 19:01:27'),(767,1,'vi','core/base/layouts','logout','Đăng xuất','2021-04-11 19:01:27','2021-04-11 19:01:27'),(768,1,'vi','core/base/layouts','no_search_result','Không có kết quả tìm kiếm, hãy thử lại với từ khóa khác.','2021-04-11 19:01:27','2021-04-11 19:01:27'),(769,1,'vi','core/base/layouts','home','Trang chủ','2021-04-11 19:01:27','2021-04-11 19:01:27'),(770,1,'vi','core/base/layouts','search','Tìm kiếm','2021-04-11 19:01:27','2021-04-11 19:01:27'),(771,1,'vi','core/base/layouts','add_new','Thêm mới','2021-04-11 19:01:27','2021-04-11 19:01:27'),(772,1,'vi','core/base/layouts','n_a','N/A','2021-04-11 19:01:27','2021-04-11 19:01:27'),(773,1,'vi','core/base/layouts','page_loaded_time','Trang tải xong trong','2021-04-11 19:01:27','2021-04-11 19:01:27'),(774,1,'vi','core/base/layouts','view_website','Xem trang ngoài','2021-04-11 19:01:27','2021-04-11 19:01:27'),(775,1,'vi','core/base/layouts','setting_email','Email','2021-04-11 19:01:27','2021-04-11 19:01:27'),(776,1,'vi','core/base/mail','send-fail','Gửi email không thành công','2021-04-11 19:01:27','2021-04-11 19:01:27'),(777,1,'vi','core/base/mail','happy_birthday','Chúc mừng sinh nhật!','2021-04-11 19:01:27','2021-04-11 19:01:27'),(778,1,'vi','core/base/notices','create_success_message','Tạo thành công','2021-04-11 19:01:27','2021-04-11 19:01:27'),(779,1,'vi','core/base/notices','update_success_message','Cập nhật thành công','2021-04-11 19:01:27','2021-04-11 19:01:27'),(780,1,'vi','core/base/notices','delete_success_message','Xóa thành công','2021-04-11 19:01:27','2021-04-11 19:01:27'),(781,1,'vi','core/base/notices','success_header','Thành công!','2021-04-11 19:01:27','2021-04-11 19:01:27'),(782,1,'vi','core/base/notices','error_header','Lỗi!','2021-04-11 19:01:27','2021-04-11 19:01:27'),(783,1,'vi','core/base/notices','no_select','Chọn ít nhất 1 trường để thực hiện hành động này!','2021-04-11 19:01:27','2021-04-11 19:01:27'),(784,1,'vi','core/base/notices','cannot_delete','Không thể xóa bản ghi này','2021-04-11 19:01:27','2021-04-11 19:01:27'),(785,1,'vi','core/base/notices','processing_request','Hệ thống đang xử lý yêu cầu.','2021-04-11 19:01:27','2021-04-11 19:01:27'),(786,1,'vi','core/base/notices','error','Lỗi!','2021-04-11 19:01:27','2021-04-11 19:01:27'),(787,1,'vi','core/base/notices','success','Thành công!','2021-04-11 19:01:27','2021-04-11 19:01:27'),(788,1,'vi','core/base/notices','info','Thông tin!','2021-04-11 19:01:27','2021-04-11 19:01:27'),(789,1,'vi','core/base/system','no_select','Hãy chọn ít nhất 1 trường để thực hiện hành động này!','2021-04-11 19:01:27','2021-04-11 19:01:27'),(790,1,'vi','core/base/system','cannot_find_user','Không thể tải được thông tin người dùng','2021-04-11 19:01:27','2021-04-11 19:01:27'),(791,1,'vi','core/base/system','supper_revoked','Quyền quản trị viên cao nhất đã được gỡ bỏ','2021-04-11 19:01:27','2021-04-11 19:01:27'),(792,1,'vi','core/base/system','cannot_revoke_yourself','Không thể gỡ bỏ quyền quản trị cấp cao của chính bạn!','2021-04-11 19:01:27','2021-04-11 19:01:27'),(793,1,'vi','core/base/system','cant_remove_supper','Bạn không có quyền xóa quản trị viên cấp cao','2021-04-11 19:01:27','2021-04-11 19:01:27'),(794,1,'vi','core/base/system','cant_find_user_with_email','Không thể tìm thấy người dùng với email này','2021-04-11 19:01:27','2021-04-11 19:01:27'),(795,1,'vi','core/base/system','supper_granted','Quyền quản trị cao nhất đã được gán','2021-04-11 19:01:27','2021-04-11 19:01:27'),(796,1,'vi','core/base/system','delete_log_success','Xóa tập tin log thành công!','2021-04-11 19:01:27','2021-04-11 19:01:27'),(797,1,'vi','core/base/system','get_member_success','Hiển thị danh sách thành viên thành công','2021-04-11 19:01:27','2021-04-11 19:01:27'),(798,1,'vi','core/base/system','error_occur','Có lỗi dưới đây','2021-04-11 19:01:27','2021-04-11 19:01:27'),(799,1,'vi','core/base/system','role_and_permission','Phân quyền hệ thống','2021-04-11 19:01:27','2021-04-11 19:01:27'),(800,1,'vi','core/base/system','role_and_permission_description','Quản lý những phân quyền trong hệ thống','2021-04-11 19:01:27','2021-04-11 19:01:27'),(801,1,'vi','core/base/system','user.list_super','Danh sách quản trị viên cấp cao','2021-04-11 19:01:27','2021-04-11 19:01:27'),(802,1,'vi','core/base/system','user.username','Tên đăng nhập','2021-04-11 19:01:27','2021-04-11 19:01:27'),(803,1,'vi','core/base/system','user.email','Email','2021-04-11 19:01:27','2021-04-11 19:01:27'),(804,1,'vi','core/base/system','user.last_login','Đăng nhập lần cuối	','2021-04-11 19:01:27','2021-04-11 19:01:27'),(805,1,'vi','core/base/system','user.add_user','Thêm quản trị viên cấp cao','2021-04-11 19:01:27','2021-04-11 19:01:27'),(806,1,'vi','core/base/system','user.cancel','Hủy bỏ','2021-04-11 19:01:27','2021-04-11 19:01:27'),(807,1,'vi','core/base/system','user.create','Thêm','2021-04-11 19:01:27','2021-04-11 19:01:27'),(808,1,'vi','core/base/system','options.features','Kiểm soát truy cập các tính năng','2021-04-11 19:01:27','2021-04-11 19:01:27'),(809,1,'vi','core/base/system','options.feature_description','Bật/tắt các tính năng.','2021-04-11 19:01:27','2021-04-11 19:01:27'),(810,1,'vi','core/base/system','options.manage_super','Quản lý quản trị viên cấp cao','2021-04-11 19:01:27','2021-04-11 19:01:27'),(811,1,'vi','core/base/system','options.manage_super_description','Thêm/xóa quản trị viên cấp cao','2021-04-11 19:01:27','2021-04-11 19:01:27'),(812,1,'vi','core/base/system','options.info','Thông tin hệ thống','2021-04-11 19:01:27','2021-04-11 19:01:27'),(813,1,'vi','core/base/system','options.info_description','Những thông tin về cấu hình hiện tại của hệ thống.','2021-04-11 19:01:27','2021-04-11 19:01:27'),(814,1,'vi','core/base/system','info.title','Thông tin hệ thống','2021-04-11 19:01:27','2021-04-11 19:01:27'),(815,1,'vi','core/base/system','info.cache','Bộ nhớ đệm','2021-04-11 19:01:27','2021-04-11 19:01:27'),(816,1,'vi','core/base/system','info.environment','Môi trường','2021-04-11 19:01:27','2021-04-11 19:01:27'),(817,1,'vi','core/base/system','info.locale','Ngôn ngữ hệ thống','2021-04-11 19:01:27','2021-04-11 19:01:27'),(818,1,'vi','core/base/system','user_management','Quản lý thành viên','2021-04-11 19:01:27','2021-04-11 19:01:27'),(819,1,'vi','core/base/system','user_management_description','Quản lý người dùng trong hệ thống','2021-04-11 19:01:27','2021-04-11 19:01:27'),(820,1,'vi','core/base/system','app_size','Kích thước ứng dụng','2021-04-11 19:01:27','2021-04-11 19:01:27'),(821,1,'vi','core/base/system','cache_dir_writable','Có thể ghi bộ nhớ đệm','2021-04-11 19:01:27','2021-04-11 19:01:27'),(822,1,'vi','core/base/system','cache_driver','Loại lưu trữ bộ nhớ đệm','2021-04-11 19:01:27','2021-04-11 19:01:27'),(823,1,'vi','core/base/system','copy_report','Sao chép báo cáo','2021-04-11 19:01:27','2021-04-11 19:01:27'),(824,1,'vi','core/base/system','curl_ext','CURL Ext','2021-04-11 19:01:27','2021-04-11 19:01:27'),(825,1,'vi','core/base/system','database','Hệ thống dữ liệu','2021-04-11 19:01:27','2021-04-11 19:01:27'),(826,1,'vi','core/base/system','debug_mode','Chế độ sửa lỗi','2021-04-11 19:01:27','2021-04-11 19:01:27'),(827,1,'vi','core/base/system','dependency_name','Tên gói','2021-04-11 19:01:27','2021-04-11 19:01:27'),(828,1,'vi','core/base/system','exif_ext','Exif Ext','2021-04-11 19:01:27','2021-04-11 19:01:27'),(829,1,'vi','core/base/system','extra_information','Thông tin mở rộng','2021-04-11 19:01:27','2021-04-11 19:01:27'),(830,1,'vi','core/base/system','extra_stats','Thống kê thêm','2021-04-11 19:01:27','2021-04-11 19:01:27'),(831,1,'vi','core/base/system','file_info_ext','File info Ext','2021-04-11 19:01:27','2021-04-11 19:01:27'),(832,1,'vi','core/base/system','framework_version','Phiên bản framework','2021-04-11 19:01:27','2021-04-11 19:01:27'),(833,1,'vi','core/base/system','get_system_report','Lấy thông tin hệ thống','2021-04-11 19:01:27','2021-04-11 19:01:27'),(834,1,'vi','core/base/system','installed_packages','Các gói đã cài đặt và phiên bản','2021-04-11 19:01:27','2021-04-11 19:01:27'),(835,1,'vi','core/base/system','mbstring_ext','Mbstring Ext','2021-04-11 19:01:27','2021-04-11 19:01:27'),(836,1,'vi','core/base/system','openssl_ext','OpenSSL Ext','2021-04-11 19:01:27','2021-04-11 19:01:27'),(837,1,'vi','core/base/system','package_name','Tên gói','2021-04-11 19:01:27','2021-04-11 19:01:27'),(838,1,'vi','core/base/system','pdo_ext','PDO Ext','2021-04-11 19:01:27','2021-04-11 19:01:27'),(839,1,'vi','core/base/system','php_version','Phiên bản PHP','2021-04-11 19:01:27','2021-04-11 19:01:27'),(840,1,'vi','core/base/system','report_description','Vui lòng chia sẻ thông tin này nhằm mục đích điều tra nguyên nhân gây lỗi','2021-04-11 19:01:27','2021-04-11 19:01:27'),(841,1,'vi','core/base/system','server_environment','Môi trường máy chủ','2021-04-11 19:01:27','2021-04-11 19:01:27'),(842,1,'vi','core/base/system','server_os','Hệ điều hành của máy chủ','2021-04-11 19:01:27','2021-04-11 19:01:27'),(843,1,'vi','core/base/system','server_software','Phần mềm','2021-04-11 19:01:27','2021-04-11 19:01:27'),(844,1,'vi','core/base/system','session_driver','Loại lưu trữ phiên làm việc','2021-04-11 19:01:27','2021-04-11 19:01:27'),(845,1,'vi','core/base/system','ssl_installed','Đã cài đặt chứng chỉ SSL','2021-04-11 19:01:27','2021-04-11 19:01:27'),(846,1,'vi','core/base/system','storage_dir_writable','Có thể lưu trữ dữ liệu tạm','2021-04-11 19:01:27','2021-04-11 19:01:27'),(847,1,'vi','core/base/system','system_environment','Môi trường hệ thống','2021-04-11 19:01:27','2021-04-11 19:01:27'),(848,1,'vi','core/base/system','timezone','Múi giờ','2021-04-11 19:01:27','2021-04-11 19:01:27'),(849,1,'vi','core/base/system','tokenizer_ext','Tokenizer Ext','2021-04-11 19:01:27','2021-04-11 19:01:27'),(850,1,'vi','core/base/system','version','Phiên bản','2021-04-11 19:01:27','2021-04-11 19:01:27'),(851,1,'vi','core/base/system','cms_version','Phiên bản CMS','2021-04-11 19:01:27','2021-04-11 19:01:27'),(852,1,'vi','core/base/tables','filter_enabled','Tìm kiếm nâng cao đã được kích hoạt','2021-04-11 19:01:27','2021-04-11 19:01:27'),(853,1,'vi','core/base/tables','id','ID','2021-04-11 19:01:27','2021-04-11 19:01:27'),(854,1,'vi','core/base/tables','name','Tên','2021-04-11 19:01:27','2021-04-11 19:01:27'),(855,1,'vi','core/base/tables','order_by','Thứ tự','2021-04-11 19:01:27','2021-04-11 19:01:27'),(856,1,'vi','core/base/tables','status','Trạng thái','2021-04-11 19:01:27','2021-04-11 19:01:27'),(857,1,'vi','core/base/tables','created_at','Ngày tạo','2021-04-11 19:01:27','2021-04-11 19:01:27'),(858,1,'vi','core/base/tables','updated_at','Ngày cập nhật','2021-04-11 19:01:27','2021-04-11 19:01:27'),(859,1,'vi','core/base/tables','operations','Tác vụ','2021-04-11 19:01:27','2021-04-11 19:01:27'),(860,1,'vi','core/base/tables','loading_data','Đang tải dữ liệu từ server','2021-04-11 19:01:27','2021-04-11 19:01:27'),(861,1,'vi','core/base/tables','url','URL','2021-04-11 19:01:27','2021-04-11 19:01:27'),(862,1,'vi','core/base/tables','author','Người tạo','2021-04-11 19:01:27','2021-04-11 19:01:27'),(863,1,'vi','core/base/tables','column','Cột','2021-04-11 19:01:27','2021-04-11 19:01:27'),(864,1,'vi','core/base/tables','origin','Bản cũ','2021-04-11 19:01:27','2021-04-11 19:01:27'),(865,1,'vi','core/base/tables','after_change','Sau khi thay đổi','2021-04-11 19:01:27','2021-04-11 19:01:27'),(866,1,'vi','core/base/tables','notes','Ghi chú','2021-04-11 19:01:27','2021-04-11 19:01:27'),(867,1,'vi','core/base/tables','activated','kích hoạt','2021-04-11 19:01:27','2021-04-11 19:01:27'),(868,1,'vi','core/base/tables','browser','Trình duyệt','2021-04-11 19:01:27','2021-04-11 19:01:27'),(869,1,'vi','core/base/tables','deactivated','hủy kích hoạt','2021-04-11 19:01:27','2021-04-11 19:01:27'),(870,1,'vi','core/base/tables','description','Mô tả','2021-04-11 19:01:27','2021-04-11 19:01:27'),(871,1,'vi','core/base/tables','session','Phiên','2021-04-11 19:01:27','2021-04-11 19:01:27'),(872,1,'vi','core/base/tables','views','Lượt xem','2021-04-11 19:01:27','2021-04-11 19:01:27'),(873,1,'vi','core/base/tables','restore','Khôi phục','2021-04-11 19:01:27','2021-04-11 19:01:27'),(874,1,'vi','core/base/tables','edit','Sửa','2021-04-11 19:01:27','2021-04-11 19:01:27'),(875,1,'vi','core/base/tables','delete','Xóa','2021-04-11 19:01:27','2021-04-11 19:01:27'),(876,1,'vi','core/base/tables','action','Hành động','2021-04-11 19:01:27','2021-04-11 19:01:27'),(877,1,'vi','core/base/tables','activate','Kích hoạt','2021-04-11 19:01:27','2021-04-11 19:01:27'),(878,1,'vi','core/base/tables','add_new','Thêm mới','2021-04-11 19:01:27','2021-04-11 19:01:27'),(879,1,'vi','core/base/tables','all','Tất cả','2021-04-11 19:01:27','2021-04-11 19:01:27'),(880,1,'vi','core/base/tables','cancel','Hủy bỏ','2021-04-11 19:01:27','2021-04-11 19:01:27'),(881,1,'vi','core/base/tables','confirm_delete','Xác nhận xóa','2021-04-11 19:01:27','2021-04-11 19:01:27'),(882,1,'vi','core/base/tables','confirm_delete_msg','Bạn có chắc chắn muốn xóa bản ghi này?','2021-04-11 19:01:27','2021-04-11 19:01:27'),(883,1,'vi','core/base/tables','csv','CSV','2021-04-11 19:01:27','2021-04-11 19:01:27'),(884,1,'vi','core/base/tables','deactivate','Hủy kích hoạt','2021-04-11 19:01:27','2021-04-11 19:01:27'),(885,1,'vi','core/base/tables','delete_entry','Xóa bản ghi','2021-04-11 19:01:27','2021-04-11 19:01:27'),(886,1,'vi','core/base/tables','display','Hiển thị','2021-04-11 19:01:27','2021-04-11 19:01:27'),(887,1,'vi','core/base/tables','excel','Excel','2021-04-11 19:01:27','2021-04-11 19:01:27'),(888,1,'vi','core/base/tables','export','Xuất bản','2021-04-11 19:01:27','2021-04-11 19:01:27'),(889,1,'vi','core/base/tables','filter','Nhập từ khóa...','2021-04-11 19:01:27','2021-04-11 19:01:27'),(890,1,'vi','core/base/tables','filtered_from','được lọc từ','2021-04-11 19:01:27','2021-04-11 19:01:27'),(891,1,'vi','core/base/tables','in','trong tổng số','2021-04-11 19:01:27','2021-04-11 19:01:27'),(892,1,'vi','core/base/tables','loading','Đang tải dữ liệu từ hệ thống','2021-04-11 19:01:27','2021-04-11 19:01:27'),(893,1,'vi','core/base/tables','no_data','Không có dữ liệu để hiển thị','2021-04-11 19:01:27','2021-04-11 19:01:27'),(894,1,'vi','core/base/tables','no_record','Không có dữ liệu','2021-04-11 19:01:27','2021-04-11 19:01:27'),(895,1,'vi','core/base/tables','pdf','PDF','2021-04-11 19:01:27','2021-04-11 19:01:27'),(896,1,'vi','core/base/tables','print','In','2021-04-11 19:01:27','2021-04-11 19:01:27'),(897,1,'vi','core/base/tables','records','bản ghi','2021-04-11 19:01:27','2021-04-11 19:01:27'),(898,1,'vi','core/base/tables','reload','Tải lại','2021-04-11 19:01:27','2021-04-11 19:01:27'),(899,1,'vi','core/base/tables','reset','Làm mới','2021-04-11 19:01:27','2021-04-11 19:01:27'),(900,1,'vi','core/base/tables','save','Lưu','2021-04-11 19:01:27','2021-04-11 19:01:27'),(901,1,'vi','core/base/tables','show_from','Hiển thị từ','2021-04-11 19:01:27','2021-04-11 19:01:27'),(902,1,'vi','core/base/tables','template','Giao diện','2021-04-11 19:01:27','2021-04-11 19:01:27'),(903,1,'vi','core/base/tables','to','đến','2021-04-11 19:01:27','2021-04-11 19:01:27'),(904,1,'vi','core/base/tables','view','Xem chi tiết','2021-04-11 19:01:27','2021-04-11 19:01:27'),(905,1,'vi','core/base/tables','email','Email','2021-04-11 19:01:27','2021-04-11 19:01:27'),(906,1,'vi','core/base/tables','image','Hình ảnh','2021-04-11 19:01:27','2021-04-11 19:01:27'),(907,1,'vi','core/base/tables','is_featured','Nổi bật','2021-04-11 19:01:27','2021-04-11 19:01:27'),(908,1,'vi','core/base/tables','last_login','Lần cuối đăng nhập','2021-04-11 19:01:27','2021-04-11 19:01:27'),(909,1,'vi','core/base/tables','order','Thứ tự','2021-04-11 19:01:27','2021-04-11 19:01:27'),(910,1,'vi','core/base/tables','shortcode','Shortcode','2021-04-11 19:01:27','2021-04-11 19:01:27'),(911,1,'vi','core/base/tables','slug','Slug','2021-04-11 19:01:27','2021-04-11 19:01:27'),(912,1,'vi','core/base/tables','title','Tiêu đề','2021-04-11 19:01:27','2021-04-11 19:01:27'),(913,1,'vi','core/base/tabs','detail','Chi tiết','2021-04-11 19:01:27','2021-04-11 19:01:27'),(914,1,'vi','core/base/tabs','file','Tập tin','2021-04-11 19:01:27','2021-04-11 19:01:27'),(915,1,'vi','core/base/tabs','record_note','Ghi chú','2021-04-11 19:01:27','2021-04-11 19:01:27'),(916,1,'vi','core/base/tabs','revision','Lịch sử thay đổi','2021-04-11 19:01:27','2021-04-11 19:01:27'),(917,1,'en','core/dashboard/dashboard','update_position_success','Update widget position successfully!','2021-04-11 19:01:27','2021-04-11 19:01:27'),(918,1,'en','core/dashboard/dashboard','hide_success','Update widget successfully!','2021-04-11 19:01:27','2021-04-11 19:01:27'),(919,1,'en','core/dashboard/dashboard','confirm_hide','Are you sure?','2021-04-11 19:01:27','2021-04-11 19:01:27'),(920,1,'en','core/dashboard/dashboard','hide_message','Do you really want to hide this widget? It will be disappear on Dashboard!','2021-04-11 19:01:27','2021-04-11 19:01:27'),(921,1,'en','core/dashboard/dashboard','confirm_hide_btn','Yes, hide this widget','2021-04-11 19:01:27','2021-04-11 19:01:27'),(922,1,'en','core/dashboard/dashboard','cancel_hide_btn','Cancel','2021-04-11 19:01:27','2021-04-11 19:01:27'),(923,1,'en','core/dashboard/dashboard','collapse_expand','Collapse/Expand','2021-04-11 19:01:27','2021-04-11 19:01:27'),(924,1,'en','core/dashboard/dashboard','hide','Hide','2021-04-11 19:01:27','2021-04-11 19:01:27'),(925,1,'en','core/dashboard/dashboard','reload','Reload','2021-04-11 19:01:27','2021-04-11 19:01:27'),(926,1,'en','core/dashboard/dashboard','save_setting_success','Save widget settings successfully!','2021-04-11 19:01:27','2021-04-11 19:01:27'),(927,1,'en','core/dashboard/dashboard','widget_not_exists','Widget is not exits!','2021-04-11 19:01:27','2021-04-11 19:01:27'),(928,1,'en','core/dashboard/dashboard','manage_widgets','Manage Widgets','2021-04-11 19:01:28','2021-04-11 19:01:28'),(929,1,'en','core/dashboard/dashboard','fullscreen','Full screen','2021-04-11 19:01:28','2021-04-11 19:01:28'),(930,1,'en','core/dashboard/dashboard','title','Dashboard','2021-04-11 19:01:28','2021-04-11 19:01:28'),(931,1,'vi','core/dashboard/dashboard','cancel_hide_btn','Hủy bỏ','2021-04-11 19:01:28','2021-04-11 19:01:28'),(932,1,'vi','core/dashboard/dashboard','collapse_expand','Mở rộng','2021-04-11 19:01:28','2021-04-11 19:01:28'),(933,1,'vi','core/dashboard/dashboard','confirm_hide','Bạn có chắc?','2021-04-11 19:01:28','2021-04-11 19:01:28'),(934,1,'vi','core/dashboard/dashboard','confirm_hide_btn','Vâng, ẩn tiện ích này','2021-04-11 19:01:28','2021-04-11 19:01:28'),(935,1,'vi','core/dashboard/dashboard','hide','Ẩn','2021-04-11 19:01:28','2021-04-11 19:01:28'),(936,1,'vi','core/dashboard/dashboard','hide_message','Bạn có chắc chắn muốn ẩn tiện ích này? Nó sẽ không được hiển thị trên trang chủ nữa!','2021-04-11 19:01:28','2021-04-11 19:01:28'),(937,1,'vi','core/dashboard/dashboard','hide_success','Ẩn tiện ích thành công!','2021-04-11 19:01:28','2021-04-11 19:01:28'),(938,1,'vi','core/dashboard/dashboard','manage_widgets','Quản lý tiện ích','2021-04-11 19:01:28','2021-04-11 19:01:28'),(939,1,'vi','core/dashboard/dashboard','reload','Làm mới','2021-04-11 19:01:28','2021-04-11 19:01:28'),(940,1,'vi','core/dashboard/dashboard','save_setting_success','Lưu tiện ích thành công','2021-04-11 19:01:28','2021-04-11 19:01:28'),(941,1,'vi','core/dashboard/dashboard','update_position_success','Cập nhật vị trí tiện ích thành công!','2021-04-11 19:01:28','2021-04-11 19:01:28'),(942,1,'vi','core/dashboard/dashboard','widget_not_exists','Tiện ích này không tồn tại!','2021-04-11 19:01:28','2021-04-11 19:01:28'),(943,1,'vi','core/dashboard/dashboard','fullscreen','Toàn màn hình','2021-04-11 19:01:28','2021-04-11 19:01:28'),(944,1,'vi','core/dashboard/dashboard','title','Trang quản trị','2021-04-11 19:01:28','2021-04-11 19:01:28'),(945,1,'en','core/media/media','filter','Filter','2021-04-11 19:01:28','2021-04-11 19:01:28'),(946,1,'en','core/media/media','everything','Everything','2021-04-11 19:01:28','2021-04-11 19:01:28'),(947,1,'en','core/media/media','image','Image','2021-04-11 19:01:28','2021-04-11 19:01:28'),(948,1,'en','core/media/media','video','Video','2021-04-11 19:01:28','2021-04-11 19:01:28'),(949,1,'en','core/media/media','document','Document','2021-04-11 19:01:28','2021-04-11 19:01:28'),(950,1,'en','core/media/media','view_in','View in','2021-04-11 19:01:28','2021-04-11 19:01:28'),(951,1,'en','core/media/media','all_media','All media','2021-04-11 19:01:28','2021-04-11 19:01:28'),(952,1,'en','core/media/media','trash','Trash','2021-04-11 19:01:28','2021-04-11 19:01:28'),(953,1,'en','core/media/media','recent','Recent','2021-04-11 19:01:28','2021-04-11 19:01:28'),(954,1,'en','core/media/media','favorites','Favorites','2021-04-11 19:01:28','2021-04-11 19:01:28'),(955,1,'en','core/media/media','upload','Upload','2021-04-11 19:01:28','2021-04-11 19:01:28'),(956,1,'en','core/media/media','create_folder','Create folder','2021-04-11 19:01:28','2021-04-11 19:01:28'),(957,1,'en','core/media/media','refresh','Refresh','2021-04-11 19:01:28','2021-04-11 19:01:28'),(958,1,'en','core/media/media','empty_trash','Empty trash','2021-04-11 19:01:28','2021-04-11 19:01:28'),(959,1,'en','core/media/media','search_file_and_folder','Search file and folder','2021-04-11 19:01:28','2021-04-11 19:01:28'),(960,1,'en','core/media/media','sort','Sort','2021-04-11 19:01:28','2021-04-11 19:01:28'),(961,1,'en','core/media/media','file_name_asc','File name - ASC','2021-04-11 19:01:28','2021-04-11 19:01:28'),(962,1,'en','core/media/media','file_name_desc','File name - DESC','2021-04-11 19:01:28','2021-04-11 19:01:28'),(963,1,'en','core/media/media','uploaded_date_asc','Uploaded date - ASC','2021-04-11 19:01:28','2021-04-11 19:01:28'),(964,1,'en','core/media/media','uploaded_date_desc','Uploaded date - DESC','2021-04-11 19:01:28','2021-04-11 19:01:28'),(965,1,'en','core/media/media','size_asc','Size - ASC','2021-04-11 19:01:28','2021-04-11 19:01:28'),(966,1,'en','core/media/media','size_desc','Size - DESC','2021-04-11 19:01:28','2021-04-11 19:01:28'),(967,1,'en','core/media/media','actions','Actions','2021-04-11 19:01:28','2021-04-11 19:01:28'),(968,1,'en','core/media/media','nothing_is_selected','Nothing is selected','2021-04-11 19:01:28','2021-04-11 19:01:28'),(969,1,'en','core/media/media','insert','Insert','2021-04-11 19:01:28','2021-04-11 19:01:28'),(970,1,'en','core/media/media','folder_name','Folder name','2021-04-11 19:01:28','2021-04-11 19:01:28'),(971,1,'en','core/media/media','create','Create','2021-04-11 19:01:28','2021-04-11 19:01:28'),(972,1,'en','core/media/media','rename','Rename','2021-04-11 19:01:28','2021-04-11 19:01:28'),(973,1,'en','core/media/media','close','Close','2021-04-11 19:01:28','2021-04-11 19:01:28'),(974,1,'en','core/media/media','save_changes','Save changes','2021-04-11 19:01:28','2021-04-11 19:01:28'),(975,1,'en','core/media/media','move_to_trash','Move items to trash','2021-04-11 19:01:28','2021-04-11 19:01:28'),(976,1,'en','core/media/media','confirm_trash','Are you sure you want to move these items to trash?','2021-04-11 19:01:28','2021-04-11 19:01:28'),(977,1,'en','core/media/media','confirm','Confirm','2021-04-11 19:01:28','2021-04-11 19:01:28'),(978,1,'en','core/media/media','confirm_delete','Delete item(s)','2021-04-11 19:01:28','2021-04-11 19:01:28'),(979,1,'en','core/media/media','confirm_delete_description','Your request cannot rollback. Are you sure you wanna delete these items?','2021-04-11 19:01:28','2021-04-11 19:01:28'),(980,1,'en','core/media/media','empty_trash_title','Empty trash','2021-04-11 19:01:28','2021-04-11 19:01:28'),(981,1,'en','core/media/media','empty_trash_description','Your request cannot rollback. Are you sure you wanna remove all items in trash?','2021-04-11 19:01:28','2021-04-11 19:01:28'),(982,1,'en','core/media/media','up_level','Up one level','2021-04-11 19:01:28','2021-04-11 19:01:28'),(983,1,'en','core/media/media','upload_progress','Upload progress','2021-04-11 19:01:28','2021-04-11 19:01:28'),(984,1,'en','core/media/media','folder_created','Folder is created successfully!','2021-04-11 19:01:28','2021-04-11 19:01:28'),(985,1,'en','core/media/media','gallery','Media gallery','2021-04-11 19:01:28','2021-04-11 19:01:28'),(986,1,'en','core/media/media','trash_error','Error when delete selected item(s)','2021-04-11 19:01:28','2021-04-11 19:01:28'),(987,1,'en','core/media/media','trash_success','Moved selected item(s) to trash successfully!','2021-04-11 19:01:28','2021-04-11 19:01:28'),(988,1,'en','core/media/media','restore_error','Error when restore selected item(s)','2021-04-11 19:01:28','2021-04-11 19:01:28'),(989,1,'en','core/media/media','restore_success','Restore selected item(s) successfully!','2021-04-11 19:01:28','2021-04-11 19:01:28'),(990,1,'en','core/media/media','copy_success','Copied selected item(s) successfully!','2021-04-11 19:01:28','2021-04-11 19:01:28'),(991,1,'en','core/media/media','delete_success','Deleted selected item(s) successfully!','2021-04-11 19:01:28','2021-04-11 19:01:28'),(992,1,'en','core/media/media','favorite_success','Favorite selected item(s) successfully!','2021-04-11 19:01:28','2021-04-11 19:01:28'),(993,1,'en','core/media/media','remove_favorite_success','Remove selected item(s) from favorites successfully!','2021-04-11 19:01:28','2021-04-11 19:01:28'),(994,1,'en','core/media/media','rename_error','Error when rename item(s)','2021-04-11 19:01:28','2021-04-11 19:01:28'),(995,1,'en','core/media/media','rename_success','Rename selected item(s) successfully!','2021-04-11 19:01:28','2021-04-11 19:01:28'),(996,1,'en','core/media/media','empty_trash_success','Empty trash successfully!','2021-04-11 19:01:28','2021-04-11 19:01:28'),(997,1,'en','core/media/media','invalid_action','Invalid action!','2021-04-11 19:01:28','2021-04-11 19:01:28'),(998,1,'en','core/media/media','file_not_exists','File is not exists!','2021-04-11 19:01:28','2021-04-11 19:01:28'),(999,1,'en','core/media/media','download_file_error','Error when downloading files!','2021-04-11 19:01:28','2021-04-11 19:01:28'),(1000,1,'en','core/media/media','missing_zip_archive_extension','Please enable ZipArchive extension to download file!','2021-04-11 19:01:28','2021-04-11 19:01:28'),(1001,1,'en','core/media/media','can_not_download_file','Can not download this file!','2021-04-11 19:01:28','2021-04-11 19:01:28'),(1002,1,'en','core/media/media','invalid_request','Invalid request!','2021-04-11 19:01:28','2021-04-11 19:01:28'),(1003,1,'en','core/media/media','add_success','Add item successfully!','2021-04-11 19:01:28','2021-04-11 19:01:28'),(1004,1,'en','core/media/media','file_too_big','File too big. Max file upload is :size bytes','2021-04-11 19:01:28','2021-04-11 19:01:28'),(1005,1,'en','core/media/media','can_not_detect_file_type','File type is not allowed or can not detect file type!','2021-04-11 19:01:28','2021-04-11 19:01:28'),(1006,1,'en','core/media/media','upload_failed','The file is NOT uploaded completely. The server allows max upload file size is :size . Please check your file size OR try to upload again in case of having network errors','2021-04-11 19:01:28','2021-04-11 19:01:28'),(1007,1,'en','core/media/media','menu_name','Media','2021-04-11 19:01:28','2021-04-11 19:01:28'),(1008,1,'en','core/media/media','add','Add media','2021-04-11 19:01:28','2021-04-11 19:01:28'),(1009,1,'en','core/media/media','javascript.name','Name','2021-04-11 19:01:28','2021-04-11 19:01:28'),(1010,1,'en','core/media/media','javascript.url','URL','2021-04-11 19:01:28','2021-04-11 19:01:28'),(1011,1,'en','core/media/media','javascript.full_url','Full URL','2021-04-11 19:01:28','2021-04-11 19:01:28'),(1012,1,'en','core/media/media','javascript.size','Size','2021-04-11 19:01:28','2021-04-11 19:01:28'),(1013,1,'en','core/media/media','javascript.mime_type','Type','2021-04-11 19:01:28','2021-04-11 19:01:28'),(1014,1,'en','core/media/media','javascript.created_at','Uploaded at','2021-04-11 19:01:28','2021-04-11 19:01:28'),(1015,1,'en','core/media/media','javascript.updated_at','Modified at','2021-04-11 19:01:28','2021-04-11 19:01:28'),(1016,1,'en','core/media/media','javascript.nothing_selected','Nothing is selected','2021-04-11 19:01:28','2021-04-11 19:01:28'),(1017,1,'en','core/media/media','javascript.visit_link','Open link','2021-04-11 19:01:28','2021-04-11 19:01:28'),(1018,1,'en','core/media/media','javascript.no_item.all_media.icon','fas fa-cloud-upload-alt','2021-04-11 19:01:28','2021-04-11 19:01:28'),(1019,1,'en','core/media/media','javascript.no_item.all_media.title','Drop files and folders here','2021-04-11 19:01:28','2021-04-11 19:01:28'),(1020,1,'en','core/media/media','javascript.no_item.all_media.message','Or use the upload button above','2021-04-11 19:01:28','2021-04-11 19:01:28'),(1021,1,'en','core/media/media','javascript.no_item.trash.icon','fas fa-trash-alt','2021-04-11 19:01:28','2021-04-11 19:01:28'),(1022,1,'en','core/media/media','javascript.no_item.trash.title','There is nothing in your trash currently','2021-04-11 19:01:28','2021-04-11 19:01:28'),(1023,1,'en','core/media/media','javascript.no_item.trash.message','Delete files to move them to trash automatically. Delete files from trash to remove them permanently','2021-04-11 19:01:28','2021-04-11 19:01:28'),(1024,1,'en','core/media/media','javascript.no_item.favorites.icon','fas fa-star','2021-04-11 19:01:28','2021-04-11 19:01:28'),(1025,1,'en','core/media/media','javascript.no_item.favorites.title','You have not added anything to your favorites yet','2021-04-11 19:01:28','2021-04-11 19:01:28'),(1026,1,'en','core/media/media','javascript.no_item.favorites.message','Add files to favorites to easily find them later','2021-04-11 19:01:28','2021-04-11 19:01:28'),(1027,1,'en','core/media/media','javascript.no_item.recent.icon','far fa-clock','2021-04-11 19:01:28','2021-04-11 19:01:28'),(1028,1,'en','core/media/media','javascript.no_item.recent.title','You did not opened anything yet','2021-04-11 19:01:28','2021-04-11 19:01:28'),(1029,1,'en','core/media/media','javascript.no_item.recent.message','All recent files that you opened will be appeared here','2021-04-11 19:01:28','2021-04-11 19:01:28'),(1030,1,'en','core/media/media','javascript.no_item.default.icon','fas fa-sync','2021-04-11 19:01:28','2021-04-11 19:01:28'),(1031,1,'en','core/media/media','javascript.no_item.default.title','No items','2021-04-11 19:01:28','2021-04-11 19:01:28'),(1032,1,'en','core/media/media','javascript.no_item.default.message','This directory has no item','2021-04-11 19:01:28','2021-04-11 19:01:28'),(1033,1,'en','core/media/media','javascript.clipboard.success','These file links has been copied to clipboard','2021-04-11 19:01:28','2021-04-11 19:01:28'),(1034,1,'en','core/media/media','javascript.message.error_header','Error','2021-04-11 19:01:28','2021-04-11 19:01:28'),(1035,1,'en','core/media/media','javascript.message.success_header','Success','2021-04-11 19:01:28','2021-04-11 19:01:28'),(1036,1,'en','core/media/media','javascript.download.error','No files selected or cannot download these files','2021-04-11 19:01:28','2021-04-11 19:01:28'),(1037,1,'en','core/media/media','javascript.actions_list.basic.preview','Preview','2021-04-11 19:01:28','2021-04-11 19:01:28'),(1038,1,'en','core/media/media','javascript.actions_list.file.copy_link','Copy link','2021-04-11 19:01:28','2021-04-11 19:01:28'),(1039,1,'en','core/media/media','javascript.actions_list.file.rename','Rename','2021-04-11 19:01:28','2021-04-11 19:01:28'),(1040,1,'en','core/media/media','javascript.actions_list.file.make_copy','Make a copy','2021-04-11 19:01:28','2021-04-11 19:01:28'),(1041,1,'en','core/media/media','javascript.actions_list.user.favorite','Add to favorite','2021-04-11 19:01:28','2021-04-11 19:01:28'),(1042,1,'en','core/media/media','javascript.actions_list.user.remove_favorite','Remove favorite','2021-04-11 19:01:28','2021-04-11 19:01:28'),(1043,1,'en','core/media/media','javascript.actions_list.other.download','Download','2021-04-11 19:01:28','2021-04-11 19:01:28'),(1044,1,'en','core/media/media','javascript.actions_list.other.trash','Move to trash','2021-04-11 19:01:28','2021-04-11 19:01:28'),(1045,1,'en','core/media/media','javascript.actions_list.other.delete','Delete permanently','2021-04-11 19:01:28','2021-04-11 19:01:28'),(1046,1,'en','core/media/media','javascript.actions_list.other.restore','Restore','2021-04-11 19:01:28','2021-04-11 19:01:28'),(1047,1,'en','core/media/media','name_invalid','The folder name has invalid character(s).','2021-04-11 19:01:28','2021-04-11 19:01:28'),(1048,1,'en','core/media/media','url_invalid','Please provide a valid URL','2021-04-11 19:01:28','2021-04-11 19:01:28'),(1049,1,'en','core/media/media','path_invalid','Please provide a valid path','2021-04-11 19:01:28','2021-04-11 19:01:28'),(1050,1,'vi','core/media/media','filter','Lọc','2021-04-11 19:01:28','2021-04-11 19:01:28'),(1051,1,'vi','core/media/media','everything','Tất cả','2021-04-11 19:01:28','2021-04-11 19:01:28'),(1052,1,'vi','core/media/media','image','Hình ảnh','2021-04-11 19:01:28','2021-04-11 19:01:28'),(1053,1,'vi','core/media/media','video','Phim','2021-04-11 19:01:28','2021-04-11 19:01:28'),(1054,1,'vi','core/media/media','document','Tài liệu','2021-04-11 19:01:28','2021-04-11 19:01:28'),(1055,1,'vi','core/media/media','view_in','Chế độ xem','2021-04-11 19:01:28','2021-04-11 19:01:28'),(1056,1,'vi','core/media/media','all_media','Tất cả tập tin','2021-04-11 19:01:28','2021-04-11 19:01:28'),(1057,1,'vi','core/media/media','trash','Thùng rác','2021-04-11 19:01:28','2021-04-11 19:01:28'),(1058,1,'vi','core/media/media','recent','Gần đây','2021-04-11 19:01:28','2021-04-11 19:01:28'),(1059,1,'vi','core/media/media','favorites','Được gắn dấu sao','2021-04-11 19:01:28','2021-04-11 19:01:28'),(1060,1,'vi','core/media/media','upload','Tải lên','2021-04-11 19:01:28','2021-04-11 19:01:28'),(1061,1,'vi','core/media/media','add_from','Thêm từ','2021-04-11 19:01:28','2021-04-11 19:01:28'),(1062,1,'vi','core/media/media','youtube','Youtube','2021-04-11 19:01:28','2021-04-11 19:01:28'),(1063,1,'vi','core/media/media','vimeo','Vimeo','2021-04-11 19:01:28','2021-04-11 19:01:28'),(1064,1,'vi','core/media/media','vine','Vine','2021-04-11 19:01:28','2021-04-11 19:01:28'),(1065,1,'vi','core/media/media','daily_motion','Dailymotion','2021-04-11 19:01:28','2021-04-11 19:01:28'),(1066,1,'vi','core/media/media','create_folder','Tạo thư mục','2021-04-11 19:01:28','2021-04-11 19:01:28'),(1067,1,'vi','core/media/media','refresh','Làm mới','2021-04-11 19:01:28','2021-04-11 19:01:28'),(1068,1,'vi','core/media/media','empty_trash','Dọn thùng rác','2021-04-11 19:01:28','2021-04-11 19:01:28'),(1069,1,'vi','core/media/media','search_file_and_folder','Tìm kiếm tập tin và thư mục','2021-04-11 19:01:28','2021-04-11 19:01:28'),(1070,1,'vi','core/media/media','sort','Sắp xếp','2021-04-11 19:01:28','2021-04-11 19:01:28'),(1071,1,'vi','core/media/media','file_name_asc','Tên tập tin - ASC','2021-04-11 19:01:28','2021-04-11 19:01:28'),(1072,1,'vi','core/media/media','file_name_desc','Tên tập tin - DESC','2021-04-11 19:01:28','2021-04-11 19:01:28'),(1073,1,'vi','core/media/media','created_date_asc','Ngày tạo - ASC','2021-04-11 19:01:28','2021-04-11 19:01:28'),(1074,1,'vi','core/media/media','created_date_desc','Ngày tạo - DESC','2021-04-11 19:01:28','2021-04-11 19:01:28'),(1075,1,'vi','core/media/media','uploaded_date_asc','Ngày tải lên - ASC','2021-04-11 19:01:28','2021-04-11 19:01:28'),(1076,1,'vi','core/media/media','uploaded_date_desc','Ngày tải lên - DESC','2021-04-11 19:01:28','2021-04-11 19:01:28'),(1077,1,'vi','core/media/media','size_asc','Kích thước - ASC','2021-04-11 19:01:28','2021-04-11 19:01:28'),(1078,1,'vi','core/media/media','size_desc','Kích thước - DESC','2021-04-11 19:01:28','2021-04-11 19:01:28'),(1079,1,'vi','core/media/media','actions','Hành động','2021-04-11 19:01:28','2021-04-11 19:01:28'),(1080,1,'vi','core/media/media','nothing_is_selected','Không có tập tin nào được chọn','2021-04-11 19:01:28','2021-04-11 19:01:28'),(1081,1,'vi','core/media/media','insert','Chèn','2021-04-11 19:01:28','2021-04-11 19:01:28'),(1082,1,'vi','core/media/media','coming_soon','Đang phát triển','2021-04-11 19:01:28','2021-04-11 19:01:28'),(1083,1,'vi','core/media/media','add_from_youtube','Thêm từ youtube','2021-04-11 19:01:28','2021-04-11 19:01:28'),(1084,1,'vi','core/media/media','playlist','Playlist','2021-04-11 19:01:28','2021-04-11 19:01:28'),(1085,1,'vi','core/media/media','add_url','Thêm đường dẫn','2021-04-11 19:01:28','2021-04-11 19:01:28'),(1086,1,'vi','core/media/media','folder_name','Tên thư mục','2021-04-11 19:01:28','2021-04-11 19:01:28'),(1087,1,'vi','core/media/media','create','Tạo','2021-04-11 19:01:28','2021-04-11 19:01:28'),(1088,1,'vi','core/media/media','rename','Đổi tên','2021-04-11 19:01:28','2021-04-11 19:01:28'),(1089,1,'vi','core/media/media','close','Đóng','2021-04-11 19:01:28','2021-04-11 19:01:28'),(1090,1,'vi','core/media/media','save_changes','Lưu thay đổi','2021-04-11 19:01:28','2021-04-11 19:01:28'),(1091,1,'vi','core/media/media','move_to_trash','Đưa vào thùng rác','2021-04-11 19:01:28','2021-04-11 19:01:28'),(1092,1,'vi','core/media/media','confirm_trash','Bạn có chắc chắn muốn bỏ những tập tin này vào thùng rác?','2021-04-11 19:01:28','2021-04-11 19:01:28'),(1093,1,'vi','core/media/media','confirm','Xác nhận','2021-04-11 19:01:28','2021-04-11 19:01:28'),(1094,1,'vi','core/media/media','confirm_delete','Xóa tập tin','2021-04-11 19:01:28','2021-04-11 19:01:28'),(1095,1,'vi','core/media/media','confirm_delete_description','Hành động này không thể khôi phục. Bạn có chắc chắn muốn xóa các tập tin này?','2021-04-11 19:01:28','2021-04-11 19:01:28'),(1096,1,'vi','core/media/media','empty_trash_title','Dọn sạch thùng rác','2021-04-11 19:01:28','2021-04-11 19:01:28'),(1097,1,'vi','core/media/media','empty_trash_description','Hành động này không thể khôi phục. Bạn có chắc chắn muốn dọn sạch thùng rác?','2021-04-11 19:01:28','2021-04-11 19:01:28'),(1098,1,'vi','core/media/media','up_level','Quay lại một cấp','2021-04-11 19:01:28','2021-04-11 19:01:28'),(1099,1,'vi','core/media/media','upload_progress','Tiến trình tải lên','2021-04-11 19:01:28','2021-04-11 19:01:28'),(1100,1,'vi','core/media/media','name_reserved','Tên này không được phép đặt','2021-04-11 19:01:28','2021-04-11 19:01:28'),(1101,1,'vi','core/media/media','folder_created','Tạo thư mục thành công!','2021-04-11 19:01:28','2021-04-11 19:01:28'),(1102,1,'vi','core/media/media','gallery','Thư viện tập tin','2021-04-11 19:01:28','2021-04-11 19:01:28'),(1103,1,'vi','core/media/media','trash_error','Có lỗi khi xóa tập tin/thư mục','2021-04-11 19:01:28','2021-04-11 19:01:28'),(1104,1,'vi','core/media/media','trash_success','Xóa tập tin/thư mục thành công!','2021-04-11 19:01:28','2021-04-11 19:01:28'),(1105,1,'vi','core/media/media','restore_error','Có lỗi trong quá trình khôi phục','2021-04-11 19:01:28','2021-04-11 19:01:28'),(1106,1,'vi','core/media/media','restore_success','Khôi phục thành công!','2021-04-11 19:01:28','2021-04-11 19:01:28'),(1107,1,'vi','core/media/media','copy_success','Sao chép thành công!','2021-04-11 19:01:28','2021-04-11 19:01:28'),(1108,1,'vi','core/media/media','delete_success','Xóa thành công!','2021-04-11 19:01:28','2021-04-11 19:01:28'),(1109,1,'vi','core/media/media','favorite_success','Thêm dấu sao thành công!','2021-04-11 19:01:28','2021-04-11 19:01:28'),(1110,1,'vi','core/media/media','remove_favorite_success','Bỏ dấu sao thành công!','2021-04-11 19:01:28','2021-04-11 19:01:28'),(1111,1,'vi','core/media/media','rename_error','Có lỗi trong quá trình đổi tên','2021-04-11 19:01:28','2021-04-11 19:01:28'),(1112,1,'vi','core/media/media','rename_success','Đổi tên thành công!','2021-04-11 19:01:28','2021-04-11 19:01:28'),(1113,1,'vi','core/media/media','invalid_action','Hành động không hợp lệ!','2021-04-11 19:01:28','2021-04-11 19:01:28'),(1114,1,'vi','core/media/media','file_not_exists','Tập tin không tồn tại!','2021-04-11 19:01:28','2021-04-11 19:01:28'),(1115,1,'vi','core/media/media','download_file_error','Có lỗi trong quá trình tải xuống tập tin!','2021-04-11 19:01:28','2021-04-11 19:01:28'),(1116,1,'vi','core/media/media','missing_zip_archive_extension','Hãy bật ZipArchive extension để tải tập tin!','2021-04-11 19:01:28','2021-04-11 19:01:28'),(1117,1,'vi','core/media/media','can_not_download_file','Không thể tải tập tin!','2021-04-11 19:01:28','2021-04-11 19:01:28'),(1118,1,'vi','core/media/media','invalid_request','Yêu cầu không hợp lệ!','2021-04-11 19:01:28','2021-04-11 19:01:28'),(1119,1,'vi','core/media/media','add_success','Thêm thành công!','2021-04-11 19:01:28','2021-04-11 19:01:28'),(1120,1,'vi','core/media/media','file_too_big','Tập tin quá lớn. Giới hạn tải lên là :size bytes','2021-04-11 19:01:28','2021-04-11 19:01:28'),(1121,1,'vi','core/media/media','can_not_detect_file_type','Loại tập tin không hợp lệ hoặc không thể xác định loại tập tin!','2021-04-11 19:01:28','2021-04-11 19:01:28'),(1122,1,'vi','core/media/media','upload_failed','The file is NOT uploaded completely. The server allows max upload file size is :size . Please check your file size OR try to upload again in case of having network errors','2021-04-11 19:01:28','2021-04-11 19:01:28'),(1123,1,'vi','core/media/media','menu_name','Quản lý tập tin','2021-04-11 19:01:28','2021-04-11 19:01:28'),(1124,1,'vi','core/media/media','add','Thêm tập tin','2021-04-11 19:01:28','2021-04-11 19:01:28'),(1125,1,'vi','core/media/media','javascript.name','Tên','2021-04-11 19:01:28','2021-04-11 19:01:28'),(1126,1,'vi','core/media/media','javascript.url','Đường dẫn','2021-04-11 19:01:28','2021-04-11 19:01:28'),(1127,1,'vi','core/media/media','javascript.full_url','Đường dẫn tuyệt đối','2021-04-11 19:01:28','2021-04-11 19:01:28'),(1128,1,'vi','core/media/media','javascript.size','Kích thước','2021-04-11 19:01:28','2021-04-11 19:01:28'),(1129,1,'vi','core/media/media','javascript.mime_type','Loại','2021-04-11 19:01:28','2021-04-11 19:01:28'),(1130,1,'vi','core/media/media','javascript.created_at','Được tải lên lúc','2021-04-11 19:01:28','2021-04-11 19:01:28'),(1131,1,'vi','core/media/media','javascript.updated_at','Được chỉnh sửa lúc','2021-04-11 19:01:28','2021-04-11 19:01:28'),(1132,1,'vi','core/media/media','javascript.nothing_selected','Bạn chưa chọn tập tin nào','2021-04-11 19:01:28','2021-04-11 19:01:28'),(1133,1,'vi','core/media/media','javascript.visit_link','Mở liên kết','2021-04-11 19:01:28','2021-04-11 19:01:28'),(1134,1,'vi','core/media/media','javascript.add_from.youtube.original_msg','Vui lòng nhập chính xác đường dẫn Youtube','2021-04-11 19:01:28','2021-04-11 19:01:28'),(1135,1,'vi','core/media/media','javascript.add_from.youtube.no_api_key_msg','Vui lòng khai báo API key của Youtube','2021-04-11 19:01:28','2021-04-11 19:01:28'),(1136,1,'vi','core/media/media','javascript.add_from.youtube.invalid_url_msg','Liên kết này không dẫn đến Youtube','2021-04-11 19:01:28','2021-04-11 19:01:28'),(1137,1,'vi','core/media/media','javascript.add_from.youtube.error_msg','Có lỗi xảy ra trong tiến trình thực hiện...','2021-04-11 19:01:28','2021-04-11 19:01:28'),(1138,1,'vi','core/media/media','javascript.no_item.all_media.icon','fas fa-cloud-upload-alt','2021-04-11 19:01:28','2021-04-11 19:01:28'),(1139,1,'vi','core/media/media','javascript.no_item.all_media.title','Bạn có thể kéo thả tập tin vào đây để tải lên','2021-04-11 19:01:28','2021-04-11 19:01:28'),(1140,1,'vi','core/media/media','javascript.no_item.all_media.message','Hoặc có thể bấm nút Tải lên ở phía trên','2021-04-11 19:01:28','2021-04-11 19:01:28'),(1141,1,'vi','core/media/media','javascript.no_item.trash.icon','fas fa-trash-alt','2021-04-11 19:01:28','2021-04-11 19:01:28'),(1142,1,'vi','core/media/media','javascript.no_item.trash.title','Hiện tại không có tập tin nào trong thùng rác','2021-04-11 19:01:28','2021-04-11 19:01:28'),(1143,1,'vi','core/media/media','javascript.no_item.trash.message','Xóa tập tin sẽ đem tập tin lưu vào thùng rác. Xóa tập tin trong thùng rác sẽ xóa vĩnh viễn.','2021-04-11 19:01:28','2021-04-11 19:01:28'),(1144,1,'vi','core/media/media','javascript.no_item.favorites.icon','fas fa-star','2021-04-11 19:01:28','2021-04-11 19:01:28'),(1145,1,'vi','core/media/media','javascript.no_item.favorites.title','Bạn chưa đặt tập tin nào vào mục yêu thích','2021-04-11 19:01:28','2021-04-11 19:01:28'),(1146,1,'vi','core/media/media','javascript.no_item.favorites.message','Thêm tập tin vào mục yêu thích để tìm kiếm chúng dễ dàng sau này.','2021-04-11 19:01:28','2021-04-11 19:01:28'),(1147,1,'vi','core/media/media','javascript.no_item.recent.icon','far fa-clock','2021-04-11 19:01:28','2021-04-11 19:01:28'),(1148,1,'vi','core/media/media','javascript.no_item.recent.title','Bạn chưa mở tập tin nào.','2021-04-11 19:01:28','2021-04-11 19:01:28'),(1149,1,'vi','core/media/media','javascript.no_item.recent.message','Mục này hiển thị các tập tin bạn đã xem gần đây.','2021-04-11 19:01:28','2021-04-11 19:01:28'),(1150,1,'vi','core/media/media','javascript.no_item.default.icon','fas fa-sync','2021-04-11 19:01:28','2021-04-11 19:01:28'),(1151,1,'vi','core/media/media','javascript.no_item.default.title','Thư mục trống','2021-04-11 19:01:28','2021-04-11 19:01:28'),(1152,1,'vi','core/media/media','javascript.no_item.default.message','Thư mục này chưa có tập tin nào','2021-04-11 19:01:28','2021-04-11 19:01:28'),(1153,1,'vi','core/media/media','javascript.clipboard.success','Đường dẫn của các tập tin đã được sao chép vào clipboard','2021-04-11 19:01:28','2021-04-11 19:01:28'),(1154,1,'vi','core/media/media','javascript.message.error_header','Lỗi','2021-04-11 19:01:28','2021-04-11 19:01:28'),(1155,1,'vi','core/media/media','javascript.message.success_header','Thành công','2021-04-11 19:01:28','2021-04-11 19:01:28'),(1156,1,'vi','core/media/media','javascript.download.error','Bạn chưa chọn tập tin nào hoặc tập tin này không cho phép tải về','2021-04-11 19:01:28','2021-04-11 19:01:28'),(1157,1,'vi','core/media/media','javascript.actions_list.basic.preview','Xem trước','2021-04-11 19:01:28','2021-04-11 19:01:28'),(1158,1,'vi','core/media/media','javascript.actions_list.file.copy_link','Sao chép đường dẫn','2021-04-11 19:01:28','2021-04-11 19:01:28'),(1159,1,'vi','core/media/media','javascript.actions_list.file.rename','Đổi tên','2021-04-11 19:01:28','2021-04-11 19:01:28'),(1160,1,'vi','core/media/media','javascript.actions_list.file.make_copy','Nhân bản','2021-04-11 19:01:28','2021-04-11 19:01:28'),(1161,1,'vi','core/media/media','javascript.actions_list.user.favorite','Yêu thích','2021-04-11 19:01:28','2021-04-11 19:01:28'),(1162,1,'vi','core/media/media','javascript.actions_list.user.remove_favorite','Xóa khỏi mục yêu thích','2021-04-11 19:01:28','2021-04-11 19:01:28'),(1163,1,'vi','core/media/media','javascript.actions_list.other.download','Tải xuống','2021-04-11 19:01:28','2021-04-11 19:01:28'),(1164,1,'vi','core/media/media','javascript.actions_list.other.trash','Chuyển vào thùng rác','2021-04-11 19:01:28','2021-04-11 19:01:28'),(1165,1,'vi','core/media/media','javascript.actions_list.other.delete','Xóa hoàn toàn','2021-04-11 19:01:28','2021-04-11 19:01:28'),(1166,1,'vi','core/media/media','javascript.actions_list.other.restore','Khôi phục','2021-04-11 19:01:28','2021-04-11 19:01:28'),(1167,1,'vi','core/media/media','empty_trash_success','Dọn sạch thùng rác thành công','2021-04-11 19:01:28','2021-04-11 19:01:28'),(1168,1,'vi','core/media/media','name_invalid','Tên thư mục chứa ký tự không hợp lệ','2021-04-11 19:01:28','2021-04-11 19:01:28'),(1169,1,'en','core/setting/setting','title','Settings','2021-04-11 19:01:28','2021-04-11 19:01:28'),(1170,1,'en','core/setting/setting','email_setting_title','Email settings','2021-04-11 19:01:28','2021-04-11 19:01:28'),(1171,1,'en','core/setting/setting','general.theme','Theme','2021-04-11 19:01:28','2021-04-11 19:01:28'),(1172,1,'en','core/setting/setting','general.description','Setting site information','2021-04-11 19:01:28','2021-04-11 19:01:28'),(1173,1,'en','core/setting/setting','general.title','General','2021-04-11 19:01:28','2021-04-11 19:01:28'),(1174,1,'en','core/setting/setting','general.general_block','General Information','2021-04-11 19:01:28','2021-04-11 19:01:28'),(1175,1,'en','core/setting/setting','general.rich_editor','Rich Editor','2021-04-11 19:01:28','2021-04-11 19:01:28'),(1176,1,'en','core/setting/setting','general.site_title','Site title','2021-04-11 19:01:28','2021-04-11 19:01:28'),(1177,1,'en','core/setting/setting','general.admin_email','Admin Email','2021-04-11 19:01:28','2021-04-11 19:01:28'),(1178,1,'en','core/setting/setting','general.seo_block','SEO Configuration','2021-04-11 19:01:28','2021-04-11 19:01:28'),(1179,1,'en','core/setting/setting','general.seo_title','SEO Title','2021-04-11 19:01:28','2021-04-11 19:01:28'),(1180,1,'en','core/setting/setting','general.seo_description','SEO Description','2021-04-11 19:01:28','2021-04-11 19:01:28'),(1181,1,'en','core/setting/setting','general.webmaster_tools_block','Google Webmaster Tools','2021-04-11 19:01:28','2021-04-11 19:01:28'),(1182,1,'en','core/setting/setting','general.google_site_verification','Google site verification','2021-04-11 19:01:28','2021-04-11 19:01:28'),(1183,1,'en','core/setting/setting','general.placeholder.site_title','Site Title (maximum 120 characters)','2021-04-11 19:01:28','2021-04-11 19:01:28'),(1184,1,'en','core/setting/setting','general.placeholder.admin_email','Admin Email','2021-04-11 19:01:28','2021-04-11 19:01:28'),(1185,1,'en','core/setting/setting','general.placeholder.seo_title','SEO Title (maximum 120 characters)','2021-04-11 19:01:28','2021-04-11 19:01:28'),(1186,1,'en','core/setting/setting','general.placeholder.seo_description','SEO Description (maximum 120 characters)','2021-04-11 19:01:28','2021-04-11 19:01:28'),(1187,1,'en','core/setting/setting','general.placeholder.google_analytics','Google Analytics','2021-04-11 19:01:28','2021-04-11 19:01:28'),(1188,1,'en','core/setting/setting','general.placeholder.google_site_verification','Google Site Verification','2021-04-11 19:01:28','2021-04-11 19:01:28'),(1189,1,'en','core/setting/setting','general.cache_admin_menu','Cache admin menu?','2021-04-11 19:01:28','2021-04-11 19:01:28'),(1190,1,'en','core/setting/setting','general.enable_send_error_reporting_via_email','Enable to send error reporting via email?','2021-04-11 19:01:28','2021-04-11 19:01:28'),(1191,1,'en','core/setting/setting','general.time_zone','Timezone','2021-04-11 19:01:28','2021-04-11 19:01:28'),(1192,1,'en','core/setting/setting','general.default_admin_theme','Default admin theme','2021-04-11 19:01:28','2021-04-11 19:01:28'),(1193,1,'en','core/setting/setting','general.enable_change_admin_theme','Enable change admin theme?','2021-04-11 19:01:28','2021-04-11 19:01:28'),(1194,1,'en','core/setting/setting','general.enable','Enable','2021-04-11 19:01:28','2021-04-11 19:01:28'),(1195,1,'en','core/setting/setting','general.disable','Disable','2021-04-11 19:01:28','2021-04-11 19:01:28'),(1196,1,'en','core/setting/setting','general.enable_cache','Enable cache?','2021-04-11 19:01:28','2021-04-11 19:01:28'),(1197,1,'en','core/setting/setting','general.cache_time','Cache time (minutes)','2021-04-11 19:01:28','2021-04-11 19:01:28'),(1198,1,'en','core/setting/setting','general.cache_time_site_map','Cache Time Site map','2021-04-11 19:01:28','2021-04-11 19:01:28'),(1199,1,'en','core/setting/setting','general.admin_logo','Admin logo','2021-04-11 19:01:28','2021-04-11 19:01:28'),(1200,1,'en','core/setting/setting','general.admin_favicon','Admin favicon','2021-04-11 19:01:28','2021-04-11 19:01:28'),(1201,1,'en','core/setting/setting','general.admin_title','Admin title','2021-04-11 19:01:28','2021-04-11 19:01:28'),(1202,1,'en','core/setting/setting','general.admin_title_placeholder','Title show to tab of browser','2021-04-11 19:01:28','2021-04-11 19:01:28'),(1203,1,'en','core/setting/setting','general.cache_block','Cache','2021-04-11 19:01:28','2021-04-11 19:01:28'),(1204,1,'en','core/setting/setting','general.admin_appearance_title','Admin appearance','2021-04-11 19:01:28','2021-04-11 19:01:28'),(1205,1,'en','core/setting/setting','general.admin_appearance_description','Setting admin appearance such as editor, language...','2021-04-11 19:01:28','2021-04-11 19:01:28'),(1206,1,'en','core/setting/setting','general.seo_block_description','Setting site title, site meta description, site keyword for optimize SEO','2021-04-11 19:01:28','2021-04-11 19:01:28'),(1207,1,'en','core/setting/setting','general.webmaster_tools_description','Google Webmaster Tools (GWT) is free software that helps you manage the technical side of your website','2021-04-11 19:01:28','2021-04-11 19:01:28'),(1208,1,'en','core/setting/setting','general.cache_description','Config cache for system for optimize speed','2021-04-11 19:01:28','2021-04-11 19:01:28'),(1209,1,'en','core/setting/setting','general.yes','Yes','2021-04-11 19:01:28','2021-04-11 19:01:28'),(1210,1,'en','core/setting/setting','general.no','No','2021-04-11 19:01:28','2021-04-11 19:01:28'),(1211,1,'en','core/setting/setting','general.show_on_front','Your homepage displays','2021-04-11 19:01:28','2021-04-11 19:01:28'),(1212,1,'en','core/setting/setting','general.select','— Select —','2021-04-11 19:01:28','2021-04-11 19:01:28'),(1213,1,'en','core/setting/setting','general.show_site_name','Show site name after page title, separate with \"-\"?','2021-04-11 19:01:28','2021-04-11 19:01:28'),(1214,1,'en','core/setting/setting','general.locale','Site language','2021-04-11 19:01:28','2021-04-11 19:01:28'),(1215,1,'en','core/setting/setting','general.locale_direction','Language direction','2021-04-11 19:01:28','2021-04-11 19:01:28'),(1216,1,'en','core/setting/setting','general.admin_login_screen_backgrounds','Login screen backgrounds (~1366x768)','2021-04-11 19:01:28','2021-04-11 19:01:28'),(1217,1,'en','core/setting/setting','email.subject','Subject','2021-04-11 19:01:28','2021-04-11 19:01:28'),(1218,1,'en','core/setting/setting','email.content','Content','2021-04-11 19:01:28','2021-04-11 19:01:28'),(1219,1,'en','core/setting/setting','email.title','Setting for email template','2021-04-11 19:01:28','2021-04-11 19:01:28'),(1220,1,'en','core/setting/setting','email.description','Email template using HTML & system variables.','2021-04-11 19:01:28','2021-04-11 19:01:28'),(1221,1,'en','core/setting/setting','email.reset_to_default','Reset to default','2021-04-11 19:01:28','2021-04-11 19:01:28'),(1222,1,'en','core/setting/setting','email.back','Back to settings','2021-04-11 19:01:28','2021-04-11 19:01:28'),(1223,1,'en','core/setting/setting','email.reset_success','Reset back to default successfully','2021-04-11 19:01:28','2021-04-11 19:01:28'),(1224,1,'en','core/setting/setting','email.confirm_reset','Confirm reset email template?','2021-04-11 19:01:28','2021-04-11 19:01:28'),(1225,1,'en','core/setting/setting','email.confirm_message','Do you really want to reset this email template to default?','2021-04-11 19:01:28','2021-04-11 19:01:28'),(1226,1,'en','core/setting/setting','email.continue','Continue','2021-04-11 19:01:28','2021-04-11 19:01:28'),(1227,1,'en','core/setting/setting','email.sender_name','Sender name','2021-04-11 19:01:28','2021-04-11 19:01:28'),(1228,1,'en','core/setting/setting','email.sender_name_placeholder','Name','2021-04-11 19:01:28','2021-04-11 19:01:28'),(1229,1,'en','core/setting/setting','email.sender_email','Sender email','2021-04-11 19:01:28','2021-04-11 19:01:28'),(1230,1,'en','core/setting/setting','email.mailer','Mailer','2021-04-11 19:01:28','2021-04-11 19:01:28'),(1231,1,'en','core/setting/setting','email.port','Port','2021-04-11 19:01:28','2021-04-11 19:01:28'),(1232,1,'en','core/setting/setting','email.port_placeholder','Ex: 587','2021-04-11 19:01:28','2021-04-11 19:01:28'),(1233,1,'en','core/setting/setting','email.host','Host','2021-04-11 19:01:28','2021-04-11 19:01:28'),(1234,1,'en','core/setting/setting','email.host_placeholder','Ex: smtp.gmail.com','2021-04-11 19:01:28','2021-04-11 19:01:28'),(1235,1,'en','core/setting/setting','email.username','Username','2021-04-11 19:01:28','2021-04-11 19:01:28'),(1236,1,'en','core/setting/setting','email.username_placeholder','Username to login to mail server','2021-04-11 19:01:28','2021-04-11 19:01:28'),(1237,1,'en','core/setting/setting','email.password','Password','2021-04-11 19:01:28','2021-04-11 19:01:28'),(1238,1,'en','core/setting/setting','email.password_placeholder','Password to login to mail server','2021-04-11 19:01:28','2021-04-11 19:01:28'),(1239,1,'en','core/setting/setting','email.encryption','Encryption','2021-04-11 19:01:28','2021-04-11 19:01:28'),(1240,1,'en','core/setting/setting','email.mail_gun_domain','Domain','2021-04-11 19:01:28','2021-04-11 19:01:28'),(1241,1,'en','core/setting/setting','email.mail_gun_domain_placeholder','Domain','2021-04-11 19:01:28','2021-04-11 19:01:28'),(1242,1,'en','core/setting/setting','email.mail_gun_secret','Secret','2021-04-11 19:01:28','2021-04-11 19:01:28'),(1243,1,'en','core/setting/setting','email.mail_gun_secret_placeholder','Secret','2021-04-11 19:01:28','2021-04-11 19:01:28'),(1244,1,'en','core/setting/setting','email.mail_gun_endpoint','Endpoint','2021-04-11 19:01:28','2021-04-11 19:01:28'),(1245,1,'en','core/setting/setting','email.mail_gun_endpoint_placeholder','Endpoint','2021-04-11 19:01:28','2021-04-11 19:01:28'),(1246,1,'en','core/setting/setting','email.log_channel','Log channel','2021-04-11 19:01:28','2021-04-11 19:01:28'),(1247,1,'en','core/setting/setting','email.sendmail_path','Sendmail Path','2021-04-11 19:01:28','2021-04-11 19:01:28'),(1248,1,'en','core/setting/setting','email.encryption_placeholder','Encryption: ssl or tls','2021-04-11 19:01:28','2021-04-11 19:01:28'),(1249,1,'en','core/setting/setting','email.ses_key','Key','2021-04-11 19:01:28','2021-04-11 19:01:28'),(1250,1,'en','core/setting/setting','email.ses_key_placeholder','Key','2021-04-11 19:01:28','2021-04-11 19:01:28'),(1251,1,'en','core/setting/setting','email.ses_secret','Secret','2021-04-11 19:01:28','2021-04-11 19:01:28'),(1252,1,'en','core/setting/setting','email.ses_secret_placeholder','Secret','2021-04-11 19:01:28','2021-04-11 19:01:28'),(1253,1,'en','core/setting/setting','email.ses_region','Region','2021-04-11 19:01:28','2021-04-11 19:01:28'),(1254,1,'en','core/setting/setting','email.ses_region_placeholder','Region','2021-04-11 19:01:28','2021-04-11 19:01:28'),(1255,1,'en','core/setting/setting','email.postmark_token','Token','2021-04-11 19:01:28','2021-04-11 19:01:28'),(1256,1,'en','core/setting/setting','email.postmark_token_placeholder','Token','2021-04-11 19:01:28','2021-04-11 19:01:28'),(1257,1,'en','core/setting/setting','email.template_title','Email templates','2021-04-11 19:01:28','2021-04-11 19:01:28'),(1258,1,'en','core/setting/setting','email.template_description','Base templates for all emails','2021-04-11 19:01:28','2021-04-11 19:01:28'),(1259,1,'en','core/setting/setting','email.template_header','Email template header','2021-04-11 19:01:28','2021-04-11 19:01:28'),(1260,1,'en','core/setting/setting','email.template_header_description','Template for header of emails','2021-04-11 19:01:28','2021-04-11 19:01:28'),(1261,1,'en','core/setting/setting','email.template_footer','Email template footer','2021-04-11 19:01:28','2021-04-11 19:01:28'),(1262,1,'en','core/setting/setting','email.template_footer_description','Template for footer of emails','2021-04-11 19:01:28','2021-04-11 19:01:28'),(1263,1,'en','core/setting/setting','email.default','Default','2021-04-11 19:01:28','2021-04-11 19:01:28'),(1264,1,'en','core/setting/setting','email.using_queue_to_send_mail','Using queue job to send emails (Must to setup Queue first https://laravel.com/docs/queues#supervisor-configuration)','2021-04-11 19:01:28','2021-04-11 19:01:28'),(1265,1,'en','core/setting/setting','media.title','Media','2021-04-11 19:01:28','2021-04-11 19:01:28'),(1266,1,'en','core/setting/setting','media.driver','Driver','2021-04-11 19:01:28','2021-04-11 19:01:28'),(1267,1,'en','core/setting/setting','media.description','Settings for media','2021-04-11 19:01:28','2021-04-11 19:01:28'),(1268,1,'en','core/setting/setting','media.aws_access_key_id','AWS Access Key ID','2021-04-11 19:01:28','2021-04-11 19:01:28'),(1269,1,'en','core/setting/setting','media.aws_secret_key','AWS Secret Key','2021-04-11 19:01:28','2021-04-11 19:01:28'),(1270,1,'en','core/setting/setting','media.aws_default_region','AWS Default Region','2021-04-11 19:01:28','2021-04-11 19:01:28'),(1271,1,'en','core/setting/setting','media.aws_bucket','AWS Bucket','2021-04-11 19:01:28','2021-04-11 19:01:28'),(1272,1,'en','core/setting/setting','media.aws_url','AWS URL','2021-04-11 19:01:28','2021-04-11 19:01:28'),(1273,1,'en','core/setting/setting','media.do_spaces_access_key_id','DO Spaces Access Key ID','2021-04-11 19:01:28','2021-04-11 19:01:28'),(1274,1,'en','core/setting/setting','media.do_spaces_secret_key','DO Spaces Secret Key','2021-04-11 19:01:28','2021-04-11 19:01:28'),(1275,1,'en','core/setting/setting','media.do_spaces_default_region','DO Spaces Default Region','2021-04-11 19:01:28','2021-04-11 19:01:28'),(1276,1,'en','core/setting/setting','media.do_spaces_bucket','DO Spaces Bucket','2021-04-11 19:01:28','2021-04-11 19:01:28'),(1277,1,'en','core/setting/setting','media.do_spaces_endpoint','DO Spaces Endpoint','2021-04-11 19:01:28','2021-04-11 19:01:28'),(1278,1,'en','core/setting/setting','media.do_spaces_cdn_enabled','Is DO Spaces CDN enabled?','2021-04-11 19:01:28','2021-04-11 19:01:28'),(1279,1,'en','core/setting/setting','media.media_do_spaces_cdn_custom_domain','Do Spaces CDN custom domain','2021-04-11 19:01:28','2021-04-11 19:01:28'),(1280,1,'en','core/setting/setting','media.media_do_spaces_cdn_custom_domain_placeholder','https://your-custom-domain.com','2021-04-11 19:01:28','2021-04-11 19:01:28'),(1281,1,'en','core/setting/setting','media.enable_chunk','Enable chunk size upload?','2021-04-11 19:01:28','2021-04-11 19:01:28'),(1282,1,'en','core/setting/setting','media.chunk_size','Chunk size (Bytes)','2021-04-11 19:01:28','2021-04-11 19:01:28'),(1283,1,'en','core/setting/setting','media.chunk_size_placeholder','Default: 1048576 ~ 1MB','2021-04-11 19:01:28','2021-04-11 19:01:28'),(1284,1,'en','core/setting/setting','media.max_file_size','Chunk max file size (MB)','2021-04-11 19:01:28','2021-04-11 19:01:28'),(1285,1,'en','core/setting/setting','media.max_file_size_placeholder','Default: 1048576 ~ 1GB','2021-04-11 19:01:28','2021-04-11 19:01:28'),(1286,1,'en','core/setting/setting','media.enable_watermark','Enable watermark?','2021-04-11 19:01:28','2021-04-11 19:01:28'),(1287,1,'en','core/setting/setting','media.watermark_source','Watermark image','2021-04-11 19:01:28','2021-04-11 19:01:28'),(1288,1,'en','core/setting/setting','media.watermark_size','Size of watermark (%)','2021-04-11 19:01:28','2021-04-11 19:01:28'),(1289,1,'en','core/setting/setting','media.watermark_size_placeholder','Default: 10 (%)','2021-04-11 19:01:28','2021-04-11 19:01:28'),(1290,1,'en','core/setting/setting','media.watermark_opacity','Watermark Opacity (%)','2021-04-11 19:01:28','2021-04-11 19:01:28'),(1291,1,'en','core/setting/setting','media.watermark_opacity_placeholder','Default: 70 (%)','2021-04-11 19:01:28','2021-04-11 19:01:28'),(1292,1,'en','core/setting/setting','media.watermark_position','Watermark position','2021-04-11 19:01:28','2021-04-11 19:01:28'),(1293,1,'en','core/setting/setting','media.watermark_position_x','Watermark position X','2021-04-11 19:01:28','2021-04-11 19:01:28'),(1294,1,'en','core/setting/setting','media.watermark_position_y','Watermark position Y','2021-04-11 19:01:28','2021-04-11 19:01:28'),(1295,1,'en','core/setting/setting','media.watermark_position_top_left','Top left','2021-04-11 19:01:28','2021-04-11 19:01:28'),(1296,1,'en','core/setting/setting','media.watermark_position_top_right','Top right','2021-04-11 19:01:28','2021-04-11 19:01:28'),(1297,1,'en','core/setting/setting','media.watermark_position_bottom_left','Bottom left','2021-04-11 19:01:28','2021-04-11 19:01:28'),(1298,1,'en','core/setting/setting','media.watermark_position_bottom_right','Bottom right','2021-04-11 19:01:28','2021-04-11 19:01:28'),(1299,1,'en','core/setting/setting','media.watermark_position_center','Center','2021-04-11 19:01:28','2021-04-11 19:01:28'),(1300,1,'en','core/setting/setting','license.purchase_code','Purchase code','2021-04-11 19:01:28','2021-04-11 19:01:28'),(1301,1,'en','core/setting/setting','license.buyer','Buyer','2021-04-11 19:01:28','2021-04-11 19:01:28'),(1302,1,'en','core/setting/setting','field_type_not_exists','This field type does not exist','2021-04-11 19:01:28','2021-04-11 19:01:28'),(1303,1,'en','core/setting/setting','save_settings','Save settings','2021-04-11 19:01:28','2021-04-11 19:01:28'),(1304,1,'en','core/setting/setting','template','Template','2021-04-11 19:01:28','2021-04-11 19:01:28'),(1305,1,'en','core/setting/setting','description','Description','2021-04-11 19:01:28','2021-04-11 19:01:28'),(1306,1,'en','core/setting/setting','enable','Enable','2021-04-11 19:01:28','2021-04-11 19:01:28'),(1307,1,'en','core/setting/setting','send','Send','2021-04-11 19:01:28','2021-04-11 19:01:28'),(1308,1,'en','core/setting/setting','test_email_description','To send test email, please make sure you are updated configuration to send mail!','2021-04-11 19:01:28','2021-04-11 19:01:28'),(1309,1,'en','core/setting/setting','test_email_input_placeholder','Enter the email which you want to send test email.','2021-04-11 19:01:28','2021-04-11 19:01:28'),(1310,1,'en','core/setting/setting','test_email_modal_title','Send a test email','2021-04-11 19:01:28','2021-04-11 19:01:28'),(1311,1,'en','core/setting/setting','test_send_mail','Send test mail','2021-04-11 19:01:28','2021-04-11 19:01:28'),(1312,1,'en','core/setting/setting','test_email_send_success','Send email successfully!','2021-04-11 19:01:28','2021-04-11 19:01:28'),(1313,1,'en','core/setting/setting','locale_direction_ltr','Left to Right','2021-04-11 19:01:28','2021-04-11 19:01:28'),(1314,1,'en','core/setting/setting','locale_direction_rtl','Right to Left','2021-04-11 19:01:28','2021-04-11 19:01:28'),(1315,1,'vi','core/setting/setting','title','Cài đặt','2021-04-11 19:01:29','2021-04-11 19:01:29'),(1316,1,'vi','core/setting/setting','general.theme','Giao diện','2021-04-11 19:01:29','2021-04-11 19:01:29'),(1317,1,'vi','core/setting/setting','general.description','Cấu hình những thông tin cài đặt website.','2021-04-11 19:01:29','2021-04-11 19:01:29'),(1318,1,'vi','core/setting/setting','general.title','Thông tin chung','2021-04-11 19:01:29','2021-04-11 19:01:29'),(1319,1,'vi','core/setting/setting','general.general_block','Thông tin chung','2021-04-11 19:01:29','2021-04-11 19:01:29'),(1320,1,'vi','core/setting/setting','general.site_title','Tên trang','2021-04-11 19:01:29','2021-04-11 19:01:29'),(1321,1,'vi','core/setting/setting','general.admin_email','Email quản trị viên','2021-04-11 19:01:29','2021-04-11 19:01:29'),(1322,1,'vi','core/setting/setting','general.seo_block','Cấu hình SEO','2021-04-11 19:01:29','2021-04-11 19:01:29'),(1323,1,'vi','core/setting/setting','general.seo_title','Tiêu đề SEO','2021-04-11 19:01:29','2021-04-11 19:01:29'),(1324,1,'vi','core/setting/setting','general.seo_description','Mô tả SEO','2021-04-11 19:01:29','2021-04-11 19:01:29'),(1325,1,'vi','core/setting/setting','general.seo_keywords','Từ khoá SEO','2021-04-11 19:01:29','2021-04-11 19:01:29'),(1326,1,'vi','core/setting/setting','general.webmaster_tools_block','Google Webmaster Tools','2021-04-11 19:01:29','2021-04-11 19:01:29'),(1327,1,'vi','core/setting/setting','general.google_site_verification','Google site verification','2021-04-11 19:01:29','2021-04-11 19:01:29'),(1328,1,'vi','core/setting/setting','general.enable_captcha','Sử dụng Captcha?','2021-04-11 19:01:29','2021-04-11 19:01:29'),(1329,1,'vi','core/setting/setting','general.contact_block','Thông tin liên hệ','2021-04-11 19:01:29','2021-04-11 19:01:29'),(1330,1,'vi','core/setting/setting','general.placeholder.site_title','Tên trang (tối đa 120 kí tự)','2021-04-11 19:01:29','2021-04-11 19:01:29'),(1331,1,'vi','core/setting/setting','general.placeholder.admin_email','Admin Email','2021-04-11 19:01:29','2021-04-11 19:01:29'),(1332,1,'vi','core/setting/setting','general.placeholder.google_analytics','Ví dụ: UA-42767940-2','2021-04-11 19:01:29','2021-04-11 19:01:29'),(1333,1,'vi','core/setting/setting','general.placeholder.google_site_verification','Mã xác nhận trang web dùng cho Google Webmaster Tool','2021-04-11 19:01:29','2021-04-11 19:01:29'),(1334,1,'vi','core/setting/setting','general.placeholder.seo_title','Tiêu đề SEO (tối đa 120 kí tự)','2021-04-11 19:01:29','2021-04-11 19:01:29'),(1335,1,'vi','core/setting/setting','general.placeholder.seo_description','Mô tả SEO (tối đa 120 kí tự)','2021-04-11 19:01:29','2021-04-11 19:01:29'),(1336,1,'vi','core/setting/setting','general.placeholder.seo_keywords','Từ khoá SEO (tối đa 60 kí tự, phân cách từ khóa bằng dấu phẩy)','2021-04-11 19:01:29','2021-04-11 19:01:29'),(1337,1,'vi','core/setting/setting','general.enable_change_admin_theme','Cho phép thay đổi giao diện quản trị?','2021-04-11 19:01:29','2021-04-11 19:01:29'),(1338,1,'vi','core/setting/setting','general.enable_multi_language_in_admin','Cho phép thay đổi ngôn ngữ trang quản trị?','2021-04-11 19:01:29','2021-04-11 19:01:29'),(1339,1,'vi','core/setting/setting','general.enable','Bật','2021-04-11 19:01:29','2021-04-11 19:01:29'),(1340,1,'vi','core/setting/setting','general.disable','Tắt','2021-04-11 19:01:29','2021-04-11 19:01:29'),(1341,1,'vi','core/setting/setting','general.enable_cache','Bật bộ nhớ đệm?','2021-04-11 19:01:29','2021-04-11 19:01:29'),(1342,1,'vi','core/setting/setting','general.cache_time','Thời gian lưu bộ nhớ đệm (phút)','2021-04-11 19:01:29','2021-04-11 19:01:29'),(1343,1,'vi','core/setting/setting','general.cache_time_site_map','Thời gian lưu sơ đồ trang trong bộ nhớ đệm','2021-04-11 19:01:29','2021-04-11 19:01:29'),(1344,1,'vi','core/setting/setting','general.admin_logo','Logo trang quản trị','2021-04-11 19:01:29','2021-04-11 19:01:29'),(1345,1,'vi','core/setting/setting','general.admin_title','Tiêu đề trang quản trị','2021-04-11 19:01:29','2021-04-11 19:01:29'),(1346,1,'vi','core/setting/setting','general.admin_title_placeholder','Tiêu đề hiển thị trên thẻ trình duyệt','2021-04-11 19:01:29','2021-04-11 19:01:29'),(1347,1,'vi','core/setting/setting','general.rich_editor','Bộ soạn thảo văn bản','2021-04-11 19:01:29','2021-04-11 19:01:29'),(1348,1,'vi','core/setting/setting','general.cache_block','Bộ nhớ đệm','2021-04-11 19:01:29','2021-04-11 19:01:29'),(1349,1,'vi','core/setting/setting','general.yes','Bật','2021-04-11 19:01:29','2021-04-11 19:01:29'),(1350,1,'vi','core/setting/setting','general.no','Tắt','2021-04-11 19:01:29','2021-04-11 19:01:29'),(1351,1,'vi','core/setting/setting','email.subject','Tiêu đề','2021-04-11 19:01:29','2021-04-11 19:01:29'),(1352,1,'vi','core/setting/setting','email.content','Nội dung','2021-04-11 19:01:29','2021-04-11 19:01:29'),(1353,1,'vi','core/setting/setting','email.title','Cấu hình email template','2021-04-11 19:01:29','2021-04-11 19:01:29'),(1354,1,'vi','core/setting/setting','email.description','Cấu trúc file template sử dụng HTML và các biến trong hệ thống.','2021-04-11 19:01:29','2021-04-11 19:01:29'),(1355,1,'vi','core/setting/setting','email.reset_to_default','Khôi phục về mặc định','2021-04-11 19:01:29','2021-04-11 19:01:29'),(1356,1,'vi','core/setting/setting','email.back','Trở lại trang cài đặt','2021-04-11 19:01:29','2021-04-11 19:01:29'),(1357,1,'vi','core/setting/setting','email.reset_success','Khôi phục mặc định thành công','2021-04-11 19:01:29','2021-04-11 19:01:29'),(1358,1,'vi','core/setting/setting','email.confirm_reset','Xác nhận khôi phục mặc định?','2021-04-11 19:01:29','2021-04-11 19:01:29'),(1359,1,'vi','core/setting/setting','email.confirm_message','Bạn có chắc chắn muốn khôi phục về bản mặc định?','2021-04-11 19:01:29','2021-04-11 19:01:29'),(1360,1,'vi','core/setting/setting','email.continue','Tiếp tục','2021-04-11 19:01:29','2021-04-11 19:01:29'),(1361,1,'vi','core/setting/setting','email.sender_name','Tên người gửi','2021-04-11 19:01:29','2021-04-11 19:01:29'),(1362,1,'vi','core/setting/setting','email.sender_name_placeholder','Tên','2021-04-11 19:01:29','2021-04-11 19:01:29'),(1363,1,'vi','core/setting/setting','email.sender_email','Email của người gửi','2021-04-11 19:01:29','2021-04-11 19:01:29'),(1364,1,'vi','core/setting/setting','email.driver','Loại','2021-04-11 19:01:29','2021-04-11 19:01:29'),(1365,1,'vi','core/setting/setting','email.port','Cổng','2021-04-11 19:01:29','2021-04-11 19:01:29'),(1366,1,'vi','core/setting/setting','email.port_placeholder','Ví dụ: 587','2021-04-11 19:01:29','2021-04-11 19:01:29'),(1367,1,'vi','core/setting/setting','email.host','Máy chủ','2021-04-11 19:01:29','2021-04-11 19:01:29'),(1368,1,'vi','core/setting/setting','email.host_placeholder','Ví dụ: smtp.gmail.com','2021-04-11 19:01:29','2021-04-11 19:01:29'),(1369,1,'vi','core/setting/setting','email.username','Tên đăng nhập','2021-04-11 19:01:29','2021-04-11 19:01:29'),(1370,1,'vi','core/setting/setting','email.username_placeholder','Tên đăng nhập vào máy chủ mail','2021-04-11 19:01:29','2021-04-11 19:01:29'),(1371,1,'vi','core/setting/setting','email.password','Mật khẩu','2021-04-11 19:01:29','2021-04-11 19:01:29'),(1372,1,'vi','core/setting/setting','email.password_placeholder','Mật khẩu đăng nhập vào máy chủ mail','2021-04-11 19:01:29','2021-04-11 19:01:29'),(1373,1,'vi','core/setting/setting','email.encryption','Mã hoá','2021-04-11 19:01:29','2021-04-11 19:01:29'),(1374,1,'vi','core/setting/setting','email.mail_gun_domain','Tên miền','2021-04-11 19:01:29','2021-04-11 19:01:29'),(1375,1,'vi','core/setting/setting','email.mail_gun_domain_placeholder','Tên miền','2021-04-11 19:01:29','2021-04-11 19:01:29'),(1376,1,'vi','core/setting/setting','email.mail_gun_secret','Chuỗi bí mật','2021-04-11 19:01:29','2021-04-11 19:01:29'),(1377,1,'vi','core/setting/setting','email.mail_gun_secret_placeholder','Chuỗi bí mật','2021-04-11 19:01:29','2021-04-11 19:01:29'),(1378,1,'vi','core/setting/setting','email.template_title','Mẫu giao diện email','2021-04-11 19:01:29','2021-04-11 19:01:29'),(1379,1,'vi','core/setting/setting','email.template_description','Giao diện mặc định cho tất cả email','2021-04-11 19:01:29','2021-04-11 19:01:29'),(1380,1,'vi','core/setting/setting','email.template_header','Mẫu cho phần trên của email','2021-04-11 19:01:29','2021-04-11 19:01:29'),(1381,1,'vi','core/setting/setting','email.template_header_description','Phần trên của tất cả email','2021-04-11 19:01:29','2021-04-11 19:01:29'),(1382,1,'vi','core/setting/setting','email.template_footer','Mẫu cho phần dưới của email','2021-04-11 19:01:29','2021-04-11 19:01:29'),(1383,1,'vi','core/setting/setting','email.template_footer_description','Phần dưới của tất cả email','2021-04-11 19:01:29','2021-04-11 19:01:29'),(1384,1,'vi','core/setting/setting','save_settings','Lưu cài đặt','2021-04-11 19:01:29','2021-04-11 19:01:29'),(1385,1,'vi','core/setting/setting','template','Mẫu','2021-04-11 19:01:29','2021-04-11 19:01:29'),(1386,1,'vi','core/setting/setting','description','Mô tả','2021-04-11 19:01:29','2021-04-11 19:01:29'),(1387,1,'vi','core/setting/setting','enable','Bật','2021-04-11 19:01:29','2021-04-11 19:01:29'),(1388,1,'vi','core/setting/setting','test_send_mail','Gửi thử nghiệm','2021-04-11 19:01:29','2021-04-11 19:01:29'),(1389,1,'en','core/table/general','operations','Operations','2021-04-11 19:01:29','2021-04-11 19:01:29'),(1390,1,'en','core/table/general','loading_data','Loading data from server','2021-04-11 19:01:29','2021-04-11 19:01:29'),(1391,1,'en','core/table/general','display','Display','2021-04-11 19:01:29','2021-04-11 19:01:29'),(1392,1,'en','core/table/general','all','All','2021-04-11 19:01:29','2021-04-11 19:01:29'),(1393,1,'en','core/table/general','edit_entry','Edit','2021-04-11 19:01:29','2021-04-11 19:01:29'),(1394,1,'en','core/table/general','delete_entry','Delete','2021-04-11 19:01:29','2021-04-11 19:01:29'),(1395,1,'en','core/table/general','show_from','Showing from','2021-04-11 19:01:29','2021-04-11 19:01:29'),(1396,1,'en','core/table/general','to','to','2021-04-11 19:01:29','2021-04-11 19:01:29'),(1397,1,'en','core/table/general','in','in','2021-04-11 19:01:29','2021-04-11 19:01:29'),(1398,1,'en','core/table/general','records','records','2021-04-11 19:01:29','2021-04-11 19:01:29'),(1399,1,'en','core/table/general','no_data','No data to display','2021-04-11 19:01:29','2021-04-11 19:01:29'),(1400,1,'en','core/table/general','no_record','No record','2021-04-11 19:01:29','2021-04-11 19:01:29'),(1401,1,'en','core/table/general','loading','Loading data from server','2021-04-11 19:01:29','2021-04-11 19:01:29'),(1402,1,'en','core/table/general','confirm_delete','Confirm delete','2021-04-11 19:01:29','2021-04-11 19:01:29'),(1403,1,'en','core/table/general','confirm_delete_msg','Do you really want to delete this record?','2021-04-11 19:01:29','2021-04-11 19:01:29'),(1404,1,'en','core/table/general','cancel','Cancel','2021-04-11 19:01:29','2021-04-11 19:01:29'),(1405,1,'en','core/table/general','delete','Delete','2021-04-11 19:01:29','2021-04-11 19:01:29'),(1406,1,'en','core/table/general','close','Close','2021-04-11 19:01:29','2021-04-11 19:01:29'),(1407,1,'en','core/table/general','contains','Contains','2021-04-11 19:01:29','2021-04-11 19:01:29'),(1408,1,'en','core/table/general','is_equal_to','Is equal to','2021-04-11 19:01:29','2021-04-11 19:01:29'),(1409,1,'en','core/table/general','greater_than','Greater than','2021-04-11 19:01:29','2021-04-11 19:01:29'),(1410,1,'en','core/table/general','less_than','Less than','2021-04-11 19:01:29','2021-04-11 19:01:29'),(1411,1,'en','core/table/general','value','Value','2021-04-11 19:01:29','2021-04-11 19:01:29'),(1412,1,'en','core/table/general','select_field','Select field','2021-04-11 19:01:29','2021-04-11 19:01:29'),(1413,1,'en','core/table/general','reset','Reset','2021-04-11 19:01:29','2021-04-11 19:01:29'),(1414,1,'en','core/table/general','add_additional_filter','Add additional filter','2021-04-11 19:01:29','2021-04-11 19:01:29'),(1415,1,'en','core/table/general','apply','Apply','2021-04-11 19:01:29','2021-04-11 19:01:29'),(1416,1,'en','core/table/general','filters','Filters','2021-04-11 19:01:29','2021-04-11 19:01:29'),(1417,1,'en','core/table/general','bulk_change','Bulk changes','2021-04-11 19:01:29','2021-04-11 19:01:29'),(1418,1,'en','core/table/general','select_option','Select option','2021-04-11 19:01:29','2021-04-11 19:01:29'),(1419,1,'en','core/table/general','bulk_actions','Bulk Actions','2021-04-11 19:01:29','2021-04-11 19:01:29'),(1420,1,'en','core/table/general','save_bulk_change_success','Update data for selected record(s) successfully!','2021-04-11 19:01:29','2021-04-11 19:01:29'),(1421,1,'en','core/table/general','please_select_record','Please select at least one record to perform this action!','2021-04-11 19:01:29','2021-04-11 19:01:29'),(1422,1,'en','core/table/general','filtered','(filtered from _MAX_ total records)','2021-04-11 19:01:29','2021-04-11 19:01:29'),(1423,1,'en','core/table/general','search','Search...','2021-04-11 19:01:29','2021-04-11 19:01:29'),(1424,1,'en','core/table/table','operations','Operations','2021-04-11 19:01:29','2021-04-11 19:01:29'),(1425,1,'en','core/table/table','loading_data','Loading data from server','2021-04-11 19:01:29','2021-04-11 19:01:29'),(1426,1,'en','core/table/table','display','Display','2021-04-11 19:01:29','2021-04-11 19:01:29'),(1427,1,'en','core/table/table','all','All','2021-04-11 19:01:29','2021-04-11 19:01:29'),(1428,1,'en','core/table/table','edit_entry','Edit','2021-04-11 19:01:29','2021-04-11 19:01:29'),(1429,1,'en','core/table/table','delete_entry','Delete','2021-04-11 19:01:29','2021-04-11 19:01:29'),(1430,1,'en','core/table/table','show_from','Showing from','2021-04-11 19:01:29','2021-04-11 19:01:29'),(1431,1,'en','core/table/table','to','to','2021-04-11 19:01:29','2021-04-11 19:01:29'),(1432,1,'en','core/table/table','in','in','2021-04-11 19:01:29','2021-04-11 19:01:29'),(1433,1,'en','core/table/table','records','records','2021-04-11 19:01:29','2021-04-11 19:01:29'),(1434,1,'en','core/table/table','no_data','No data to display','2021-04-11 19:01:29','2021-04-11 19:01:29'),(1435,1,'en','core/table/table','no_record','No record','2021-04-11 19:01:29','2021-04-11 19:01:29'),(1436,1,'en','core/table/table','loading','Loading data from server','2021-04-11 19:01:29','2021-04-11 19:01:29'),(1437,1,'en','core/table/table','confirm_delete','Confirm delete','2021-04-11 19:01:29','2021-04-11 19:01:29'),(1438,1,'en','core/table/table','confirm_delete_msg','Do you really want to delete this record?','2021-04-11 19:01:29','2021-04-11 19:01:29'),(1439,1,'en','core/table/table','cancel','Cancel','2021-04-11 19:01:29','2021-04-11 19:01:29'),(1440,1,'en','core/table/table','delete','Delete','2021-04-11 19:01:29','2021-04-11 19:01:29'),(1441,1,'en','core/table/table','close','Close','2021-04-11 19:01:29','2021-04-11 19:01:29'),(1442,1,'en','core/table/table','contains','Contains','2021-04-11 19:01:29','2021-04-11 19:01:29'),(1443,1,'en','core/table/table','is_equal_to','Is equal to','2021-04-11 19:01:29','2021-04-11 19:01:29'),(1444,1,'en','core/table/table','greater_than','Greater than','2021-04-11 19:01:29','2021-04-11 19:01:29'),(1445,1,'en','core/table/table','less_than','Less than','2021-04-11 19:01:29','2021-04-11 19:01:29'),(1446,1,'en','core/table/table','value','Value','2021-04-11 19:01:29','2021-04-11 19:01:29'),(1447,1,'en','core/table/table','select_field','Select field','2021-04-11 19:01:29','2021-04-11 19:01:29'),(1448,1,'en','core/table/table','reset','Reset','2021-04-11 19:01:29','2021-04-11 19:01:29'),(1449,1,'en','core/table/table','add_additional_filter','Add additional filter','2021-04-11 19:01:29','2021-04-11 19:01:29'),(1450,1,'en','core/table/table','apply','Apply','2021-04-11 19:01:29','2021-04-11 19:01:29'),(1451,1,'en','core/table/table','filters','Filters','2021-04-11 19:01:29','2021-04-11 19:01:29'),(1452,1,'en','core/table/table','bulk_change','Bulk changes','2021-04-11 19:01:29','2021-04-11 19:01:29'),(1453,1,'en','core/table/table','select_option','Select option','2021-04-11 19:01:29','2021-04-11 19:01:29'),(1454,1,'en','core/table/table','bulk_actions','Bulk Actions','2021-04-11 19:01:29','2021-04-11 19:01:29'),(1455,1,'en','core/table/table','save_bulk_change_success','Update data for selected record(s) successfully!','2021-04-11 19:01:29','2021-04-11 19:01:29'),(1456,1,'en','core/table/table','please_select_record','Please select at least one record to perform this action!','2021-04-11 19:01:29','2021-04-11 19:01:29'),(1457,1,'en','core/table/table','filtered','(filtered from _MAX_ total records)','2021-04-11 19:01:29','2021-04-11 19:01:29'),(1458,1,'en','core/table/table','search','Search...','2021-04-11 19:01:29','2021-04-11 19:01:29'),(1459,1,'vi','core/table/general','operations','Hành động','2021-04-11 19:01:29','2021-04-11 19:01:29'),(1460,1,'vi','core/table/general','loading_data','Đang tải dữ liệu từ hệ thống','2021-04-11 19:01:29','2021-04-11 19:01:29'),(1461,1,'vi','core/table/general','display','Hiển thị','2021-04-11 19:01:29','2021-04-11 19:01:29'),(1462,1,'vi','core/table/general','all','Tất cả','2021-04-11 19:01:29','2021-04-11 19:01:29'),(1463,1,'vi','core/table/general','edit_entry','Sửa','2021-04-11 19:01:29','2021-04-11 19:01:29'),(1464,1,'vi','core/table/general','delete_entry','Xoá','2021-04-11 19:01:29','2021-04-11 19:01:29'),(1465,1,'vi','core/table/general','show_from','Hiển thị từ','2021-04-11 19:01:29','2021-04-11 19:01:29'),(1466,1,'vi','core/table/general','to','đến','2021-04-11 19:01:29','2021-04-11 19:01:29'),(1467,1,'vi','core/table/general','in','trong tổng số','2021-04-11 19:01:29','2021-04-11 19:01:29'),(1468,1,'vi','core/table/general','records','bản ghi','2021-04-11 19:01:29','2021-04-11 19:01:29'),(1469,1,'vi','core/table/general','no_data','Không có dữ liệu để hiển thị','2021-04-11 19:01:29','2021-04-11 19:01:29'),(1470,1,'vi','core/table/general','no_record','không có bản ghi nào','2021-04-11 19:01:29','2021-04-11 19:01:29'),(1471,1,'vi','core/table/general','loading','Đang tải dữ liệu từ hệ thống','2021-04-11 19:01:29','2021-04-11 19:01:29'),(1472,1,'vi','core/table/general','confirm_delete','Xác nhận xoá','2021-04-11 19:01:29','2021-04-11 19:01:29'),(1473,1,'vi','core/table/general','confirm_delete_msg','Bạn có chắc chắn muốn xoá bản ghi này?','2021-04-11 19:01:29','2021-04-11 19:01:29'),(1474,1,'vi','core/table/general','cancel','Huỷ bỏ','2021-04-11 19:01:29','2021-04-11 19:01:29'),(1475,1,'vi','core/table/general','delete','Xoá','2021-04-11 19:01:29','2021-04-11 19:01:29'),(1476,1,'vi','core/table/general','close','Đóng','2021-04-11 19:01:29','2021-04-11 19:01:29'),(1477,1,'vi','core/table/general','is_equal_to','Bằng với','2021-04-11 19:01:29','2021-04-11 19:01:29'),(1478,1,'vi','core/table/general','greater_than','Lớn hơn','2021-04-11 19:01:29','2021-04-11 19:01:29'),(1479,1,'vi','core/table/general','less_than','Nhỏ hơn','2021-04-11 19:01:29','2021-04-11 19:01:29'),(1480,1,'vi','core/table/general','value','Giá trị','2021-04-11 19:01:29','2021-04-11 19:01:29'),(1481,1,'vi','core/table/general','select_field','Chọn trường','2021-04-11 19:01:29','2021-04-11 19:01:29'),(1482,1,'vi','core/table/general','reset','Làm mới','2021-04-11 19:01:29','2021-04-11 19:01:29'),(1483,1,'vi','core/table/general','add_additional_filter','Thêm bộ lọc','2021-04-11 19:01:29','2021-04-11 19:01:29'),(1484,1,'vi','core/table/general','apply','Áp dụng','2021-04-11 19:01:29','2021-04-11 19:01:29'),(1485,1,'vi','core/table/general','select_option','Lựa chọn','2021-04-11 19:01:29','2021-04-11 19:01:29'),(1486,1,'vi','core/table/general','filters','Lọc dữ liệu','2021-04-11 19:01:29','2021-04-11 19:01:29'),(1487,1,'vi','core/table/general','bulk_change','Thay đổi hàng loạt','2021-04-11 19:01:29','2021-04-11 19:01:29'),(1488,1,'vi','core/table/general','bulk_actions','Hành động','2021-04-11 19:01:29','2021-04-11 19:01:29'),(1489,1,'vi','core/table/general','contains','Bao gồm','2021-04-11 19:01:29','2021-04-11 19:01:29'),(1490,1,'vi','core/table/general','filtered','(đã được lọc từ _MAX_ bản ghi)','2021-04-11 19:01:29','2021-04-11 19:01:29'),(1491,1,'en','packages/menu/menu','name','Menus','2021-04-11 19:01:29','2021-04-11 19:01:29'),(1492,1,'en','packages/menu/menu','key_name','Menu name (key: :key)','2021-04-11 19:01:29','2021-04-11 19:01:29'),(1493,1,'en','packages/menu/menu','basic_info','Basic information','2021-04-11 19:01:29','2021-04-11 19:01:29'),(1494,1,'en','packages/menu/menu','add_to_menu','Add to menu','2021-04-11 19:01:29','2021-04-11 19:01:29'),(1495,1,'en','packages/menu/menu','custom_link','Custom link','2021-04-11 19:01:29','2021-04-11 19:01:29'),(1496,1,'en','packages/menu/menu','add_link','Add link','2021-04-11 19:01:29','2021-04-11 19:01:29'),(1497,1,'en','packages/menu/menu','structure','Menu structure','2021-04-11 19:01:29','2021-04-11 19:01:29'),(1498,1,'en','packages/menu/menu','remove','Remove','2021-04-11 19:01:29','2021-04-11 19:01:29'),(1499,1,'en','packages/menu/menu','cancel','Cancel','2021-04-11 19:01:29','2021-04-11 19:01:29'),(1500,1,'en','packages/menu/menu','title','Title','2021-04-11 19:01:29','2021-04-11 19:01:29'),(1501,1,'en','packages/menu/menu','icon','Icon','2021-04-11 19:01:29','2021-04-11 19:01:29'),(1502,1,'en','packages/menu/menu','url','URL','2021-04-11 19:01:29','2021-04-11 19:01:29'),(1503,1,'en','packages/menu/menu','target','Target','2021-04-11 19:01:29','2021-04-11 19:01:29'),(1504,1,'en','packages/menu/menu','css_class','CSS class','2021-04-11 19:01:29','2021-04-11 19:01:29'),(1505,1,'en','packages/menu/menu','self_open_link','Open link directly','2021-04-11 19:01:29','2021-04-11 19:01:29'),(1506,1,'en','packages/menu/menu','blank_open_link','Open link in new tab','2021-04-11 19:01:29','2021-04-11 19:01:29'),(1507,1,'en','packages/menu/menu','create','Create menu','2021-04-11 19:01:29','2021-04-11 19:01:29'),(1508,1,'en','packages/menu/menu','edit','Edit menu','2021-04-11 19:01:29','2021-04-11 19:01:29'),(1509,1,'en','packages/menu/menu','menu_settings','Menu settings','2021-04-11 19:01:29','2021-04-11 19:01:29'),(1510,1,'en','packages/menu/menu','display_location','Display location','2021-04-11 19:01:29','2021-04-11 19:01:29'),(1511,1,'vi','packages/menu/menu','name','Menu','2021-04-11 19:01:29','2021-04-11 19:01:29'),(1512,1,'vi','packages/menu/menu','cancel','Hủy bỏ','2021-04-11 19:01:29','2021-04-11 19:01:29'),(1513,1,'vi','packages/menu/menu','add_link','Thêm liên kết','2021-04-11 19:01:29','2021-04-11 19:01:29'),(1514,1,'vi','packages/menu/menu','add_to_menu','Thêm vào trình đơn','2021-04-11 19:01:29','2021-04-11 19:01:29'),(1515,1,'vi','packages/menu/menu','basic_info','Thông tin cơ bản','2021-04-11 19:01:29','2021-04-11 19:01:29'),(1516,1,'vi','packages/menu/menu','blank_open_link','Mở liên kết trong tab mới','2021-04-11 19:01:29','2021-04-11 19:01:29'),(1517,1,'vi','packages/menu/menu','css_class','CSS class','2021-04-11 19:01:29','2021-04-11 19:01:29'),(1518,1,'vi','packages/menu/menu','custom_link','Liên kết tùy chọn','2021-04-11 19:01:29','2021-04-11 19:01:29'),(1519,1,'vi','packages/menu/menu','icon','Biểu tượng','2021-04-11 19:01:29','2021-04-11 19:01:29'),(1520,1,'vi','packages/menu/menu','key_name','Tên menu (key::key)','2021-04-11 19:01:29','2021-04-11 19:01:29'),(1521,1,'vi','packages/menu/menu','remove','Xóa','2021-04-11 19:01:29','2021-04-11 19:01:29'),(1522,1,'vi','packages/menu/menu','self_open_link','Mở liên kết trong tab hiện tại','2021-04-11 19:01:29','2021-04-11 19:01:29'),(1523,1,'vi','packages/menu/menu','structure','Cấu trúc trình đơn','2021-04-11 19:01:29','2021-04-11 19:01:29'),(1524,1,'vi','packages/menu/menu','target','Target','2021-04-11 19:01:29','2021-04-11 19:01:29'),(1525,1,'vi','packages/menu/menu','title','Tiêu đề','2021-04-11 19:01:29','2021-04-11 19:01:29'),(1526,1,'vi','packages/menu/menu','url','URL','2021-04-11 19:01:29','2021-04-11 19:01:29'),(1527,1,'vi','packages/menu/menu','create','Tạo trình đơn','2021-04-11 19:01:29','2021-04-11 19:01:29'),(1528,1,'vi','packages/menu/menu','edit','Sửa trình đơn','2021-04-11 19:01:29','2021-04-11 19:01:29'),(1529,1,'en','packages/optimize/optimize','settings.title','Optimize page speed','2021-04-11 19:01:29','2021-04-11 19:01:29'),(1530,1,'en','packages/optimize/optimize','settings.description','Minify HTML output, inline CSS, remove comments...','2021-04-11 19:01:29','2021-04-11 19:01:29'),(1531,1,'en','packages/optimize/optimize','settings.enable','Enable optimize page speed?','2021-04-11 19:01:29','2021-04-11 19:01:29'),(1532,1,'en','packages/page/pages','create','Create new page','2021-04-11 19:01:29','2021-04-11 19:01:29'),(1533,1,'en','packages/page/pages','edit','Edit page','2021-04-11 19:01:29','2021-04-11 19:01:29'),(1534,1,'en','packages/page/pages','form.name','Name','2021-04-11 19:01:29','2021-04-11 19:01:29'),(1535,1,'en','packages/page/pages','form.name_placeholder','Page\'s name (Maximum 120 characters)','2021-04-11 19:01:29','2021-04-11 19:01:29'),(1536,1,'en','packages/page/pages','form.content','Content','2021-04-11 19:01:29','2021-04-11 19:01:29'),(1537,1,'en','packages/page/pages','form.note','Note content','2021-04-11 19:01:29','2021-04-11 19:01:29'),(1538,1,'en','packages/page/pages','notices.no_select','Please select at least one record to take this action!','2021-04-11 19:01:29','2021-04-11 19:01:29'),(1539,1,'en','packages/page/pages','notices.update_success_message','Update successfully','2021-04-11 19:01:29','2021-04-11 19:01:29'),(1540,1,'en','packages/page/pages','cannot_delete','Page could not be deleted','2021-04-11 19:01:29','2021-04-11 19:01:29'),(1541,1,'en','packages/page/pages','deleted','Page deleted','2021-04-11 19:01:29','2021-04-11 19:01:29'),(1542,1,'en','packages/page/pages','pages','Pages','2021-04-11 19:01:29','2021-04-11 19:01:29'),(1543,1,'en','packages/page/pages','menu','Pages','2021-04-11 19:01:29','2021-04-11 19:01:29'),(1544,1,'en','packages/page/pages','menu_name','Pages','2021-04-11 19:01:29','2021-04-11 19:01:29'),(1545,1,'en','packages/page/pages','edit_this_page','Edit this page','2021-04-11 19:01:29','2021-04-11 19:01:29'),(1546,1,'en','packages/page/pages','total_pages','Total pages','2021-04-11 19:01:29','2021-04-11 19:01:29'),(1547,1,'en','packages/page/pages','settings.show_on_front','Your homepage displays','2021-04-11 19:01:29','2021-04-11 19:01:29'),(1548,1,'en','packages/page/pages','settings.select','— Select —','2021-04-11 19:01:29','2021-04-11 19:01:29'),(1549,1,'en','packages/page/pages','front_page','Front Page','2021-04-11 19:01:29','2021-04-11 19:01:29'),(1550,1,'vi','packages/page/pages','model','Trang','2021-04-11 19:01:29','2021-04-11 19:01:29'),(1551,1,'vi','packages/page/pages','models','Trang','2021-04-11 19:01:29','2021-04-11 19:01:29'),(1552,1,'vi','packages/page/pages','list','Danh sách trang','2021-04-11 19:01:29','2021-04-11 19:01:29'),(1553,1,'vi','packages/page/pages','create','Thêm trang','2021-04-11 19:01:29','2021-04-11 19:01:29'),(1554,1,'vi','packages/page/pages','edit','Sửa trang','2021-04-11 19:01:29','2021-04-11 19:01:29'),(1555,1,'vi','packages/page/pages','form.name','Tiêu đề trang','2021-04-11 19:01:29','2021-04-11 19:01:29'),(1556,1,'vi','packages/page/pages','form.note','Nội dung ghi chú','2021-04-11 19:01:29','2021-04-11 19:01:29'),(1557,1,'vi','packages/page/pages','form.name_placeholder','Tên trang (tối đa 120 kí tự)','2021-04-11 19:01:29','2021-04-11 19:01:29'),(1558,1,'vi','packages/page/pages','form.content','Nội dung','2021-04-11 19:01:29','2021-04-11 19:01:29'),(1559,1,'vi','packages/page/pages','notices.no_select','Chọn ít nhất 1 trang để thực hiện hành động này!','2021-04-11 19:01:29','2021-04-11 19:01:29'),(1560,1,'vi','packages/page/pages','notices.update_success_message','Cập nhật thành công','2021-04-11 19:01:29','2021-04-11 19:01:29'),(1561,1,'vi','packages/page/pages','deleted','Xóa trang thành công','2021-04-11 19:01:29','2021-04-11 19:01:29'),(1562,1,'vi','packages/page/pages','cannot_delete','Không thể xóa trang','2021-04-11 19:01:29','2021-04-11 19:01:29'),(1563,1,'vi','packages/page/pages','menu','Trang','2021-04-11 19:01:29','2021-04-11 19:01:29'),(1564,1,'vi','packages/page/pages','menu_name','Trang','2021-04-11 19:01:29','2021-04-11 19:01:29'),(1565,1,'vi','packages/page/pages','edit_this_page','Sửa trang này','2021-04-11 19:01:29','2021-04-11 19:01:29'),(1566,1,'vi','packages/page/pages','pages','Trang','2021-04-11 19:01:29','2021-04-11 19:01:29'),(1567,1,'en','packages/plugin-management/plugin','enabled','Enabled','2021-04-11 19:01:29','2021-04-11 19:01:29'),(1568,1,'en','packages/plugin-management/plugin','deactivated','Deactivated','2021-04-11 19:01:29','2021-04-11 19:01:29'),(1569,1,'en','packages/plugin-management/plugin','activated','Activated','2021-04-11 19:01:29','2021-04-11 19:01:29'),(1570,1,'en','packages/plugin-management/plugin','activate','Activate','2021-04-11 19:01:29','2021-04-11 19:01:29'),(1571,1,'en','packages/plugin-management/plugin','deactivate','Deactivate','2021-04-11 19:01:29','2021-04-11 19:01:29'),(1572,1,'en','packages/plugin-management/plugin','author','By','2021-04-11 19:01:29','2021-04-11 19:01:29'),(1573,1,'en','packages/plugin-management/plugin','update_plugin_status_success','Update plugin successfully','2021-04-11 19:01:29','2021-04-11 19:01:29'),(1574,1,'en','packages/plugin-management/plugin','plugins','Plugins','2021-04-11 19:01:29','2021-04-11 19:01:29'),(1575,1,'en','packages/plugin-management/plugin','missing_required_plugins','Please activate plugin(s): :plugins before activate this plugin!','2021-04-11 19:01:29','2021-04-11 19:01:29'),(1576,1,'en','packages/plugin-management/plugin','remove','Remove','2021-04-11 19:01:29','2021-04-11 19:01:29'),(1577,1,'en','packages/plugin-management/plugin','remove_plugin_success','Remove plugin successfully!','2021-04-11 19:01:29','2021-04-11 19:01:29'),(1578,1,'en','packages/plugin-management/plugin','remove_plugin','Remove plugin','2021-04-11 19:01:29','2021-04-11 19:01:29'),(1579,1,'en','packages/plugin-management/plugin','remove_plugin_confirm_message','Do you really want to remove this plugin?','2021-04-11 19:01:29','2021-04-11 19:01:29'),(1580,1,'en','packages/plugin-management/plugin','remove_plugin_confirm_yes','Yes, remove it!','2021-04-11 19:01:29','2021-04-11 19:01:29'),(1581,1,'en','packages/plugin-management/plugin','total_plugins','Total plugins','2021-04-11 19:01:29','2021-04-11 19:01:29'),(1582,1,'en','packages/plugin-management/plugin','invalid_plugin','This plugin is not a valid plugin, please check it again!','2021-04-11 19:01:29','2021-04-11 19:01:29'),(1583,1,'en','packages/plugin-management/plugin','version','Version','2021-04-11 19:01:29','2021-04-11 19:01:29'),(1584,1,'en','packages/plugin-management/plugin','invalid_json','Invalid plugin.json!','2021-04-11 19:01:29','2021-04-11 19:01:29'),(1585,1,'en','packages/plugin-management/plugin','activate_success','Activate plugin successfully!','2021-04-11 19:01:29','2021-04-11 19:01:29'),(1586,1,'en','packages/plugin-management/plugin','activated_already','This plugin is activated already!','2021-04-11 19:01:29','2021-04-11 19:01:29'),(1587,1,'en','packages/plugin-management/plugin','plugin_not_exist','This plugin is not exists.','2021-04-11 19:01:29','2021-04-11 19:01:29'),(1588,1,'en','packages/plugin-management/plugin','missing_json_file','Missing file plugin.json!','2021-04-11 19:01:29','2021-04-11 19:01:29'),(1589,1,'en','packages/plugin-management/plugin','plugin_invalid','Plugin is valid!','2021-04-11 19:01:29','2021-04-11 19:01:29'),(1590,1,'en','packages/plugin-management/plugin','published_assets_success','Publish assets for plugin :name successfully!','2021-04-11 19:01:29','2021-04-11 19:01:29'),(1591,1,'en','packages/plugin-management/plugin','plugin_removed','Plugin is removed!','2021-04-11 19:01:29','2021-04-11 19:01:29'),(1592,1,'en','packages/plugin-management/plugin','deactivated_success','Deactivate plugin successfully!','2021-04-11 19:01:29','2021-04-11 19:01:29'),(1593,1,'en','packages/plugin-management/plugin','deactivated_already','This plugin is deactivated already!','2021-04-11 19:01:29','2021-04-11 19:01:29'),(1594,1,'en','packages/plugin-management/plugin','folder_is_not_writeable','Cannot write files! Folder :name is not writable. Please chmod to make it writable!','2021-04-11 19:01:29','2021-04-11 19:01:29'),(1595,1,'en','packages/plugin-management/plugin','plugin_is_not_ready','Plugin :name is not ready to use','2021-04-11 19:01:29','2021-04-11 19:01:29'),(1596,1,'vi','packages/plugin-management/plugin','activate','Kích hoạt','2021-04-11 19:01:29','2021-04-11 19:01:29'),(1597,1,'vi','packages/plugin-management/plugin','author','Tác giả','2021-04-11 19:01:29','2021-04-11 19:01:29'),(1598,1,'vi','packages/plugin-management/plugin','version','Phiên bản','2021-04-11 19:01:29','2021-04-11 19:01:29'),(1599,1,'vi','packages/plugin-management/plugin','activated','Đã kích hoạt','2021-04-11 19:01:29','2021-04-11 19:01:29'),(1600,1,'vi','packages/plugin-management/plugin','deactivate','Hủy kích hoạt','2021-04-11 19:01:29','2021-04-11 19:01:29'),(1601,1,'vi','packages/plugin-management/plugin','deactivated','Đã vô hiệu','2021-04-11 19:01:29','2021-04-11 19:01:29'),(1602,1,'vi','packages/plugin-management/plugin','disabled_in_demo_mode','Bạn không thể thực hiện hành động này ở chế độ demo','2021-04-11 19:01:29','2021-04-11 19:01:29'),(1603,1,'vi','packages/plugin-management/plugin','enabled','Kích hoạt','2021-04-11 19:01:29','2021-04-11 19:01:29'),(1604,1,'vi','packages/plugin-management/plugin','invalid_plugin','Gói mở rộng không hợp lệ','2021-04-11 19:01:29','2021-04-11 19:01:29'),(1605,1,'vi','packages/plugin-management/plugin','update_plugin_status_success','Cập nhật trạng thái gói mở rộng thành công','2021-04-11 19:01:29','2021-04-11 19:01:29'),(1606,1,'vi','packages/plugin-management/plugin','missing_required_plugins','Vui lòng kích hoạt các tiện ích mở rộng :plugins trước khi kích hoạt tiện ích này','2021-04-11 19:01:29','2021-04-11 19:01:29'),(1607,1,'vi','packages/plugin-management/plugin','plugins','Tiện ích mở rộng','2021-04-11 19:01:29','2021-04-11 19:01:29'),(1608,1,'en','packages/seo-helper/seo-helper','meta_box_header','Search Engine Optimize','2021-04-11 19:01:29','2021-04-11 19:01:29'),(1609,1,'en','packages/seo-helper/seo-helper','edit_seo_meta','Edit SEO meta','2021-04-11 19:01:29','2021-04-11 19:01:29'),(1610,1,'en','packages/seo-helper/seo-helper','default_description','Setup meta title & description to make your site easy to discovered on search engines such as Google','2021-04-11 19:01:29','2021-04-11 19:01:29'),(1611,1,'en','packages/seo-helper/seo-helper','seo_title','SEO Title','2021-04-11 19:01:29','2021-04-11 19:01:29'),(1612,1,'en','packages/seo-helper/seo-helper','seo_description','SEO description','2021-04-11 19:01:29','2021-04-11 19:01:29'),(1613,1,'vi','packages/seo-helper/seo-helper','meta_box_header','Tối ưu hoá bộ máy tìm kiếm (SEO)','2021-04-11 19:01:29','2021-04-11 19:01:29'),(1614,1,'vi','packages/seo-helper/seo-helper','edit_seo_meta','Chỉnh sửa SEO','2021-04-11 19:01:29','2021-04-11 19:01:29'),(1615,1,'vi','packages/seo-helper/seo-helper','default_description','Thiết lập các thẻ mô tả giúp người dùng dễ dàng tìm thấy trên công cụ tìm kiếm như Google.','2021-04-11 19:01:29','2021-04-11 19:01:29'),(1616,1,'vi','packages/seo-helper/seo-helper','seo_title','Tiêu đề trang','2021-04-11 19:01:29','2021-04-11 19:01:29'),(1617,1,'vi','packages/seo-helper/seo-helper','seo_description','Mô tả trang','2021-04-11 19:01:29','2021-04-11 19:01:29'),(1618,1,'en','packages/slug/slug','permalink_settings','Permalink','2021-04-11 19:01:29','2021-04-11 19:01:29'),(1619,1,'en','packages/slug/slug','settings.title','Permalink settings','2021-04-11 19:01:29','2021-04-11 19:01:29'),(1620,1,'en','packages/slug/slug','settings.description','Manage permalink for all modules.','2021-04-11 19:01:29','2021-04-11 19:01:29'),(1621,1,'en','packages/slug/slug','settings.preview','Preview','2021-04-11 19:01:29','2021-04-11 19:01:29'),(1622,1,'en','packages/slug/slug','settings.turn_off_automatic_url_translation_into_latin','Turn off automatic URL translation into Latin?','2021-04-11 19:01:29','2021-04-11 19:01:29'),(1623,1,'en','packages/slug/slug','preview','Preview','2021-04-11 19:01:29','2021-04-11 19:01:29'),(1624,1,'en','packages/theme/theme','name','Themes','2021-04-11 19:01:29','2021-04-11 19:01:29'),(1625,1,'en','packages/theme/theme','theme','Theme','2021-04-11 19:01:29','2021-04-11 19:01:29'),(1626,1,'en','packages/theme/theme','author','Author','2021-04-11 19:01:29','2021-04-11 19:01:29'),(1627,1,'en','packages/theme/theme','version','Version','2021-04-11 19:01:29','2021-04-11 19:01:29'),(1628,1,'en','packages/theme/theme','description','Description','2021-04-11 19:01:29','2021-04-11 19:01:29'),(1629,1,'en','packages/theme/theme','active_success','Activate theme :name successfully!','2021-04-11 19:01:29','2021-04-11 19:01:29'),(1630,1,'en','packages/theme/theme','active','Active','2021-04-11 19:01:29','2021-04-11 19:01:29'),(1631,1,'en','packages/theme/theme','activated','Activated','2021-04-11 19:01:29','2021-04-11 19:01:29'),(1632,1,'en','packages/theme/theme','appearance','Appearance','2021-04-11 19:01:29','2021-04-11 19:01:29'),(1633,1,'en','packages/theme/theme','theme_options','Theme options','2021-04-11 19:01:29','2021-04-11 19:01:29'),(1634,1,'en','packages/theme/theme','save_changes','Save Changes','2021-04-11 19:01:29','2021-04-11 19:01:29'),(1635,1,'en','packages/theme/theme','developer_mode','Developer Mode Enabled','2021-04-11 19:01:29','2021-04-11 19:01:29'),(1636,1,'en','packages/theme/theme','custom_css','Custom CSS','2021-04-11 19:01:29','2021-04-11 19:01:29'),(1637,1,'en','packages/theme/theme','custom_js','Custom JS','2021-04-11 19:01:29','2021-04-11 19:01:29'),(1638,1,'en','packages/theme/theme','custom_header_js','Header JS','2021-04-11 19:01:29','2021-04-11 19:01:29'),(1639,1,'en','packages/theme/theme','custom_header_js_placeholder','JS in header of page, wrap it inside &#x3C;script&#x3E;&#x3C;/script&#x3E;','2021-04-11 19:01:29','2021-04-11 19:01:29'),(1640,1,'en','packages/theme/theme','custom_body_js','Body JS','2021-04-11 19:01:29','2021-04-11 19:01:29'),(1641,1,'en','packages/theme/theme','custom_body_js_placeholder','JS in body of page, wrap it inside &#x3C;script&#x3E;&#x3C;/script&#x3E;','2021-04-11 19:01:29','2021-04-11 19:01:29'),(1642,1,'en','packages/theme/theme','custom_footer_js','Footer JS','2021-04-11 19:01:29','2021-04-11 19:01:29'),(1643,1,'en','packages/theme/theme','custom_footer_js_placeholder','JS in footer of page, wrap it inside &#x3C;script&#x3E;&#x3C;/script&#x3E;','2021-04-11 19:01:29','2021-04-11 19:01:29'),(1644,1,'en','packages/theme/theme','remove_theme_success','Remove theme successfully!','2021-04-11 19:01:29','2021-04-11 19:01:29'),(1645,1,'en','packages/theme/theme','theme_is_not_existed','This theme is not existed!','2021-04-11 19:01:29','2021-04-11 19:01:29'),(1646,1,'en','packages/theme/theme','remove','Remove','2021-04-11 19:01:29','2021-04-11 19:01:29'),(1647,1,'en','packages/theme/theme','remove_theme','Remove theme','2021-04-11 19:01:29','2021-04-11 19:01:29'),(1648,1,'en','packages/theme/theme','remove_theme_confirm_message','Do you really want to remove this theme?','2021-04-11 19:01:29','2021-04-11 19:01:29'),(1649,1,'en','packages/theme/theme','remove_theme_confirm_yes','Yes, remove it!','2021-04-11 19:01:29','2021-04-11 19:01:29'),(1650,1,'en','packages/theme/theme','total_themes','Total themes','2021-04-11 19:01:29','2021-04-11 19:01:29'),(1651,1,'en','packages/theme/theme','show_admin_bar','Show admin bar (When admin logged in, still show admin bar in website)?','2021-04-11 19:01:29','2021-04-11 19:01:29'),(1652,1,'en','packages/theme/theme','settings.title','Theme','2021-04-11 19:01:29','2021-04-11 19:01:29'),(1653,1,'en','packages/theme/theme','settings.description','Setting for theme','2021-04-11 19:01:29','2021-04-11 19:01:29'),(1654,1,'en','packages/theme/theme','add_new','Add new','2021-04-11 19:01:29','2021-04-11 19:01:29'),(1655,1,'en','packages/theme/theme','theme_activated_already','Theme \":name\" is activated already!','2021-04-11 19:01:29','2021-04-11 19:01:29'),(1656,1,'en','packages/theme/theme','missing_json_file','Missing file theme.json!','2021-04-11 19:01:29','2021-04-11 19:01:29'),(1657,1,'en','packages/theme/theme','theme_invalid','Theme is valid!','2021-04-11 19:01:29','2021-04-11 19:01:29'),(1658,1,'en','packages/theme/theme','published_assets_success','Publish assets for :themes successfully!','2021-04-11 19:01:29','2021-04-11 19:01:29'),(1659,1,'en','packages/theme/theme','cannot_remove_theme','Cannot remove activated theme, please activate another theme before removing \":name\"!','2021-04-11 19:01:29','2021-04-11 19:01:29'),(1660,1,'en','packages/theme/theme','theme_deleted','Theme \":name\" has been destroyed.','2021-04-11 19:01:29','2021-04-11 19:01:29'),(1661,1,'en','packages/theme/theme','removed_assets','Remove assets of a theme :name successfully!','2021-04-11 19:01:30','2021-04-11 19:01:30'),(1662,1,'en','packages/theme/theme','update_custom_css_success','Update custom CSS successfully!','2021-04-11 19:01:30','2021-04-11 19:01:30'),(1663,1,'en','packages/theme/theme','update_custom_js_success','Update custom JS successfully!','2021-04-11 19:01:30','2021-04-11 19:01:30'),(1664,1,'en','packages/theme/theme','go_to_dashboard','Go to dashboard','2021-04-11 19:01:30','2021-04-11 19:01:30'),(1665,1,'en','packages/theme/theme','custom_css_placeholder','Using Ctrl + Space to autocomplete.','2021-04-11 19:01:30','2021-04-11 19:01:30'),(1666,1,'en','packages/theme/theme','theme_option_general','General','2021-04-11 19:01:30','2021-04-11 19:01:30'),(1667,1,'en','packages/theme/theme','theme_option_general_description','General settings','2021-04-11 19:01:30','2021-04-11 19:01:30'),(1668,1,'en','packages/theme/theme','theme_option_seo_open_graph_image','SEO default Open Graph image','2021-04-11 19:01:30','2021-04-11 19:01:30'),(1669,1,'en','packages/theme/theme','theme_option_logo','Logo','2021-04-11 19:01:30','2021-04-11 19:01:30'),(1670,1,'en','packages/theme/theme','theme_option_favicon','Favicon','2021-04-11 19:01:30','2021-04-11 19:01:30'),(1671,1,'en','packages/theme/theme','folder_is_not_writeable','Cannot write files! Folder :name is not writable. Please chmod to make it writable!','2021-04-11 19:01:30','2021-04-11 19:01:30'),(1672,1,'vi','packages/theme/theme','activated','Đã kích hoạt','2021-04-11 19:01:30','2021-04-11 19:01:30'),(1673,1,'vi','packages/theme/theme','active','Kích hoạt','2021-04-11 19:01:30','2021-04-11 19:01:30'),(1674,1,'vi','packages/theme/theme','active_success','Kích hoạt giao diện thành công!','2021-04-11 19:01:30','2021-04-11 19:01:30'),(1675,1,'vi','packages/theme/theme','author','Tác giả','2021-04-11 19:01:30','2021-04-11 19:01:30'),(1676,1,'vi','packages/theme/theme','description','Mô tả','2021-04-11 19:01:30','2021-04-11 19:01:30'),(1677,1,'vi','packages/theme/theme','theme','Giao diện','2021-04-11 19:01:30','2021-04-11 19:01:30'),(1678,1,'vi','packages/theme/theme','theme_options','Tuỳ chọn giao diện','2021-04-11 19:01:30','2021-04-11 19:01:30'),(1679,1,'vi','packages/theme/theme','version','Phiên bản','2021-04-11 19:01:30','2021-04-11 19:01:30'),(1680,1,'vi','packages/theme/theme','save_changes','Lưu thay đổi','2021-04-11 19:01:30','2021-04-11 19:01:30'),(1681,1,'vi','packages/theme/theme','developer_mode','Đang kích hoạt chế độ thử nghiệm','2021-04-11 19:01:30','2021-04-11 19:01:30'),(1682,1,'vi','packages/theme/theme','custom_css','Tuỳ chỉnh CSS','2021-04-11 19:01:30','2021-04-11 19:01:30'),(1683,1,'en','packages/widget/global','name','Widgets','2021-04-11 19:01:30','2021-04-11 19:01:30'),(1684,1,'en','packages/widget/global','create','New widget','2021-04-11 19:01:30','2021-04-11 19:01:30'),(1685,1,'en','packages/widget/global','edit','Edit widget','2021-04-11 19:01:30','2021-04-11 19:01:30'),(1686,1,'en','packages/widget/global','delete','Delete','2021-04-11 19:01:30','2021-04-11 19:01:30'),(1687,1,'en','packages/widget/global','available','Available Widgets','2021-04-11 19:01:30','2021-04-11 19:01:30'),(1688,1,'en','packages/widget/global','instruction','To activate a widget drag it to a sidebar or click on it. To deactivate a widget and delete its settings, drag it back.','2021-04-11 19:01:30','2021-04-11 19:01:30'),(1689,1,'en','packages/widget/global','number_tag_display','Number tags will be display','2021-04-11 19:01:30','2021-04-11 19:01:30'),(1690,1,'en','packages/widget/global','number_post_display','Number posts will be display','2021-04-11 19:01:30','2021-04-11 19:01:30'),(1691,1,'en','packages/widget/global','select_menu','Select Menu','2021-04-11 19:01:30','2021-04-11 19:01:30'),(1692,1,'en','packages/widget/global','widget_text','Text','2021-04-11 19:01:30','2021-04-11 19:01:30'),(1693,1,'en','packages/widget/global','widget_text_description','Arbitrary text or HTML.','2021-04-11 19:01:30','2021-04-11 19:01:30'),(1694,1,'en','packages/widget/global','widget_recent_post','Recent Posts','2021-04-11 19:01:30','2021-04-11 19:01:30'),(1695,1,'en','packages/widget/global','widget_recent_post_description','Recent posts widget.','2021-04-11 19:01:30','2021-04-11 19:01:30'),(1696,1,'en','packages/widget/global','widget_custom_menu','Custom Menu','2021-04-11 19:01:30','2021-04-11 19:01:30'),(1697,1,'en','packages/widget/global','widget_custom_menu_description','Add a custom menu to your widget area.','2021-04-11 19:01:30','2021-04-11 19:01:30'),(1698,1,'en','packages/widget/global','widget_tag','Tags','2021-04-11 19:01:30','2021-04-11 19:01:30'),(1699,1,'en','packages/widget/global','widget_tag_description','Popular tags','2021-04-11 19:01:30','2021-04-11 19:01:30'),(1700,1,'en','packages/widget/global','save_success','Save widget successfully!','2021-04-11 19:01:30','2021-04-11 19:01:30'),(1701,1,'en','packages/widget/global','delete_success','Delete widget successfully!','2021-04-11 19:01:30','2021-04-11 19:01:30'),(1702,1,'en','packages/widget/widget','name','Widgets','2021-04-11 19:01:30','2021-04-11 19:01:30'),(1703,1,'en','packages/widget/widget','create','New widget','2021-04-11 19:01:30','2021-04-11 19:01:30'),(1704,1,'en','packages/widget/widget','edit','Edit widget','2021-04-11 19:01:30','2021-04-11 19:01:30'),(1705,1,'en','packages/widget/widget','delete','Delete','2021-04-11 19:01:30','2021-04-11 19:01:30'),(1706,1,'en','packages/widget/widget','available','Available Widgets','2021-04-11 19:01:30','2021-04-11 19:01:30'),(1707,1,'en','packages/widget/widget','instruction','To activate a widget drag it to a sidebar or click on it. To deactivate a widget and delete its settings, drag it back.','2021-04-11 19:01:30','2021-04-11 19:01:30'),(1708,1,'en','packages/widget/widget','number_tag_display','Number tags will be display','2021-04-11 19:01:30','2021-04-11 19:01:30'),(1709,1,'en','packages/widget/widget','number_post_display','Number posts will be display','2021-04-11 19:01:30','2021-04-11 19:01:30'),(1710,1,'en','packages/widget/widget','select_menu','Select Menu','2021-04-11 19:01:30','2021-04-11 19:01:30'),(1711,1,'en','packages/widget/widget','widget_text','Text','2021-04-11 19:01:30','2021-04-11 19:01:30'),(1712,1,'en','packages/widget/widget','widget_text_description','Arbitrary text or HTML.','2021-04-11 19:01:30','2021-04-11 19:01:30'),(1713,1,'en','packages/widget/widget','widget_recent_post','Recent Posts','2021-04-11 19:01:30','2021-04-11 19:01:30'),(1714,1,'en','packages/widget/widget','widget_recent_post_description','Recent posts widget.','2021-04-11 19:01:30','2021-04-11 19:01:30'),(1715,1,'en','packages/widget/widget','widget_custom_menu','Custom Menu','2021-04-11 19:01:30','2021-04-11 19:01:30'),(1716,1,'en','packages/widget/widget','widget_custom_menu_description','Add a custom menu to your widget area.','2021-04-11 19:01:30','2021-04-11 19:01:30'),(1717,1,'en','packages/widget/widget','widget_tag','Tags','2021-04-11 19:01:30','2021-04-11 19:01:30'),(1718,1,'en','packages/widget/widget','widget_tag_description','Popular tags','2021-04-11 19:01:30','2021-04-11 19:01:30'),(1719,1,'en','packages/widget/widget','save_success','Save widget successfully!','2021-04-11 19:01:30','2021-04-11 19:01:30'),(1720,1,'en','packages/widget/widget','delete_success','Delete widget successfully!','2021-04-11 19:01:30','2021-04-11 19:01:30'),(1721,1,'en','packages/widget/widget','primary_sidebar_name','Primary sidebar','2021-04-11 19:01:30','2021-04-11 19:01:30'),(1722,1,'en','packages/widget/widget','primary_sidebar_description','Primary sidebar section','2021-04-11 19:01:30','2021-04-11 19:01:30'),(1723,1,'vi','packages/widget/global','name','Widgets','2021-04-11 19:01:30','2021-04-11 19:01:30'),(1724,1,'vi','packages/widget/global','create','New widget','2021-04-11 19:01:30','2021-04-11 19:01:30'),(1725,1,'vi','packages/widget/global','edit','Edit widget','2021-04-11 19:01:30','2021-04-11 19:01:30'),(1726,1,'vi','packages/widget/global','available','Tiện ích có sẵn','2021-04-11 19:01:30','2021-04-11 19:01:30'),(1727,1,'vi','packages/widget/global','delete','Xóa','2021-04-11 19:01:30','2021-04-11 19:01:30'),(1728,1,'vi','packages/widget/global','instruction','Để kích hoạt tiện ích, hãy kéo nó vào sidebar hoặc nhấn vào nó. Để hủy kích hoạt tiện ích và xóa các thiết lập của tiện ích, kéo nó quay trở lại.','2021-04-11 19:01:30','2021-04-11 19:01:30'),(1729,1,'vi','packages/widget/global','number_post_display','Số bài viết sẽ hiển thị','2021-04-11 19:01:30','2021-04-11 19:01:30'),(1730,1,'vi','packages/widget/global','number_tag_display','Số thẻ sẽ hiển thị','2021-04-11 19:01:30','2021-04-11 19:01:30'),(1731,1,'vi','packages/widget/global','select_menu','Lựa chọn trình đơn','2021-04-11 19:01:30','2021-04-11 19:01:30'),(1732,1,'vi','packages/widget/global','widget_custom_menu','Menu tùy chỉnh','2021-04-11 19:01:30','2021-04-11 19:01:30'),(1733,1,'vi','packages/widget/global','widget_custom_menu_description','Thêm menu tùy chỉnh vào khu vực tiện ích của bạn','2021-04-11 19:01:30','2021-04-11 19:01:30'),(1734,1,'vi','packages/widget/global','widget_recent_post','Bài viết gần đây','2021-04-11 19:01:30','2021-04-11 19:01:30'),(1735,1,'vi','packages/widget/global','widget_recent_post_description','Tiện ích bài viết gần đây','2021-04-11 19:01:30','2021-04-11 19:01:30'),(1736,1,'vi','packages/widget/global','widget_tag','Thẻ','2021-04-11 19:01:30','2021-04-11 19:01:30'),(1737,1,'vi','packages/widget/global','widget_tag_description','Thẻ phổ biến, sử dụng nhiều','2021-04-11 19:01:30','2021-04-11 19:01:30'),(1738,1,'vi','packages/widget/global','widget_text','Văn bản','2021-04-11 19:01:30','2021-04-11 19:01:30'),(1739,1,'vi','packages/widget/global','widget_text_description','Văn bản tùy ý hoặc HTML.','2021-04-11 19:01:30','2021-04-11 19:01:30'),(1740,1,'vi','packages/widget/global','delete_success','Xoá tiện ích thành công','2021-04-11 19:01:30','2021-04-11 19:01:30'),(1741,1,'vi','packages/widget/global','save_success','Lưu tiện ích thành công!','2021-04-11 19:01:30','2021-04-11 19:01:30'),(1742,1,'en','plugins/analytics/analytics','sessions','Sessions','2021-04-11 19:01:30','2021-04-11 19:01:30'),(1743,1,'en','plugins/analytics/analytics','visitors','Visitors','2021-04-11 19:01:30','2021-04-11 19:01:30'),(1744,1,'en','plugins/analytics/analytics','pageviews','Pageviews','2021-04-11 19:01:30','2021-04-11 19:01:30'),(1745,1,'en','plugins/analytics/analytics','bounce_rate','Bounce Rate','2021-04-11 19:01:30','2021-04-11 19:01:30'),(1746,1,'en','plugins/analytics/analytics','page_session','Pages/Session','2021-04-11 19:01:30','2021-04-11 19:01:30'),(1747,1,'en','plugins/analytics/analytics','avg_duration','Avg. Duration','2021-04-11 19:01:30','2021-04-11 19:01:30'),(1748,1,'en','plugins/analytics/analytics','percent_new_session','Percent new session','2021-04-11 19:01:30','2021-04-11 19:01:30'),(1749,1,'en','plugins/analytics/analytics','new_users','New visitors','2021-04-11 19:01:30','2021-04-11 19:01:30'),(1750,1,'en','plugins/analytics/analytics','visits','visits','2021-04-11 19:01:30','2021-04-11 19:01:30'),(1751,1,'en','plugins/analytics/analytics','views','views','2021-04-11 19:01:30','2021-04-11 19:01:30'),(1752,1,'en','plugins/analytics/analytics','view_id_not_specified','You must provide a valid view id. The document here: <a href=\"https://docs.botble.com/cms/:version/plugin-analytics\" target=\"_blank\">https://docs.botble.com/cms/:version/plugin-analytics</a>','2021-04-11 19:01:30','2021-04-11 19:01:30'),(1753,1,'en','plugins/analytics/analytics','credential_is_not_valid','Analytics credentials is not valid. The document here: <a href=\"https://docs.botble.com/cms/:version/plugin-analytics\" target=\"_blank\">https://docs.botble.com/cms/:version/plugin-analytics</a>','2021-04-11 19:01:30','2021-04-11 19:01:30'),(1754,1,'en','plugins/analytics/analytics','start_date_can_not_before_end_date','Start date :start_date cannot be after end date :end_date','2021-04-11 19:01:30','2021-04-11 19:01:30'),(1755,1,'en','plugins/analytics/analytics','wrong_configuration','To view analytics you\'ll need to get a google analytics client id and add it to your settings. <br /> You also need JSON credential data. <br /> The document here: <a href=\"https://docs.botble.com/cms/:version/plugin-analytics\" target=\"_blank\">https://docs.botble.com/cms/:version/plugin-analytics</a>','2021-04-11 19:01:30','2021-04-11 19:01:30'),(1756,1,'en','plugins/analytics/analytics','settings.title','Google Analytics','2021-04-11 19:01:30','2021-04-11 19:01:30'),(1757,1,'en','plugins/analytics/analytics','settings.description','Config Credentials for Google Analytics','2021-04-11 19:01:30','2021-04-11 19:01:30'),(1758,1,'en','plugins/analytics/analytics','settings.tracking_code','Tracking ID','2021-04-11 19:01:30','2021-04-11 19:01:30'),(1759,1,'en','plugins/analytics/analytics','settings.tracking_code_placeholder','Example: GA-12586526-8','2021-04-11 19:01:30','2021-04-11 19:01:30'),(1760,1,'en','plugins/analytics/analytics','settings.view_id','View ID','2021-04-11 19:01:30','2021-04-11 19:01:30'),(1761,1,'en','plugins/analytics/analytics','settings.view_id_description','Google Analytics View ID','2021-04-11 19:01:30','2021-04-11 19:01:30'),(1762,1,'en','plugins/analytics/analytics','settings.json_credential','Service Account Credentials','2021-04-11 19:01:30','2021-04-11 19:01:30'),(1763,1,'en','plugins/analytics/analytics','settings.json_credential_description','Service Account Credentials','2021-04-11 19:01:30','2021-04-11 19:01:30'),(1764,1,'en','plugins/analytics/analytics','widget_analytics_page','Top Most Visit Pages','2021-04-11 19:01:30','2021-04-11 19:01:30'),(1765,1,'en','plugins/analytics/analytics','widget_analytics_browser','Top Browsers','2021-04-11 19:01:30','2021-04-11 19:01:30'),(1766,1,'en','plugins/analytics/analytics','widget_analytics_referrer','Top Referrers','2021-04-11 19:01:30','2021-04-11 19:01:30'),(1767,1,'en','plugins/analytics/analytics','widget_analytics_general','Site Analytics','2021-04-11 19:01:30','2021-04-11 19:01:30'),(1768,1,'vi','plugins/analytics/analytics','avg_duration','Trung bình','2021-04-11 19:01:30','2021-04-11 19:01:30'),(1769,1,'vi','plugins/analytics/analytics','bounce_rate','Tỉ lệ thoát','2021-04-11 19:01:30','2021-04-11 19:01:30'),(1770,1,'vi','plugins/analytics/analytics','page_session','Trang/Phiên','2021-04-11 19:01:30','2021-04-11 19:01:30'),(1771,1,'vi','plugins/analytics/analytics','pageviews','Lượt xem','2021-04-11 19:01:30','2021-04-11 19:01:30'),(1772,1,'vi','plugins/analytics/analytics','sessions','Phiên','2021-04-11 19:01:30','2021-04-11 19:01:30'),(1773,1,'vi','plugins/analytics/analytics','views','lượt xem','2021-04-11 19:01:30','2021-04-11 19:01:30'),(1774,1,'vi','plugins/analytics/analytics','visitors','Người truy cập','2021-04-11 19:01:30','2021-04-11 19:01:30'),(1775,1,'vi','plugins/analytics/analytics','visits','lượt ghé thăm','2021-04-11 19:01:30','2021-04-11 19:01:30'),(1776,1,'vi','plugins/analytics/analytics','credential_is_not_valid','Thông tin cài đặt không hợp lệ. Tài liệu hướng dẫn tại đây: <a href=\"http://docs.botble.com/cms/:version/analytics\" target=\"_blank\">http://docs.botble.com/cms/:version/analytics</a>','2021-04-11 19:01:30','2021-04-11 19:01:30'),(1777,1,'vi','plugins/analytics/analytics','new_users','Lượt khách mới','2021-04-11 19:01:30','2021-04-11 19:01:30'),(1778,1,'vi','plugins/analytics/analytics','percent_new_session','Tỉ lệ khách mới','2021-04-11 19:01:30','2021-04-11 19:01:30'),(1779,1,'vi','plugins/analytics/analytics','start_date_can_not_before_end_date','Ngày bắt đầu :start_date không thể sau ngày kết thúc :end_date','2021-04-11 19:01:30','2021-04-11 19:01:30'),(1780,1,'vi','plugins/analytics/analytics','view_id_not_specified','Bạn phải cung cấp View ID hợp lê. Tài liệu hướng dẫn tại đây: <a href=\"http://docs.botble.com/cms/:version/analytics\" target=\"_blank\">http://docs.botble.com/cms/:version/analytics</a>','2021-04-11 19:01:30','2021-04-11 19:01:30'),(1781,1,'vi','plugins/analytics/analytics','wrong_configuration','Để xem dữ liệu thống kê Google Analytics, bạn cần lấy thông tin Client ID và thêm nó vào trong phần cài đặt. Bạn cũng cần thông tin xác thực dạng JSON. Tài liệu hướng dẫn tại đây: <a href=\"http://docs.botble.com/cms/:version/analytics\" target=\"_blank\">http://docs.botble.com/cms/:version/analytics</a>','2021-04-11 19:01:30','2021-04-11 19:01:30'),(1782,1,'vi','plugins/analytics/analytics','settings.title','Google Analytics','2021-04-11 19:01:30','2021-04-11 19:01:30'),(1783,1,'vi','plugins/analytics/analytics','settings.description','Config Credentials for Google Analytics','2021-04-11 19:01:30','2021-04-11 19:01:30'),(1784,1,'vi','plugins/analytics/analytics','settings.tracking_code','Tracking Code','2021-04-11 19:01:30','2021-04-11 19:01:30'),(1785,1,'vi','plugins/analytics/analytics','settings.tracking_code_placeholder','Example: GA-12586526-8','2021-04-11 19:01:30','2021-04-11 19:01:30'),(1786,1,'vi','plugins/analytics/analytics','settings.view_id','View ID','2021-04-11 19:01:30','2021-04-11 19:01:30'),(1787,1,'vi','plugins/analytics/analytics','settings.view_id_description','Google Analytics View ID','2021-04-11 19:01:30','2021-04-11 19:01:30'),(1788,1,'vi','plugins/analytics/analytics','settings.json_credential','Service Account Credentials','2021-04-11 19:01:30','2021-04-11 19:01:30'),(1789,1,'vi','plugins/analytics/analytics','settings.json_credential_description','Service Account Credentials','2021-04-11 19:01:30','2021-04-11 19:01:30'),(1790,1,'vi','plugins/analytics/analytics','widget_analytics_browser','Trình duyệt truy cập nhiều','2021-04-11 19:01:30','2021-04-11 19:01:30'),(1791,1,'vi','plugins/analytics/analytics','widget_analytics_general','Thống kê truy cập','2021-04-11 19:01:30','2021-04-11 19:01:30'),(1792,1,'vi','plugins/analytics/analytics','widget_analytics_page','Trang được xem nhiều nhất','2021-04-11 19:01:30','2021-04-11 19:01:30'),(1793,1,'vi','plugins/analytics/analytics','widget_analytics_referrer','Trang giới thiệu nhiều','2021-04-11 19:01:30','2021-04-11 19:01:30'),(1794,1,'en','plugins/audit-log/history','name','Activities Logs','2021-04-11 19:01:30','2021-04-11 19:01:30'),(1795,1,'en','plugins/audit-log/history','created','created','2021-04-11 19:01:30','2021-04-11 19:01:30'),(1796,1,'en','plugins/audit-log/history','updated','updated','2021-04-11 19:01:30','2021-04-11 19:01:30'),(1797,1,'en','plugins/audit-log/history','deleted','deleted','2021-04-11 19:01:30','2021-04-11 19:01:30'),(1798,1,'en','plugins/audit-log/history','logged in','logged in','2021-04-11 19:01:30','2021-04-11 19:01:30'),(1799,1,'en','plugins/audit-log/history','logged out','logged out','2021-04-11 19:01:30','2021-04-11 19:01:30'),(1800,1,'en','plugins/audit-log/history','changed password','changed password','2021-04-11 19:01:30','2021-04-11 19:01:30'),(1801,1,'en','plugins/audit-log/history','updated profile','updated profile','2021-04-11 19:01:30','2021-04-11 19:01:30'),(1802,1,'en','plugins/audit-log/history','attached','attached','2021-04-11 19:01:30','2021-04-11 19:01:30'),(1803,1,'en','plugins/audit-log/history','shared','shared','2021-04-11 19:01:30','2021-04-11 19:01:30'),(1804,1,'en','plugins/audit-log/history','to the system','to the system','2021-04-11 19:01:30','2021-04-11 19:01:30'),(1805,1,'en','plugins/audit-log/history','of the system','of the system','2021-04-11 19:01:30','2021-04-11 19:01:30'),(1806,1,'en','plugins/audit-log/history','menu','menu','2021-04-11 19:01:30','2021-04-11 19:01:30'),(1807,1,'en','plugins/audit-log/history','post','post','2021-04-11 19:01:30','2021-04-11 19:01:30'),(1808,1,'en','plugins/audit-log/history','page','page','2021-04-11 19:01:30','2021-04-11 19:01:30'),(1809,1,'en','plugins/audit-log/history','category','category','2021-04-11 19:01:30','2021-04-11 19:01:30'),(1810,1,'en','plugins/audit-log/history','tag','tag','2021-04-11 19:01:30','2021-04-11 19:01:30'),(1811,1,'en','plugins/audit-log/history','user','user','2021-04-11 19:01:30','2021-04-11 19:01:30'),(1812,1,'en','plugins/audit-log/history','contact','contact','2021-04-11 19:01:30','2021-04-11 19:01:30'),(1813,1,'en','plugins/audit-log/history','backup','backup','2021-04-11 19:01:30','2021-04-11 19:01:30'),(1814,1,'en','plugins/audit-log/history','custom-field','custom field','2021-04-11 19:01:30','2021-04-11 19:01:30'),(1815,1,'en','plugins/audit-log/history','widget_audit_logs','Activities Logs','2021-04-11 19:01:30','2021-04-11 19:01:30'),(1816,1,'en','plugins/audit-log/history','action','Action','2021-04-11 19:01:30','2021-04-11 19:01:30'),(1817,1,'en','plugins/audit-log/history','user_agent','User Agent','2021-04-11 19:01:30','2021-04-11 19:01:30'),(1818,1,'en','plugins/audit-log/history','system','System','2021-04-11 19:01:30','2021-04-11 19:01:30'),(1819,1,'en','plugins/audit-log/history','delete_all','Delete all records','2021-04-11 19:01:30','2021-04-11 19:01:30'),(1820,1,'vi','plugins/audit-log/history','name','Lịch sử hoạt động','2021-04-11 19:01:30','2021-04-11 19:01:30'),(1821,1,'vi','plugins/audit-log/history','created',' đã tạo','2021-04-11 19:01:30','2021-04-11 19:01:30'),(1822,1,'vi','plugins/audit-log/history','updated',' đã cập nhật','2021-04-11 19:01:30','2021-04-11 19:01:30'),(1823,1,'vi','plugins/audit-log/history','deleted',' đã xóa','2021-04-11 19:01:30','2021-04-11 19:01:30'),(1824,1,'vi','plugins/audit-log/history','attached','đính kèm','2021-04-11 19:01:30','2021-04-11 19:01:30'),(1825,1,'vi','plugins/audit-log/history','backup','sao lưu','2021-04-11 19:01:30','2021-04-11 19:01:30'),(1826,1,'vi','plugins/audit-log/history','category','danh mục','2021-04-11 19:01:30','2021-04-11 19:01:30'),(1827,1,'vi','plugins/audit-log/history','changed password','thay đổi mật khẩu','2021-04-11 19:01:30','2021-04-11 19:01:30'),(1828,1,'vi','plugins/audit-log/history','contact','liên hệ','2021-04-11 19:01:30','2021-04-11 19:01:30'),(1829,1,'vi','plugins/audit-log/history','custom-field','khung mở rộng','2021-04-11 19:01:30','2021-04-11 19:01:30'),(1830,1,'vi','plugins/audit-log/history','logged in','đăng nhập','2021-04-11 19:01:30','2021-04-11 19:01:30'),(1831,1,'vi','plugins/audit-log/history','logged out','đăng xuất','2021-04-11 19:01:30','2021-04-11 19:01:30'),(1832,1,'vi','plugins/audit-log/history','menu','trình đơn','2021-04-11 19:01:30','2021-04-11 19:01:30'),(1833,1,'vi','plugins/audit-log/history','of the system','khỏi hệ thống','2021-04-11 19:01:30','2021-04-11 19:01:30'),(1834,1,'vi','plugins/audit-log/history','page','trang','2021-04-11 19:01:30','2021-04-11 19:01:30'),(1835,1,'vi','plugins/audit-log/history','post','bài viết','2021-04-11 19:01:30','2021-04-11 19:01:30'),(1836,1,'vi','plugins/audit-log/history','shared','đã chia sẻ','2021-04-11 19:01:30','2021-04-11 19:01:30'),(1837,1,'vi','plugins/audit-log/history','tag','thẻ','2021-04-11 19:01:30','2021-04-11 19:01:30'),(1838,1,'vi','plugins/audit-log/history','to the system','vào hệ thống','2021-04-11 19:01:30','2021-04-11 19:01:30'),(1839,1,'vi','plugins/audit-log/history','updated profile','cập nhật tài khoản','2021-04-11 19:01:30','2021-04-11 19:01:30'),(1840,1,'vi','plugins/audit-log/history','user','thành viên','2021-04-11 19:01:30','2021-04-11 19:01:30'),(1841,1,'vi','plugins/audit-log/history','widget_audit_logs','Lịch sử hoạt động','2021-04-11 19:01:30','2021-04-11 19:01:30'),(1842,1,'en','plugins/backup/backup','name','Backup','2021-04-11 19:01:30','2021-04-11 19:01:30'),(1843,1,'en','plugins/backup/backup','backup_description','Backup database and uploads folder.','2021-04-11 19:01:30','2021-04-11 19:01:30'),(1844,1,'en','plugins/backup/backup','create_backup_success','Created backup successfully!','2021-04-11 19:01:30','2021-04-11 19:01:30'),(1845,1,'en','plugins/backup/backup','delete_backup_success','Delete backup successfully!','2021-04-11 19:01:30','2021-04-11 19:01:30'),(1846,1,'en','plugins/backup/backup','restore_backup_success','Restore backup successfully!','2021-04-11 19:01:30','2021-04-11 19:01:30'),(1847,1,'en','plugins/backup/backup','generate_btn','Generate backup','2021-04-11 19:01:30','2021-04-11 19:01:30'),(1848,1,'en','plugins/backup/backup','create','Create a backup','2021-04-11 19:01:30','2021-04-11 19:01:30'),(1849,1,'en','plugins/backup/backup','restore','Restore a backup','2021-04-11 19:01:30','2021-04-11 19:01:30'),(1850,1,'en','plugins/backup/backup','create_btn','Create','2021-04-11 19:01:30','2021-04-11 19:01:30'),(1851,1,'en','plugins/backup/backup','restore_btn','Restore','2021-04-11 19:01:30','2021-04-11 19:01:30'),(1852,1,'en','plugins/backup/backup','restore_confirm_msg','Do you really want to restore this revision?','2021-04-11 19:01:30','2021-04-11 19:01:30'),(1853,1,'en','plugins/backup/backup','download_uploads_folder','Download backup of uploads folder','2021-04-11 19:01:30','2021-04-11 19:01:30'),(1854,1,'en','plugins/backup/backup','download_database','Download backup of database','2021-04-11 19:01:30','2021-04-11 19:01:30'),(1855,1,'en','plugins/backup/backup','restore_tooltip','Restore this backup','2021-04-11 19:01:30','2021-04-11 19:01:30'),(1856,1,'en','plugins/backup/backup','demo_alert','Hi guest, if you see demo site is destroyed, please help me <a href=\":link\">go here</a> and restore demo site to the latest revision! Thank you so much!','2021-04-11 19:01:30','2021-04-11 19:01:30'),(1857,1,'en','plugins/backup/backup','menu_name','Backups','2021-04-11 19:01:30','2021-04-11 19:01:30'),(1858,1,'en','plugins/backup/backup','size','Size','2021-04-11 19:01:30','2021-04-11 19:01:30'),(1859,1,'en','plugins/backup/backup','no_backups','There is no backup now!','2021-04-11 19:01:30','2021-04-11 19:01:30'),(1860,1,'vi','plugins/backup/backup','backup_description','Sao lưu cơ sở dữ liệu và thư mục /uploads','2021-04-11 19:01:30','2021-04-11 19:01:30'),(1861,1,'vi','plugins/backup/backup','create','Tạo bản sao lưu','2021-04-11 19:01:30','2021-04-11 19:01:30'),(1862,1,'vi','plugins/backup/backup','create_backup_success','Tạo bản sao lưu thành công!','2021-04-11 19:01:30','2021-04-11 19:01:30'),(1863,1,'vi','plugins/backup/backup','create_btn','Tạo','2021-04-11 19:01:30','2021-04-11 19:01:30'),(1864,1,'vi','plugins/backup/backup','delete_backup_success','Xóa bản sao lưu thành công!','2021-04-11 19:01:30','2021-04-11 19:01:30'),(1865,1,'vi','plugins/backup/backup','generate_btn','Tạo sao lưu','2021-04-11 19:01:30','2021-04-11 19:01:30'),(1866,1,'vi','plugins/backup/backup','name','Sao lưu','2021-04-11 19:01:30','2021-04-11 19:01:30'),(1867,1,'vi','plugins/backup/backup','restore','Khôi phục bản sao lưu','2021-04-11 19:01:30','2021-04-11 19:01:30'),(1868,1,'vi','plugins/backup/backup','restore_backup_success','Khôi phục bản sao lưu thành công','2021-04-11 19:01:30','2021-04-11 19:01:30'),(1869,1,'vi','plugins/backup/backup','restore_btn','Khôi phục','2021-04-11 19:01:30','2021-04-11 19:01:30'),(1870,1,'vi','plugins/backup/backup','restore_confirm_msg','Bạn có chắc chắn muốn khôi phục hệ thống về thời điểm tạo bản sao lưu này?','2021-04-11 19:01:30','2021-04-11 19:01:30'),(1871,1,'vi','plugins/backup/backup','restore_tooltip','Khôi phục bản sao lưu này','2021-04-11 19:01:30','2021-04-11 19:01:30'),(1872,1,'vi','plugins/backup/backup','download_database','Tải về bản sao lưu CSDL','2021-04-11 19:01:30','2021-04-11 19:01:30'),(1873,1,'vi','plugins/backup/backup','download_uploads_folder','Tải về bản sao lưu thư mục uploads','2021-04-11 19:01:30','2021-04-11 19:01:30'),(1874,1,'vi','plugins/backup/backup','menu_name','Sao lưu','2021-04-11 19:01:30','2021-04-11 19:01:30'),(1875,1,'vi','plugins/backup/backup','demo_alert','Chào khách, nếu bạn thấy trang demo bị phá hoại, hãy tới <a href=\":link\">trang sao lưu</a> và khôi phục bản sao lưu cuối cùng. Cảm ơn bạn nhiều!','2021-04-11 19:01:30','2021-04-11 19:01:30'),(1876,1,'en','plugins/blog/base','menu_name','Blog','2021-04-11 19:01:30','2021-04-11 19:01:30'),(1877,1,'en','plugins/blog/base','blog_page','Blog Page','2021-04-11 19:01:30','2021-04-11 19:01:30'),(1878,1,'en','plugins/blog/base','select','-- Select --','2021-04-11 19:01:30','2021-04-11 19:01:30'),(1879,1,'en','plugins/blog/base','blog_page_id','Blog page','2021-04-11 19:01:30','2021-04-11 19:01:30'),(1880,1,'en','plugins/blog/base','number_posts_per_page','Number posts per page','2021-04-11 19:01:30','2021-04-11 19:01:30'),(1881,1,'en','plugins/blog/base','write_some_tags','Write some tags','2021-04-11 19:01:30','2021-04-11 19:01:30'),(1882,1,'en','plugins/blog/base','short_code_name','Blog posts','2021-04-11 19:01:30','2021-04-11 19:01:30'),(1883,1,'en','plugins/blog/base','short_code_description','Add blog posts','2021-04-11 19:01:30','2021-04-11 19:01:30'),(1884,1,'en','plugins/blog/base','number_posts_per_page_in_category','Number of posts per page in a category','2021-04-11 19:01:30','2021-04-11 19:01:30'),(1885,1,'en','plugins/blog/base','number_posts_per_page_in_tag','Number of posts per page in a tag','2021-04-11 19:01:30','2021-04-11 19:01:30'),(1886,1,'en','plugins/blog/categories','create','Create new category','2021-04-11 19:01:30','2021-04-11 19:01:30'),(1887,1,'en','plugins/blog/categories','edit','Edit category','2021-04-11 19:01:30','2021-04-11 19:01:30'),(1888,1,'en','plugins/blog/categories','menu','Categories','2021-04-11 19:01:30','2021-04-11 19:01:30'),(1889,1,'en','plugins/blog/categories','edit_this_category','Edit this category','2021-04-11 19:01:30','2021-04-11 19:01:30'),(1890,1,'en','plugins/blog/categories','menu_name','Categories','2021-04-11 19:01:30','2021-04-11 19:01:30'),(1891,1,'en','plugins/blog/categories','none','None','2021-04-11 19:01:30','2021-04-11 19:01:30'),(1892,1,'en','plugins/blog/member','dob','Born :date','2021-04-11 19:01:30','2021-04-11 19:01:30'),(1893,1,'en','plugins/blog/member','draft_posts','Draft Posts','2021-04-11 19:01:30','2021-04-11 19:01:30'),(1894,1,'en','plugins/blog/member','pending_posts','Pending Posts','2021-04-11 19:01:30','2021-04-11 19:01:30'),(1895,1,'en','plugins/blog/member','published_posts','Published Posts','2021-04-11 19:01:30','2021-04-11 19:01:30'),(1896,1,'en','plugins/blog/member','posts','Posts','2021-04-11 19:01:30','2021-04-11 19:01:30'),(1897,1,'en','plugins/blog/member','write_post','Write a post','2021-04-11 19:01:30','2021-04-11 19:01:30'),(1898,1,'en','plugins/blog/posts','create','Create new post','2021-04-11 19:01:30','2021-04-11 19:01:30'),(1899,1,'en','plugins/blog/posts','edit','Edit post','2021-04-11 19:01:30','2021-04-11 19:01:30'),(1900,1,'en','plugins/blog/posts','form.name','Name','2021-04-11 19:01:30','2021-04-11 19:01:30'),(1901,1,'en','plugins/blog/posts','form.name_placeholder','Post\'s name (Maximum :c characters)','2021-04-11 19:01:30','2021-04-11 19:01:30'),(1902,1,'en','plugins/blog/posts','form.description','Description','2021-04-11 19:01:30','2021-04-11 19:01:30'),(1903,1,'en','plugins/blog/posts','form.description_placeholder','Short description for post (Maximum :c characters)','2021-04-11 19:01:30','2021-04-11 19:01:30'),(1904,1,'en','plugins/blog/posts','form.categories','Categories','2021-04-11 19:01:30','2021-04-11 19:01:30'),(1905,1,'en','plugins/blog/posts','form.tags','Tags','2021-04-11 19:01:30','2021-04-11 19:01:30'),(1906,1,'en','plugins/blog/posts','form.tags_placeholder','Tags','2021-04-11 19:01:30','2021-04-11 19:01:30'),(1907,1,'en','plugins/blog/posts','form.content','Content','2021-04-11 19:01:30','2021-04-11 19:01:30'),(1908,1,'en','plugins/blog/posts','form.is_featured','Is featured?','2021-04-11 19:01:30','2021-04-11 19:01:30'),(1909,1,'en','plugins/blog/posts','form.note','Note content','2021-04-11 19:01:30','2021-04-11 19:01:30'),(1910,1,'en','plugins/blog/posts','form.format_type','Format','2021-04-11 19:01:30','2021-04-11 19:01:30'),(1911,1,'en','plugins/blog/posts','cannot_delete','Post could not be deleted','2021-04-11 19:01:30','2021-04-11 19:01:30'),(1912,1,'en','plugins/blog/posts','post_deleted','Post deleted','2021-04-11 19:01:30','2021-04-11 19:01:30'),(1913,1,'en','plugins/blog/posts','posts','Posts','2021-04-11 19:01:30','2021-04-11 19:01:30'),(1914,1,'en','plugins/blog/posts','post','Post','2021-04-11 19:01:30','2021-04-11 19:01:30'),(1915,1,'en','plugins/blog/posts','edit_this_post','Edit this post','2021-04-11 19:01:30','2021-04-11 19:01:30'),(1916,1,'en','plugins/blog/posts','no_new_post_now','There is no new post now!','2021-04-11 19:01:30','2021-04-11 19:01:30'),(1917,1,'en','plugins/blog/posts','menu_name','Posts','2021-04-11 19:01:30','2021-04-11 19:01:30'),(1918,1,'en','plugins/blog/posts','widget_posts_recent','Recent Posts','2021-04-11 19:01:30','2021-04-11 19:01:30'),(1919,1,'en','plugins/blog/posts','categories','Categories','2021-04-11 19:01:30','2021-04-11 19:01:30'),(1920,1,'en','plugins/blog/posts','category','Category','2021-04-11 19:01:30','2021-04-11 19:01:30'),(1921,1,'en','plugins/blog/posts','author','Author','2021-04-11 19:01:30','2021-04-11 19:01:30'),(1922,1,'en','plugins/blog/settings','select','-- Select --','2021-04-11 19:01:30','2021-04-11 19:01:30'),(1923,1,'en','plugins/blog/settings','blog_page_id','Blog page','2021-04-11 19:01:30','2021-04-11 19:01:30'),(1924,1,'en','plugins/blog/tags','form.name','Name','2021-04-11 19:01:30','2021-04-11 19:01:30'),(1925,1,'en','plugins/blog/tags','form.name_placeholder','Tag\'s name (Maximum 120 characters)','2021-04-11 19:01:30','2021-04-11 19:01:30'),(1926,1,'en','plugins/blog/tags','form.description','Description','2021-04-11 19:01:30','2021-04-11 19:01:30'),(1927,1,'en','plugins/blog/tags','form.description_placeholder','Short description for tag (Maximum 400 characters)','2021-04-11 19:01:30','2021-04-11 19:01:30'),(1928,1,'en','plugins/blog/tags','form.categories','Categories','2021-04-11 19:01:30','2021-04-11 19:01:30'),(1929,1,'en','plugins/blog/tags','notices.no_select','Please select at least one tag to take this action!','2021-04-11 19:01:30','2021-04-11 19:01:30'),(1930,1,'en','plugins/blog/tags','create','Create new tag','2021-04-11 19:01:30','2021-04-11 19:01:30'),(1931,1,'en','plugins/blog/tags','edit','Edit tag','2021-04-11 19:01:30','2021-04-11 19:01:30'),(1932,1,'en','plugins/blog/tags','cannot_delete','Tag could not be deleted','2021-04-11 19:01:30','2021-04-11 19:01:30'),(1933,1,'en','plugins/blog/tags','deleted','Tag deleted','2021-04-11 19:01:30','2021-04-11 19:01:30'),(1934,1,'en','plugins/blog/tags','menu','Tags','2021-04-11 19:01:30','2021-04-11 19:01:30'),(1935,1,'en','plugins/blog/tags','edit_this_tag','Edit this tag','2021-04-11 19:01:30','2021-04-11 19:01:30'),(1936,1,'en','plugins/blog/tags','menu_name','Tags','2021-04-11 19:01:30','2021-04-11 19:01:30'),(1937,1,'vi','plugins/blog/base','menu_name','Blog','2021-04-11 19:01:30','2021-04-11 19:01:30'),(1938,1,'vi','plugins/blog/categories','model','Danh mục','2021-04-11 19:01:30','2021-04-11 19:01:30'),(1939,1,'vi','plugins/blog/categories','models','Danh mục','2021-04-11 19:01:30','2021-04-11 19:01:30'),(1940,1,'vi','plugins/blog/categories','list','Danh sách danh mục','2021-04-11 19:01:30','2021-04-11 19:01:30'),(1941,1,'vi','plugins/blog/categories','create','Thêm danh mục mới','2021-04-11 19:01:30','2021-04-11 19:01:30'),(1942,1,'vi','plugins/blog/categories','edit','Sửa danh mục','2021-04-11 19:01:30','2021-04-11 19:01:30'),(1943,1,'vi','plugins/blog/categories','menu_name','Danh mục','2021-04-11 19:01:30','2021-04-11 19:01:30'),(1944,1,'vi','plugins/blog/categories','edit_this_category','Sửa danh mục này','2021-04-11 19:01:30','2021-04-11 19:01:30'),(1945,1,'vi','plugins/blog/categories','menu','Danh mục','2021-04-11 19:01:30','2021-04-11 19:01:30'),(1946,1,'vi','plugins/blog/posts','model','Bài viết','2021-04-11 19:01:30','2021-04-11 19:01:30'),(1947,1,'vi','plugins/blog/posts','models','Bài viết','2021-04-11 19:01:30','2021-04-11 19:01:30'),(1948,1,'vi','plugins/blog/posts','list','Danh sách bài viết','2021-04-11 19:01:30','2021-04-11 19:01:30'),(1949,1,'vi','plugins/blog/posts','create','Thêm bài viết','2021-04-11 19:01:30','2021-04-11 19:01:30'),(1950,1,'vi','plugins/blog/posts','edit','Sửa bài viết','2021-04-11 19:01:30','2021-04-11 19:01:30'),(1951,1,'vi','plugins/blog/posts','form.name','Tên','2021-04-11 19:01:30','2021-04-11 19:01:30'),(1952,1,'vi','plugins/blog/posts','form.name_placeholder','Tên bài viết (Tối đa 120 kí tự)','2021-04-11 19:01:30','2021-04-11 19:01:30'),(1953,1,'vi','plugins/blog/posts','form.description','Mô tả','2021-04-11 19:01:30','2021-04-11 19:01:30'),(1954,1,'vi','plugins/blog/posts','form.description_placeholder','Mô tả ngắn cho bài viết (Tối đa 400 kí tự)','2021-04-11 19:01:30','2021-04-11 19:01:30'),(1955,1,'vi','plugins/blog/posts','form.categories','Chuyên mục','2021-04-11 19:01:30','2021-04-11 19:01:30'),(1956,1,'vi','plugins/blog/posts','form.tags','Từ khóa','2021-04-11 19:01:30','2021-04-11 19:01:30'),(1957,1,'vi','plugins/blog/posts','form.tags_placeholder','Thêm từ khóa','2021-04-11 19:01:30','2021-04-11 19:01:30'),(1958,1,'vi','plugins/blog/posts','form.content','Nội dung','2021-04-11 19:01:30','2021-04-11 19:01:30'),(1959,1,'vi','plugins/blog/posts','form.featured','Bài viết nổi bật?','2021-04-11 19:01:30','2021-04-11 19:01:30'),(1960,1,'vi','plugins/blog/posts','form.note','Nội dung ghi chú','2021-04-11 19:01:30','2021-04-11 19:01:30'),(1961,1,'vi','plugins/blog/posts','form.format_type','Định dạng','2021-04-11 19:01:30','2021-04-11 19:01:30'),(1962,1,'vi','plugins/blog/posts','post_deleted','Xóa bài viết thành công','2021-04-11 19:01:30','2021-04-11 19:01:30'),(1963,1,'vi','plugins/blog/posts','cannot_delete','Không thể xóa bài viết','2021-04-11 19:01:30','2021-04-11 19:01:30'),(1964,1,'vi','plugins/blog/posts','menu_name','Bài viết','2021-04-11 19:01:30','2021-04-11 19:01:30'),(1965,1,'vi','plugins/blog/posts','edit_this_post','Sửa bài viết này','2021-04-11 19:01:30','2021-04-11 19:01:30'),(1966,1,'vi','plugins/blog/posts','no_new_post_now','Hiện tại không có bài viết mới!','2021-04-11 19:01:30','2021-04-11 19:01:30'),(1967,1,'vi','plugins/blog/posts','posts','Bài viết','2021-04-11 19:01:30','2021-04-11 19:01:30'),(1968,1,'vi','plugins/blog/posts','widget_posts_recent','Bài viết gần đây','2021-04-11 19:01:30','2021-04-11 19:01:30'),(1969,1,'vi','plugins/blog/posts','author','Tác giả','2021-04-11 19:01:30','2021-04-11 19:01:30'),(1970,1,'vi','plugins/blog/tags','model','Thẻ','2021-04-11 19:01:30','2021-04-11 19:01:30'),(1971,1,'vi','plugins/blog/tags','models','Thẻ','2021-04-11 19:01:30','2021-04-11 19:01:30'),(1972,1,'vi','plugins/blog/tags','list','Danh sách thẻ','2021-04-11 19:01:30','2021-04-11 19:01:30'),(1973,1,'vi','plugins/blog/tags','create','Thêm thẻ mới','2021-04-11 19:01:30','2021-04-11 19:01:30'),(1974,1,'vi','plugins/blog/tags','edit','Sửa thẻ','2021-04-11 19:01:30','2021-04-11 19:01:30'),(1975,1,'vi','plugins/blog/tags','form.name','Tên','2021-04-11 19:01:30','2021-04-11 19:01:30'),(1976,1,'vi','plugins/blog/tags','form.name_placeholder','Tên thẻ (Tối đa 120 kí tự)','2021-04-11 19:01:31','2021-04-11 19:01:31'),(1977,1,'vi','plugins/blog/tags','form.description','Mô tả','2021-04-11 19:01:31','2021-04-11 19:01:31'),(1978,1,'vi','plugins/blog/tags','form.description_placeholder','Mô tả ngắn cho tag (Tối đa 400 kí tự)','2021-04-11 19:01:31','2021-04-11 19:01:31'),(1979,1,'vi','plugins/blog/tags','form.categories','Chuyên mục','2021-04-11 19:01:31','2021-04-11 19:01:31'),(1980,1,'vi','plugins/blog/tags','notices.no_select','Chọn ít nhất 1 bài viết để thực hiện hành động này!','2021-04-11 19:01:31','2021-04-11 19:01:31'),(1981,1,'vi','plugins/blog/tags','cannot_delete','Không thể xóa thẻ','2021-04-11 19:01:31','2021-04-11 19:01:31'),(1982,1,'vi','plugins/blog/tags','deleted','Xóa thẻ thành công','2021-04-11 19:01:31','2021-04-11 19:01:31'),(1983,1,'vi','plugins/blog/tags','menu_name','Thẻ','2021-04-11 19:01:31','2021-04-11 19:01:31'),(1984,1,'vi','plugins/blog/tags','edit_this_tag','Sửa thẻ này','2021-04-11 19:01:31','2021-04-11 19:01:31'),(1985,1,'vi','plugins/blog/tags','menu','Thẻ','2021-04-11 19:01:31','2021-04-11 19:01:31'),(1986,1,'en','plugins/captcha/captcha','settings.title','Captcha','2021-04-11 19:01:31','2021-04-11 19:01:31'),(1987,1,'en','plugins/captcha/captcha','settings.description','Settings for Google Captcha','2021-04-11 19:01:31','2021-04-11 19:01:31'),(1988,1,'en','plugins/captcha/captcha','settings.captcha_site_key','Captcha Site Key','2021-04-11 19:01:31','2021-04-11 19:01:31'),(1989,1,'en','plugins/captcha/captcha','settings.captcha_secret','Captcha Secret','2021-04-11 19:01:31','2021-04-11 19:01:31'),(1990,1,'en','plugins/captcha/captcha','settings.enable_captcha','Enable Captcha?','2021-04-11 19:01:31','2021-04-11 19:01:31'),(1991,1,'en','plugins/captcha/captcha','settings.helper','Go here to get credentials https://www.google.com/recaptcha/admin#list.','2021-04-11 19:01:31','2021-04-11 19:01:31'),(1992,1,'en','plugins/captcha/captcha','settings.hide_badge','Hide recaptcha badge (for v3)','2021-04-11 19:01:31','2021-04-11 19:01:31'),(1993,1,'en','plugins/captcha/captcha','settings.type','Type','2021-04-11 19:01:31','2021-04-11 19:01:31'),(1994,1,'en','plugins/captcha/captcha','settings.v2_description','V2 (Verify requests with a challenge)','2021-04-11 19:01:31','2021-04-11 19:01:31'),(1995,1,'en','plugins/captcha/captcha','settings.v3_description','V3 (Verify requests with a score)','2021-04-11 19:01:31','2021-04-11 19:01:31'),(1996,1,'en','plugins/captcha/captcha','failed_validate','Failed to validate the captcha.','2021-04-11 19:01:31','2021-04-11 19:01:31'),(1997,1,'en','plugins/contact/contact','menu','Contact','2021-04-11 19:01:31','2021-04-11 19:01:31'),(1998,1,'en','plugins/contact/contact','edit','View contact','2021-04-11 19:01:31','2021-04-11 19:01:31'),(1999,1,'en','plugins/contact/contact','tables.phone','Phone','2021-04-11 19:01:31','2021-04-11 19:01:31'),(2000,1,'en','plugins/contact/contact','tables.email','Email','2021-04-11 19:01:31','2021-04-11 19:01:31'),(2001,1,'en','plugins/contact/contact','tables.full_name','Full Name','2021-04-11 19:01:31','2021-04-11 19:01:31'),(2002,1,'en','plugins/contact/contact','tables.time','Time','2021-04-11 19:01:31','2021-04-11 19:01:31'),(2003,1,'en','plugins/contact/contact','tables.address','Address','2021-04-11 19:01:31','2021-04-11 19:01:31'),(2004,1,'en','plugins/contact/contact','tables.subject','Subject','2021-04-11 19:01:31','2021-04-11 19:01:31'),(2005,1,'en','plugins/contact/contact','tables.content','Content','2021-04-11 19:01:31','2021-04-11 19:01:31'),(2006,1,'en','plugins/contact/contact','contact_information','Contact information','2021-04-11 19:01:31','2021-04-11 19:01:31'),(2007,1,'en','plugins/contact/contact','replies','Replies','2021-04-11 19:01:31','2021-04-11 19:01:31'),(2008,1,'en','plugins/contact/contact','email.header','Email','2021-04-11 19:01:31','2021-04-11 19:01:31'),(2009,1,'en','plugins/contact/contact','email.title','New contact from your site','2021-04-11 19:01:31','2021-04-11 19:01:31'),(2010,1,'en','plugins/contact/contact','email.success','Send message successfully!','2021-04-11 19:01:31','2021-04-11 19:01:31'),(2011,1,'en','plugins/contact/contact','email.failed','Can\'t send message on this time, please try again later!','2021-04-11 19:01:31','2021-04-11 19:01:31'),(2012,1,'en','plugins/contact/contact','form.name.required','Name is required','2021-04-11 19:01:31','2021-04-11 19:01:31'),(2013,1,'en','plugins/contact/contact','form.email.required','Email is required','2021-04-11 19:01:31','2021-04-11 19:01:31'),(2014,1,'en','plugins/contact/contact','form.email.email','The email address is not valid','2021-04-11 19:01:31','2021-04-11 19:01:31'),(2015,1,'en','plugins/contact/contact','form.content.required','Content is required','2021-04-11 19:01:31','2021-04-11 19:01:31'),(2016,1,'en','plugins/contact/contact','contact_sent_from','This contact information sent from','2021-04-11 19:01:31','2021-04-11 19:01:31'),(2017,1,'en','plugins/contact/contact','sender','Sender','2021-04-11 19:01:31','2021-04-11 19:01:31'),(2018,1,'en','plugins/contact/contact','sender_email','Email','2021-04-11 19:01:31','2021-04-11 19:01:31'),(2019,1,'en','plugins/contact/contact','sender_address','Address','2021-04-11 19:01:31','2021-04-11 19:01:31'),(2020,1,'en','plugins/contact/contact','sender_phone','Phone','2021-04-11 19:01:31','2021-04-11 19:01:31'),(2021,1,'en','plugins/contact/contact','message_content','Message content','2021-04-11 19:01:31','2021-04-11 19:01:31'),(2022,1,'en','plugins/contact/contact','sent_from','Email sent from','2021-04-11 19:01:31','2021-04-11 19:01:31'),(2023,1,'en','plugins/contact/contact','form_name','Name','2021-04-11 19:01:31','2021-04-11 19:01:31'),(2024,1,'en','plugins/contact/contact','form_email','Email','2021-04-11 19:01:31','2021-04-11 19:01:31'),(2025,1,'en','plugins/contact/contact','form_address','Address','2021-04-11 19:01:31','2021-04-11 19:01:31'),(2026,1,'en','plugins/contact/contact','form_subject','Subject','2021-04-11 19:01:31','2021-04-11 19:01:31'),(2027,1,'en','plugins/contact/contact','form_phone','Phone','2021-04-11 19:01:31','2021-04-11 19:01:31'),(2028,1,'en','plugins/contact/contact','form_message','Message','2021-04-11 19:01:31','2021-04-11 19:01:31'),(2029,1,'en','plugins/contact/contact','required_field','The field with (<span style=\"color: red\">*</span>) is required.','2021-04-11 19:01:31','2021-04-11 19:01:31'),(2030,1,'en','plugins/contact/contact','send_btn','Send message','2021-04-11 19:01:31','2021-04-11 19:01:31'),(2031,1,'en','plugins/contact/contact','new_msg_notice','You have <span class=\"bold\">:count</span> New Messages','2021-04-11 19:01:31','2021-04-11 19:01:31'),(2032,1,'en','plugins/contact/contact','view_all','View all','2021-04-11 19:01:31','2021-04-11 19:01:31'),(2033,1,'en','plugins/contact/contact','statuses.read','Read','2021-04-11 19:01:31','2021-04-11 19:01:31'),(2034,1,'en','plugins/contact/contact','statuses.unread','Unread','2021-04-11 19:01:31','2021-04-11 19:01:31'),(2035,1,'en','plugins/contact/contact','phone','Phone','2021-04-11 19:01:31','2021-04-11 19:01:31'),(2036,1,'en','plugins/contact/contact','address','Address','2021-04-11 19:01:31','2021-04-11 19:01:31'),(2037,1,'en','plugins/contact/contact','message','Message','2021-04-11 19:01:31','2021-04-11 19:01:31'),(2038,1,'en','plugins/contact/contact','settings.email.title','Contact','2021-04-11 19:01:31','2021-04-11 19:01:31'),(2039,1,'en','plugins/contact/contact','settings.email.description','Contact email configuration','2021-04-11 19:01:31','2021-04-11 19:01:31'),(2040,1,'en','plugins/contact/contact','settings.email.templates.notice_title','Send notice to administrator','2021-04-11 19:01:31','2021-04-11 19:01:31'),(2041,1,'en','plugins/contact/contact','settings.email.templates.notice_description','Email template to send notice to administrator when system get new contact','2021-04-11 19:01:31','2021-04-11 19:01:31'),(2042,1,'en','plugins/contact/contact','no_reply','No reply yet!','2021-04-11 19:01:31','2021-04-11 19:01:31'),(2043,1,'en','plugins/contact/contact','reply','Reply','2021-04-11 19:01:31','2021-04-11 19:01:31'),(2044,1,'en','plugins/contact/contact','send','Send','2021-04-11 19:01:31','2021-04-11 19:01:31'),(2045,1,'en','plugins/contact/contact','shortcode_name','Contact form','2021-04-11 19:01:31','2021-04-11 19:01:31'),(2046,1,'en','plugins/contact/contact','shortcode_description','Add a contact form','2021-04-11 19:01:31','2021-04-11 19:01:31'),(2047,1,'en','plugins/contact/contact','shortcode_content_description','Add shortcode [contact-form][/contact-form] to editor?','2021-04-11 19:01:31','2021-04-11 19:01:31'),(2048,1,'en','plugins/contact/contact','message_sent_success','Message sent successfully!','2021-04-11 19:01:31','2021-04-11 19:01:31'),(2049,1,'vi','plugins/contact/contact','menu','Liên hệ','2021-04-11 19:01:31','2021-04-11 19:01:31'),(2050,1,'vi','plugins/contact/contact','model','Liên hệ','2021-04-11 19:01:31','2021-04-11 19:01:31'),(2051,1,'vi','plugins/contact/contact','models','Liên hệ','2021-04-11 19:01:31','2021-04-11 19:01:31'),(2052,1,'vi','plugins/contact/contact','list','Danh sách liên hệ','2021-04-11 19:01:31','2021-04-11 19:01:31'),(2053,1,'vi','plugins/contact/contact','edit','Xem liên hệ','2021-04-11 19:01:31','2021-04-11 19:01:31'),(2054,1,'vi','plugins/contact/contact','tables.phone','Điện thoại','2021-04-11 19:01:31','2021-04-11 19:01:31'),(2055,1,'vi','plugins/contact/contact','tables.email','Email','2021-04-11 19:01:31','2021-04-11 19:01:31'),(2056,1,'vi','plugins/contact/contact','tables.full_name','Họ tên','2021-04-11 19:01:31','2021-04-11 19:01:31'),(2057,1,'vi','plugins/contact/contact','tables.time','Thời gian','2021-04-11 19:01:31','2021-04-11 19:01:31'),(2058,1,'vi','plugins/contact/contact','tables.address','Địa địa chỉ','2021-04-11 19:01:31','2021-04-11 19:01:31'),(2059,1,'vi','plugins/contact/contact','tables.subject','Tiêu đề','2021-04-11 19:01:31','2021-04-11 19:01:31'),(2060,1,'vi','plugins/contact/contact','tables.content','Nội dung','2021-04-11 19:01:31','2021-04-11 19:01:31'),(2061,1,'vi','plugins/contact/contact','form.is_read','Đã xem?','2021-04-11 19:01:31','2021-04-11 19:01:31'),(2062,1,'vi','plugins/contact/contact','form.status','Trạng thái','2021-04-11 19:01:31','2021-04-11 19:01:31'),(2063,1,'vi','plugins/contact/contact','notices.no_select','Chọn ít nhất 1 liên hệ để thực hiện hành động này!','2021-04-11 19:01:31','2021-04-11 19:01:31'),(2064,1,'vi','plugins/contact/contact','notices.update_success_message','Cập nhật thành công','2021-04-11 19:01:31','2021-04-11 19:01:31'),(2065,1,'vi','plugins/contact/contact','cannot_delete','Không thể xóa liên hệ này','2021-04-11 19:01:31','2021-04-11 19:01:31'),(2066,1,'vi','plugins/contact/contact','deleted','Liên hệ đã được xóa','2021-04-11 19:01:31','2021-04-11 19:01:31'),(2067,1,'vi','plugins/contact/contact','contact_information','Thông tin liên hệ','2021-04-11 19:01:31','2021-04-11 19:01:31'),(2068,1,'vi','plugins/contact/contact','email.title','Thông tin liên hệ mới','2021-04-11 19:01:31','2021-04-11 19:01:31'),(2069,1,'vi','plugins/contact/contact','email.success','Gửi tin nhắn thành công!','2021-04-11 19:01:31','2021-04-11 19:01:31'),(2070,1,'vi','plugins/contact/contact','email.failed','Có lỗi trong quá trình gửi tin nhắn!','2021-04-11 19:01:31','2021-04-11 19:01:31'),(2071,1,'vi','plugins/contact/contact','email.required','Email không được để trống','2021-04-11 19:01:31','2021-04-11 19:01:31'),(2072,1,'vi','plugins/contact/contact','email.email','Địa chỉ email không hợp lệ','2021-04-11 19:01:31','2021-04-11 19:01:31'),(2073,1,'vi','plugins/contact/contact','email.header','Email','2021-04-11 19:01:31','2021-04-11 19:01:31'),(2074,1,'vi','plugins/contact/contact','name.required','Họ tên không được để trống','2021-04-11 19:01:31','2021-04-11 19:01:31'),(2075,1,'vi','plugins/contact/contact','content.required','Nội dung tin nhắn không được để trống','2021-04-11 19:01:31','2021-04-11 19:01:31'),(2076,1,'vi','plugins/contact/contact','g-recaptcha-response.required','Hãy xác minh không phải là robot trước khi gửi tin nhắn.','2021-04-11 19:01:31','2021-04-11 19:01:31'),(2077,1,'vi','plugins/contact/contact','g-recaptcha-response.captcha','Bạn chưa xác minh không phải là robot thành công.','2021-04-11 19:01:31','2021-04-11 19:01:31'),(2078,1,'vi','plugins/contact/contact','confirm_not_robot','Xác nhận không phải người máy','2021-04-11 19:01:31','2021-04-11 19:01:31'),(2079,1,'vi','plugins/contact/contact','contact_sent_from','Liên hệ này được gửi từ','2021-04-11 19:01:31','2021-04-11 19:01:31'),(2080,1,'vi','plugins/contact/contact','form_address','Địa chỉ','2021-04-11 19:01:31','2021-04-11 19:01:31'),(2081,1,'vi','plugins/contact/contact','form_email','Thư điện tử','2021-04-11 19:01:31','2021-04-11 19:01:31'),(2082,1,'vi','plugins/contact/contact','form_message','Thông điệp','2021-04-11 19:01:31','2021-04-11 19:01:31'),(2083,1,'vi','plugins/contact/contact','form_name','Họ tên','2021-04-11 19:01:31','2021-04-11 19:01:31'),(2084,1,'vi','plugins/contact/contact','form_phone','Số điện thoại','2021-04-11 19:01:31','2021-04-11 19:01:31'),(2085,1,'vi','plugins/contact/contact','message_content','Nội dung thông điệp','2021-04-11 19:01:31','2021-04-11 19:01:31'),(2086,1,'vi','plugins/contact/contact','required_field','Những trường có dấu (<span style=\"color: red\">*</span>) là bắt buộc.','2021-04-11 19:01:31','2021-04-11 19:01:31'),(2087,1,'vi','plugins/contact/contact','send_btn','Gửi tin nhắn','2021-04-11 19:01:31','2021-04-11 19:01:31'),(2088,1,'vi','plugins/contact/contact','sender','Người gửi','2021-04-11 19:01:31','2021-04-11 19:01:31'),(2089,1,'vi','plugins/contact/contact','sender_address','Địa chỉ','2021-04-11 19:01:31','2021-04-11 19:01:31'),(2090,1,'vi','plugins/contact/contact','sender_email','Thư điện tử','2021-04-11 19:01:31','2021-04-11 19:01:31'),(2091,1,'vi','plugins/contact/contact','sender_phone','Số điện thoại','2021-04-11 19:01:31','2021-04-11 19:01:31'),(2092,1,'vi','plugins/contact/contact','sent_from','Thư được gửi từ','2021-04-11 19:01:31','2021-04-11 19:01:31'),(2093,1,'vi','plugins/contact/contact','mark_as_read','Đánh dấu đã đọc','2021-04-11 19:01:31','2021-04-11 19:01:31'),(2094,1,'vi','plugins/contact/contact','mark_as_unread','Đánh dấu chưa đọc','2021-04-11 19:01:31','2021-04-11 19:01:31'),(2095,1,'vi','plugins/contact/contact','address','Địa chỉ','2021-04-11 19:01:31','2021-04-11 19:01:31'),(2096,1,'vi','plugins/contact/contact','message','Liên hệ','2021-04-11 19:01:31','2021-04-11 19:01:31'),(2097,1,'vi','plugins/contact/contact','new_msg_notice','Bạn có <span class=\"bold\">:count</span> tin nhắn mới','2021-04-11 19:01:31','2021-04-11 19:01:31'),(2098,1,'vi','plugins/contact/contact','phone','Điện thoại','2021-04-11 19:01:31','2021-04-11 19:01:31'),(2099,1,'vi','plugins/contact/contact','statuses.read','Đã đọc','2021-04-11 19:01:31','2021-04-11 19:01:31'),(2100,1,'vi','plugins/contact/contact','statuses.unread','Chưa đọc','2021-04-11 19:01:31','2021-04-11 19:01:31'),(2101,1,'vi','plugins/contact/contact','view_all','Xem tất cả','2021-04-11 19:01:31','2021-04-11 19:01:31'),(2102,1,'vi','plugins/contact/contact','settings.email.title','Liên hệ','2021-04-11 19:01:31','2021-04-11 19:01:31'),(2103,1,'vi','plugins/contact/contact','settings.email.description','Cấu hình thông tin cho mục liên hệ','2021-04-11 19:01:31','2021-04-11 19:01:31'),(2104,1,'vi','plugins/contact/contact','settings.email.templates.notice_title','Thông báo tới admin','2021-04-11 19:01:31','2021-04-11 19:01:31'),(2105,1,'vi','plugins/contact/contact','settings.email.templates.notice_description','Mẫu nội dung email gửi tới admin khi có liên hệ mới','2021-04-11 19:01:31','2021-04-11 19:01:31'),(2106,1,'en','plugins/cookie-consent/cookie-consent','theme_options.name','Cookie Consent','2021-04-11 19:01:31','2021-04-11 19:01:31'),(2107,1,'en','plugins/cookie-consent/cookie-consent','theme_options.description','Cookie consent settings','2021-04-11 19:01:31','2021-04-11 19:01:31'),(2108,1,'en','plugins/cookie-consent/cookie-consent','theme_options.enable','Enable cookie consent?','2021-04-11 19:01:31','2021-04-11 19:01:31'),(2109,1,'en','plugins/cookie-consent/cookie-consent','theme_options.message','Message','2021-04-11 19:01:31','2021-04-11 19:01:31'),(2110,1,'en','plugins/cookie-consent/cookie-consent','theme_options.button_text','Button text','2021-04-11 19:01:31','2021-04-11 19:01:31'),(2111,1,'en','plugins/cookie-consent/cookie-consent','theme_options.max_width','Max width (px)','2021-04-11 19:01:31','2021-04-11 19:01:31'),(2112,1,'en','plugins/cookie-consent/cookie-consent','theme_options.background_color','Background color','2021-04-11 19:01:31','2021-04-11 19:01:31'),(2113,1,'en','plugins/cookie-consent/cookie-consent','theme_options.text_color','Text color','2021-04-11 19:01:31','2021-04-11 19:01:31'),(2114,1,'en','plugins/cookie-consent/cookie-consent','theme_options.learn_more_url','Learn more URL','2021-04-11 19:01:31','2021-04-11 19:01:31'),(2115,1,'en','plugins/cookie-consent/cookie-consent','theme_options.learn_more_text','Learn more text','2021-04-11 19:01:31','2021-04-11 19:01:31'),(2116,1,'en','plugins/cookie-consent/cookie-consent','message','Your experience on this site will be improved by allowing cookies.','2021-04-11 19:01:31','2021-04-11 19:01:31'),(2117,1,'en','plugins/cookie-consent/cookie-consent','button_text','Allow cookies','2021-04-11 19:01:31','2021-04-11 19:01:31'),(2118,1,'en','plugins/ecommerce/brands','name','Brands','2021-04-11 19:01:31','2021-04-11 19:01:31'),(2119,1,'en','plugins/ecommerce/brands','create','New brand','2021-04-11 19:01:31','2021-04-11 19:01:31'),(2120,1,'en','plugins/ecommerce/brands','edit','Edit brand','2021-04-11 19:01:31','2021-04-11 19:01:31'),(2121,1,'en','plugins/ecommerce/brands','form.name','Name','2021-04-11 19:01:31','2021-04-11 19:01:31'),(2122,1,'en','plugins/ecommerce/brands','form.name_placeholder','Brand\'s name (Maximum 255 characters)','2021-04-11 19:01:31','2021-04-11 19:01:31'),(2123,1,'en','plugins/ecommerce/brands','form.description','Description','2021-04-11 19:01:31','2021-04-11 19:01:31'),(2124,1,'en','plugins/ecommerce/brands','form.description_placeholder','Short description for brand (Maximum 400 characters)','2021-04-11 19:01:31','2021-04-11 19:01:31'),(2125,1,'en','plugins/ecommerce/brands','form.website','Website','2021-04-11 19:01:31','2021-04-11 19:01:31'),(2126,1,'en','plugins/ecommerce/brands','form.logo','Logo','2021-04-11 19:01:31','2021-04-11 19:01:31'),(2127,1,'en','plugins/ecommerce/brands','form.is_featured','Is featured','2021-04-11 19:01:31','2021-04-11 19:01:31'),(2128,1,'en','plugins/ecommerce/brands','logo','Logo','2021-04-11 19:01:31','2021-04-11 19:01:31'),(2129,1,'en','plugins/ecommerce/brands','website','Website','2021-04-11 19:01:31','2021-04-11 19:01:31'),(2130,1,'en','plugins/ecommerce/brands','notices.no_select','Please select at least one record to take this action!','2021-04-11 19:01:31','2021-04-11 19:01:31'),(2131,1,'en','plugins/ecommerce/brands','notices.update_success_message','Update successfully','2021-04-11 19:01:31','2021-04-11 19:01:31'),(2132,1,'en','plugins/ecommerce/brands','cannot_delete','Brand could not be deleted','2021-04-11 19:01:31','2021-04-11 19:01:31'),(2133,1,'en','plugins/ecommerce/brands','brand_deleted','Brand deleted','2021-04-11 19:01:31','2021-04-11 19:01:31'),(2134,1,'en','plugins/ecommerce/brands','menu','Brands','2021-04-11 19:01:31','2021-04-11 19:01:31'),(2135,1,'en','plugins/ecommerce/brands','no_brand','No brand','2021-04-11 19:01:31','2021-04-11 19:01:31'),(2136,1,'en','plugins/ecommerce/brands','intro.title','Manage brands','2021-04-11 19:01:31','2021-04-11 19:01:31'),(2137,1,'en','plugins/ecommerce/brands','intro.description','Manage product brands such as Nike, Adidas, Bitis ...','2021-04-11 19:01:31','2021-04-11 19:01:31'),(2138,1,'en','plugins/ecommerce/brands','intro.button_text','Create brand','2021-04-11 19:01:31','2021-04-11 19:01:31'),(2139,1,'en','plugins/ecommerce/currency','currencies','Currencies','2021-04-11 19:01:31','2021-04-11 19:01:31'),(2140,1,'en','plugins/ecommerce/currency','setting_description','List of currencies using on website','2021-04-11 19:01:31','2021-04-11 19:01:31'),(2141,1,'en','plugins/ecommerce/currency','name','Name','2021-04-11 19:01:31','2021-04-11 19:01:31'),(2142,1,'en','plugins/ecommerce/currency','symbol','Symbol','2021-04-11 19:01:31','2021-04-11 19:01:31'),(2143,1,'en','plugins/ecommerce/currency','number_of_decimals','Number of decimals','2021-04-11 19:01:31','2021-04-11 19:01:31'),(2144,1,'en','plugins/ecommerce/currency','exchange_rate','Exchange rate','2021-04-11 19:01:31','2021-04-11 19:01:31'),(2145,1,'en','plugins/ecommerce/currency','is_prefix_symbol','Position of symbol','2021-04-11 19:01:31','2021-04-11 19:01:31'),(2146,1,'en','plugins/ecommerce/currency','is_default','Is default?','2021-04-11 19:01:31','2021-04-11 19:01:31'),(2147,1,'en','plugins/ecommerce/currency','remove','Remove','2021-04-11 19:01:31','2021-04-11 19:01:31'),(2148,1,'en','plugins/ecommerce/currency','new_currency','Add a new currency','2021-04-11 19:01:31','2021-04-11 19:01:31'),(2149,1,'en','plugins/ecommerce/currency','save_settings','Save settings','2021-04-11 19:01:31','2021-04-11 19:01:31'),(2150,1,'en','plugins/ecommerce/currency','before_number','Before number','2021-04-11 19:01:31','2021-04-11 19:01:31'),(2151,1,'en','plugins/ecommerce/currency','after_number','After number','2021-04-11 19:01:31','2021-04-11 19:01:31'),(2152,1,'en','plugins/ecommerce/customer','name','Customers','2021-04-11 19:01:31','2021-04-11 19:01:31'),(2153,1,'en','plugins/ecommerce/customer','create','Create a customer','2021-04-11 19:01:31','2021-04-11 19:01:31'),(2154,1,'en','plugins/ecommerce/customer','edit','Edit customer \":name\"','2021-04-11 19:01:31','2021-04-11 19:01:31'),(2155,1,'en','plugins/ecommerce/customer','email','Email','2021-04-11 19:01:31','2021-04-11 19:01:31'),(2156,1,'en','plugins/ecommerce/customer','email_placeholder','Ex: example@gmail.com','2021-04-11 19:01:31','2021-04-11 19:01:31'),(2157,1,'en','plugins/ecommerce/customer','password','Password','2021-04-11 19:01:31','2021-04-11 19:01:31'),(2158,1,'en','plugins/ecommerce/customer','change_password','Change password?','2021-04-11 19:01:31','2021-04-11 19:01:31'),(2159,1,'en','plugins/ecommerce/customer','password_confirmation','Password confirmation','2021-04-11 19:01:31','2021-04-11 19:01:31'),(2160,1,'en','plugins/ecommerce/customer','intro.title','Manage customers','2021-04-11 19:01:31','2021-04-11 19:01:31'),(2161,1,'en','plugins/ecommerce/customer','intro.description','When a customer buy your product(s), you will know their order histories.','2021-04-11 19:01:31','2021-04-11 19:01:31'),(2162,1,'en','plugins/ecommerce/customer','intro.button_text','Create customer','2021-04-11 19:01:31','2021-04-11 19:01:31'),(2163,1,'en','plugins/ecommerce/discount','name','Discounts','2021-04-11 19:01:31','2021-04-11 19:01:31'),(2164,1,'en','plugins/ecommerce/discount','create','Create discount','2021-04-11 19:01:31','2021-04-11 19:01:31'),(2165,1,'en','plugins/ecommerce/discount','invalid_coupon','This coupon is invalid or expired!','2021-04-11 19:01:31','2021-04-11 19:01:31'),(2166,1,'en','plugins/ecommerce/discount','cannot_use_same_time_with_other_discount_program','Cannot use this coupon in the same time with other discount program!','2021-04-11 19:01:31','2021-04-11 19:01:31'),(2167,1,'en','plugins/ecommerce/discount','not_used','This coupon is not used yet!','2021-04-11 19:01:31','2021-04-11 19:01:31'),(2168,1,'en','plugins/ecommerce/discount','detail','Detail','2021-04-11 19:01:31','2021-04-11 19:01:31'),(2169,1,'en','plugins/ecommerce/discount','used','Used','2021-04-11 19:01:31','2021-04-11 19:01:31'),(2170,1,'en','plugins/ecommerce/discount','start_date','Start date','2021-04-11 19:01:31','2021-04-11 19:01:31'),(2171,1,'en','plugins/ecommerce/discount','end_date','End date','2021-04-11 19:01:31','2021-04-11 19:01:31'),(2172,1,'en','plugins/ecommerce/discount','intro.title','Manage discount/coupon code','2021-04-11 19:01:31','2021-04-11 19:01:31'),(2173,1,'en','plugins/ecommerce/discount','intro.description','Create coupon code or promotion for your products.','2021-04-11 19:01:31','2021-04-11 19:01:31'),(2174,1,'en','plugins/ecommerce/discount','intro.button_text','Create discount','2021-04-11 19:01:31','2021-04-11 19:01:31'),(2175,1,'en','plugins/ecommerce/discount','discount','Discount','2021-04-11 19:01:31','2021-04-11 19:01:31'),(2176,1,'en','plugins/ecommerce/discount','expired','Expired','2021-04-11 19:01:31','2021-04-11 19:01:31'),(2177,1,'en','plugins/ecommerce/discount','coupon_code','Coupon code','2021-04-11 19:01:31','2021-04-11 19:01:31'),(2178,1,'en','plugins/ecommerce/discount','discount_promotion','Discount promotion','2021-04-11 19:01:31','2021-04-11 19:01:31'),(2179,1,'en','plugins/ecommerce/discount','can','can','2021-04-11 19:01:31','2021-04-11 19:01:31'),(2180,1,'en','plugins/ecommerce/discount','cannot','cannot','2021-04-11 19:01:31','2021-04-11 19:01:31'),(2181,1,'en','plugins/ecommerce/discount','use_with_promotion','be used with promotion','2021-04-11 19:01:31','2021-04-11 19:01:31'),(2182,1,'en','plugins/ecommerce/discount','create_discount_validate_title_required_if','Please enter the name of the promotion','2021-04-11 19:01:31','2021-04-11 19:01:31'),(2183,1,'en','plugins/ecommerce/discount','create_discount_validate_code_required_if','Please enter the promotion code','2021-04-11 19:01:31','2021-04-11 19:01:31'),(2184,1,'en','plugins/ecommerce/discount','create_discount_validate_value_required','Amount must be greater than 0','2021-04-11 19:01:31','2021-04-11 19:01:31'),(2185,1,'en','plugins/ecommerce/discount','create_discount_validate_target_required','No object selected for promotion','2021-04-11 19:01:31','2021-04-11 19:01:31'),(2186,1,'en','plugins/ecommerce/ecommerce','settings','Settings','2021-04-11 19:01:31','2021-04-11 19:01:31'),(2187,1,'en','plugins/ecommerce/ecommerce','name','Ecommerce','2021-04-11 19:01:31','2021-04-11 19:01:31'),(2188,1,'en','plugins/ecommerce/ecommerce','setting.email.title','E-commerce','2021-04-11 19:01:31','2021-04-11 19:01:31'),(2189,1,'en','plugins/ecommerce/ecommerce','setting.email.description','Ecommerce email config','2021-04-11 19:01:31','2021-04-11 19:01:31'),(2190,1,'en','plugins/ecommerce/ecommerce','setting.email.order_confirm_subject','Subject of order confirmation email','2021-04-11 19:01:31','2021-04-11 19:01:31'),(2191,1,'en','plugins/ecommerce/ecommerce','setting.email.order_confirm_subject_placeholder','The subject of email confirmation send to the customer','2021-04-11 19:01:31','2021-04-11 19:01:31'),(2192,1,'en','plugins/ecommerce/ecommerce','setting.email.order_confirm_content','Content of order confirmation email','2021-04-11 19:01:31','2021-04-11 19:01:31'),(2193,1,'en','plugins/ecommerce/ecommerce','setting.email.order_status_change_subject','Subject of email when changing order\'s status','2021-04-11 19:01:31','2021-04-11 19:01:31'),(2194,1,'en','plugins/ecommerce/ecommerce','setting.email.order_status_change_subject_placeholder','Subject of email when changing order\'s status send to customer','2021-04-11 19:01:31','2021-04-11 19:01:31'),(2195,1,'en','plugins/ecommerce/ecommerce','setting.email.order_status_change_content','Content of email when changing order\'s status','2021-04-11 19:01:31','2021-04-11 19:01:31'),(2196,1,'en','plugins/ecommerce/ecommerce','setting.email.from_email','Email from','2021-04-11 19:01:31','2021-04-11 19:01:31'),(2197,1,'en','plugins/ecommerce/ecommerce','setting.email.from_email_placeholder','Email from address to display in mail. Ex: example@gmail.com','2021-04-11 19:01:31','2021-04-11 19:01:31'),(2198,1,'en','plugins/ecommerce/ecommerce','setting.title','Basic information','2021-04-11 19:01:31','2021-04-11 19:01:31'),(2199,1,'en','plugins/ecommerce/ecommerce','setting.state','State','2021-04-11 19:01:31','2021-04-11 19:01:31'),(2200,1,'en','plugins/ecommerce/ecommerce','setting.city','City','2021-04-11 19:01:31','2021-04-11 19:01:31'),(2201,1,'en','plugins/ecommerce/ecommerce','setting.country','Country','2021-04-11 19:01:31','2021-04-11 19:01:31'),(2202,1,'en','plugins/ecommerce/ecommerce','setting.select country','Select a country...','2021-04-11 19:01:31','2021-04-11 19:01:31'),(2203,1,'en','plugins/ecommerce/ecommerce','setting.weight_unit_gram','Gram (g)','2021-04-11 19:01:31','2021-04-11 19:01:31'),(2204,1,'en','plugins/ecommerce/ecommerce','setting.weight_unit_kilogram','Kilogram (kg)','2021-04-11 19:01:31','2021-04-11 19:01:31'),(2205,1,'en','plugins/ecommerce/ecommerce','setting.height_unit_cm','Centimeter (cm)','2021-04-11 19:01:31','2021-04-11 19:01:31'),(2206,1,'en','plugins/ecommerce/ecommerce','setting.height_unit_m','Meter (m)','2021-04-11 19:01:31','2021-04-11 19:01:31'),(2207,1,'en','plugins/ecommerce/ecommerce','setting.store_locator_title','Store locators','2021-04-11 19:01:31','2021-04-11 19:01:31'),(2208,1,'en','plugins/ecommerce/ecommerce','setting.store_locator_description','All the lists of your chains, main stores, branches, etc. The locations can be used to track sales and to help us configure tax rates to charge when selling products.','2021-04-11 19:01:31','2021-04-11 19:01:31'),(2209,1,'en','plugins/ecommerce/ecommerce','setting.phone','Phone','2021-04-11 19:01:31','2021-04-11 19:01:31'),(2210,1,'en','plugins/ecommerce/ecommerce','setting.address','Address','2021-04-11 19:01:31','2021-04-11 19:01:31'),(2211,1,'en','plugins/ecommerce/ecommerce','setting.is_primary','Primary?','2021-04-11 19:01:31','2021-04-11 19:01:31'),(2212,1,'en','plugins/ecommerce/ecommerce','setting.add_new','Add new','2021-04-11 19:01:31','2021-04-11 19:01:31'),(2213,1,'en','plugins/ecommerce/ecommerce','setting.or','Or','2021-04-11 19:01:31','2021-04-11 19:01:31'),(2214,1,'en','plugins/ecommerce/ecommerce','setting.change_primary_store','change default store locator','2021-04-11 19:01:31','2021-04-11 19:01:31'),(2215,1,'en','plugins/ecommerce/ecommerce','setting.other_settings','Other settings','2021-04-11 19:01:31','2021-04-11 19:01:31'),(2216,1,'en','plugins/ecommerce/ecommerce','setting.other_settings_description','Settings for cart, review...','2021-04-11 19:01:31','2021-04-11 19:01:31'),(2217,1,'en','plugins/ecommerce/ecommerce','setting.enable_cart','Enable shopping cart?','2021-04-11 19:01:31','2021-04-11 19:01:31'),(2218,1,'en','plugins/ecommerce/ecommerce','setting.enable_tax','Enable tax?','2021-04-11 19:01:31','2021-04-11 19:01:31'),(2219,1,'en','plugins/ecommerce/ecommerce','setting.display_product_price_including_taxes','Display product price including taxes?','2021-04-11 19:01:31','2021-04-11 19:01:31'),(2220,1,'en','plugins/ecommerce/ecommerce','setting.enable_review','Enable review?','2021-04-11 19:01:31','2021-04-11 19:01:31'),(2221,1,'en','plugins/ecommerce/ecommerce','setting.enable_quick_buy_button','Enable quick buy button?','2021-04-11 19:01:31','2021-04-11 19:01:31'),(2222,1,'en','plugins/ecommerce/ecommerce','setting.quick_buy_target','Quick buy target page?','2021-04-11 19:01:31','2021-04-11 19:01:31'),(2223,1,'en','plugins/ecommerce/ecommerce','setting.checkout_page','Checkout page','2021-04-11 19:01:31','2021-04-11 19:01:31'),(2224,1,'en','plugins/ecommerce/ecommerce','setting.cart_page','Cart page','2021-04-11 19:01:31','2021-04-11 19:01:31'),(2225,1,'en','plugins/ecommerce/ecommerce','setting.add_location','Add location','2021-04-11 19:01:31','2021-04-11 19:01:31'),(2226,1,'en','plugins/ecommerce/ecommerce','setting.edit_location','Edit location','2021-04-11 19:01:31','2021-04-11 19:01:31'),(2227,1,'en','plugins/ecommerce/ecommerce','setting.delete_location','Delete location','2021-04-11 19:01:31','2021-04-11 19:01:31'),(2228,1,'en','plugins/ecommerce/ecommerce','setting.change_primary_location','Change primary location','2021-04-11 19:01:31','2021-04-11 19:01:31'),(2229,1,'en','plugins/ecommerce/ecommerce','setting.delete_location_confirmation','Are you sure you want to delete this location? This action cannot be undo.','2021-04-11 19:01:31','2021-04-11 19:01:31'),(2230,1,'en','plugins/ecommerce/ecommerce','setting.save_location','Save location','2021-04-11 19:01:31','2021-04-11 19:01:31'),(2231,1,'en','plugins/ecommerce/ecommerce','setting.accept','Accept','2021-04-11 19:01:31','2021-04-11 19:01:31'),(2232,1,'en','plugins/ecommerce/ecommerce','setting.select_country','Select country','2021-04-11 19:01:31','2021-04-11 19:01:31'),(2233,1,'en','plugins/ecommerce/ecommerce','setting.zip_code_enabled','Enable Zip Code?','2021-04-11 19:01:31','2021-04-11 19:01:31'),(2234,1,'en','plugins/ecommerce/ecommerce','setting.thousands_separator','Thousands separator','2021-04-11 19:01:31','2021-04-11 19:01:31'),(2235,1,'en','plugins/ecommerce/ecommerce','setting.decimal_separator','Decimal separator','2021-04-11 19:01:31','2021-04-11 19:01:31'),(2236,1,'en','plugins/ecommerce/ecommerce','setting.separator_period','Period (.)','2021-04-11 19:01:31','2021-04-11 19:01:31'),(2237,1,'en','plugins/ecommerce/ecommerce','setting.separator_comma','Comma (,)','2021-04-11 19:01:31','2021-04-11 19:01:31'),(2238,1,'en','plugins/ecommerce/ecommerce','setting.separator_space','Space ( )','2021-04-11 19:01:31','2021-04-11 19:01:31'),(2239,1,'en','plugins/ecommerce/ecommerce','setting.available_countries','Available countries','2021-04-11 19:01:31','2021-04-11 19:01:31'),(2240,1,'en','plugins/ecommerce/ecommerce','setting.all','All','2021-04-11 19:01:31','2021-04-11 19:01:31'),(2241,1,'en','plugins/ecommerce/ecommerce','setting.verify_customer_email','Verify customer\' email?','2021-04-11 19:01:31','2021-04-11 19:01:31'),(2242,1,'en','plugins/ecommerce/ecommerce','store_address','Store address','2021-04-11 19:01:31','2021-04-11 19:01:31'),(2243,1,'en','plugins/ecommerce/ecommerce','store_phone','Store phone','2021-04-11 19:01:31','2021-04-11 19:01:31'),(2244,1,'en','plugins/ecommerce/ecommerce','order_id','Order ID','2021-04-11 19:01:31','2021-04-11 19:01:31'),(2245,1,'en','plugins/ecommerce/ecommerce','order_token','Order token','2021-04-11 19:01:31','2021-04-11 19:01:31'),(2246,1,'en','plugins/ecommerce/ecommerce','customer_name','Customer name','2021-04-11 19:01:31','2021-04-11 19:01:31'),(2247,1,'en','plugins/ecommerce/ecommerce','customer_email','Customer email','2021-04-11 19:01:31','2021-04-11 19:01:31'),(2248,1,'en','plugins/ecommerce/ecommerce','customer_phone','Customer phone','2021-04-11 19:01:31','2021-04-11 19:01:31'),(2249,1,'en','plugins/ecommerce/ecommerce','customer_address','Customer address','2021-04-11 19:01:31','2021-04-11 19:01:31'),(2250,1,'en','plugins/ecommerce/ecommerce','product_list','List products in order','2021-04-11 19:01:31','2021-04-11 19:01:31'),(2251,1,'en','plugins/ecommerce/ecommerce','payment_detail','Payment detail','2021-04-11 19:01:31','2021-04-11 19:01:31'),(2252,1,'en','plugins/ecommerce/ecommerce','shipping_method','Shipping method','2021-04-11 19:01:31','2021-04-11 19:01:31'),(2253,1,'en','plugins/ecommerce/ecommerce','payment_method','Payment method','2021-04-11 19:01:31','2021-04-11 19:01:31'),(2254,1,'en','plugins/ecommerce/ecommerce','standard_and_format','Standard & Format','2021-04-11 19:01:31','2021-04-11 19:01:31'),(2255,1,'en','plugins/ecommerce/ecommerce','standard_and_format_description','Standards and formats are used to calculate things like product prices, shipping weights, and order times.','2021-04-11 19:01:31','2021-04-11 19:01:31'),(2256,1,'en','plugins/ecommerce/ecommerce','change_order_format','Edit order code format (optional)','2021-04-11 19:01:31','2021-04-11 19:01:31'),(2257,1,'en','plugins/ecommerce/ecommerce','change_order_format_description','The default order code starts at: number. You can change the start or end string to create the order code you want, for example \"DH-: number\" or \": number-A\"','2021-04-11 19:01:31','2021-04-11 19:01:31'),(2258,1,'en','plugins/ecommerce/ecommerce','start_with','Start with','2021-04-11 19:01:32','2021-04-11 19:01:32'),(2259,1,'en','plugins/ecommerce/ecommerce','end_with','End with','2021-04-11 19:01:32','2021-04-11 19:01:32'),(2260,1,'en','plugins/ecommerce/ecommerce','order_will_be_shown','Your order code will be shown','2021-04-11 19:01:32','2021-04-11 19:01:32'),(2261,1,'en','plugins/ecommerce/ecommerce','weight_unit','Unit of weight','2021-04-11 19:01:32','2021-04-11 19:01:32'),(2262,1,'en','plugins/ecommerce/ecommerce','height_unit','Unit length / height','2021-04-11 19:01:32','2021-04-11 19:01:32'),(2263,1,'en','plugins/ecommerce/ecommerce','theme_options.name','Ecommerce','2021-04-11 19:01:32','2021-04-11 19:01:32'),(2264,1,'en','plugins/ecommerce/ecommerce','theme_options.description','Theme options for Ecommerce','2021-04-11 19:01:32','2021-04-11 19:01:32'),(2265,1,'en','plugins/ecommerce/ecommerce','theme_options.number_products_per_page','Number of products per page','2021-04-11 19:01:32','2021-04-11 19:01:32'),(2266,1,'en','plugins/ecommerce/ecommerce','theme_options.max_price_filter','Maximum price to filter','2021-04-11 19:01:32','2021-04-11 19:01:32'),(2267,1,'en','plugins/ecommerce/email','customer_new_order_title','Order confirmation','2021-04-11 19:01:32','2021-04-11 19:01:32'),(2268,1,'en','plugins/ecommerce/email','customer_new_order_description','Send email confirmation to customer when an order placed','2021-04-11 19:01:32','2021-04-11 19:01:32'),(2269,1,'en','plugins/ecommerce/email','order_cancellation_title','Order cancellation','2021-04-11 19:01:32','2021-04-11 19:01:32'),(2270,1,'en','plugins/ecommerce/email','order_cancellation_description','Send to custom when they cancelled order','2021-04-11 19:01:32','2021-04-11 19:01:32'),(2271,1,'en','plugins/ecommerce/email','delivery_confirmation_title','Delivering confirmation','2021-04-11 19:01:32','2021-04-11 19:01:32'),(2272,1,'en','plugins/ecommerce/email','delivery_confirmation_description','Send to customer when order is delivering','2021-04-11 19:01:32','2021-04-11 19:01:32'),(2273,1,'en','plugins/ecommerce/email','admin_new_order_title','Notice about new order','2021-04-11 19:01:32','2021-04-11 19:01:32'),(2274,1,'en','plugins/ecommerce/email','admin_new_order_description','Send to administrators when an order placed','2021-04-11 19:01:32','2021-04-11 19:01:32'),(2275,1,'en','plugins/ecommerce/email','order_confirmation_title','Order confirmation','2021-04-11 19:01:32','2021-04-11 19:01:32'),(2276,1,'en','plugins/ecommerce/email','order_confirmation_description','Send to customer when they order was confirmed by admins','2021-04-11 19:01:32','2021-04-11 19:01:32'),(2277,1,'en','plugins/ecommerce/email','payment_confirmation_title','Payment confirmation','2021-04-11 19:01:32','2021-04-11 19:01:32'),(2278,1,'en','plugins/ecommerce/email','payment_confirmation_description','Send to customer when their payment was confirmed','2021-04-11 19:01:32','2021-04-11 19:01:32'),(2279,1,'en','plugins/ecommerce/email','order_recover_title','Incomplete order','2021-04-11 19:01:32','2021-04-11 19:01:32'),(2280,1,'en','plugins/ecommerce/email','order_recover_description','Send to custom to remind them about incomplete orders','2021-04-11 19:01:32','2021-04-11 19:01:32'),(2281,1,'en','plugins/ecommerce/flash-sale','name','Flash sales','2021-04-11 19:01:32','2021-04-11 19:01:32'),(2282,1,'en','plugins/ecommerce/flash-sale','create','New flash sale','2021-04-11 19:01:32','2021-04-11 19:01:32'),(2283,1,'en','plugins/ecommerce/flash-sale','edit','Edit flash sale','2021-04-11 19:01:32','2021-04-11 19:01:32'),(2284,1,'en','plugins/ecommerce/flash-sale','products','Products','2021-04-11 19:01:32','2021-04-11 19:01:32'),(2285,1,'en','plugins/ecommerce/order','statuses.pending','Pending','2021-04-11 19:01:32','2021-04-11 19:01:32'),(2286,1,'en','plugins/ecommerce/order','statuses.processing','Processing','2021-04-11 19:01:32','2021-04-11 19:01:32'),(2287,1,'en','plugins/ecommerce/order','statuses.delivering','Delivering','2021-04-11 19:01:32','2021-04-11 19:01:32'),(2288,1,'en','plugins/ecommerce/order','statuses.delivered','Delivered','2021-04-11 19:01:32','2021-04-11 19:01:32'),(2289,1,'en','plugins/ecommerce/order','statuses.completed','Completed','2021-04-11 19:01:32','2021-04-11 19:01:32'),(2290,1,'en','plugins/ecommerce/order','statuses.canceled','Canceled','2021-04-11 19:01:32','2021-04-11 19:01:32'),(2291,1,'en','plugins/ecommerce/order','name','Orders','2021-04-11 19:01:32','2021-04-11 19:01:32'),(2292,1,'en','plugins/ecommerce/order','create','Create an order','2021-04-11 19:01:32','2021-04-11 19:01:32'),(2293,1,'en','plugins/ecommerce/order','customer.messages.cancel_error','The order is delivering or completed','2021-04-11 19:01:32','2021-04-11 19:01:32'),(2294,1,'en','plugins/ecommerce/order','customer.messages.cancel_success','You do cancel the order successful','2021-04-11 19:01:32','2021-04-11 19:01:32'),(2295,1,'en','plugins/ecommerce/order','incomplete_order','Incomplete orders','2021-04-11 19:01:32','2021-04-11 19:01:32'),(2296,1,'en','plugins/ecommerce/order','order_id','Order ID','2021-04-11 19:01:32','2021-04-11 19:01:32'),(2297,1,'en','plugins/ecommerce/order','product_id','Product ID','2021-04-11 19:01:32','2021-04-11 19:01:32'),(2298,1,'en','plugins/ecommerce/order','customer_label','Customer','2021-04-11 19:01:32','2021-04-11 19:01:32'),(2299,1,'en','plugins/ecommerce/order','amount','Amount','2021-04-11 19:01:32','2021-04-11 19:01:32'),(2300,1,'en','plugins/ecommerce/order','tax_amount','Tax Amount','2021-04-11 19:01:32','2021-04-11 19:01:32'),(2301,1,'en','plugins/ecommerce/order','shipping_amount','Shipping amount','2021-04-11 19:01:32','2021-04-11 19:01:32'),(2302,1,'en','plugins/ecommerce/order','payment_method','Payment method','2021-04-11 19:01:32','2021-04-11 19:01:32'),(2303,1,'en','plugins/ecommerce/order','payment_status_label','Payment status','2021-04-11 19:01:32','2021-04-11 19:01:32'),(2304,1,'en','plugins/ecommerce/order','manage_orders','Manage orders','2021-04-11 19:01:32','2021-04-11 19:01:32'),(2305,1,'en','plugins/ecommerce/order','order_intro_description','Once your store has orders, this is where you will process and track those orders.','2021-04-11 19:01:32','2021-04-11 19:01:32'),(2306,1,'en','plugins/ecommerce/order','create_new_order','Create a new order','2021-04-11 19:01:32','2021-04-11 19:01:32'),(2307,1,'en','plugins/ecommerce/order','manage_incomplete_orders','Manage incomplete orders','2021-04-11 19:01:32','2021-04-11 19:01:32'),(2308,1,'en','plugins/ecommerce/order','incomplete_orders_intro_description','Incomplete order is an order created when a customer adds a product to the cart, proceeds to fill out the purchase information but does not complete the checkout process.','2021-04-11 19:01:32','2021-04-11 19:01:32'),(2309,1,'en','plugins/ecommerce/order','invoice_for_order','Invoice for order','2021-04-11 19:01:32','2021-04-11 19:01:32'),(2310,1,'en','plugins/ecommerce/order','created','Created','2021-04-11 19:01:32','2021-04-11 19:01:32'),(2311,1,'en','plugins/ecommerce/order','invoice','Invoice','2021-04-11 19:01:32','2021-04-11 19:01:32'),(2312,1,'en','plugins/ecommerce/order','return','Return','2021-04-11 19:01:32','2021-04-11 19:01:32'),(2313,1,'en','plugins/ecommerce/order','total_refund_amount','Total refund amount','2021-04-11 19:01:32','2021-04-11 19:01:32'),(2314,1,'en','plugins/ecommerce/order','total_amount_can_be_refunded','Total amount can be refunded','2021-04-11 19:01:32','2021-04-11 19:01:32'),(2315,1,'en','plugins/ecommerce/order','refund_reason','Refund reason (optional)','2021-04-11 19:01:32','2021-04-11 19:01:32'),(2316,1,'en','plugins/ecommerce/order','products','product(s)','2021-04-11 19:01:32','2021-04-11 19:01:32'),(2317,1,'en','plugins/ecommerce/order','see_on_maps','See on maps','2021-04-11 19:01:32','2021-04-11 19:01:32'),(2318,1,'en','plugins/ecommerce/order','order','Order','2021-04-11 19:01:32','2021-04-11 19:01:32'),(2319,1,'en','plugins/ecommerce/order','order_information','Order information','2021-04-11 19:01:32','2021-04-11 19:01:32'),(2320,1,'en','plugins/ecommerce/order','create_new_product','Create a new product','2021-04-11 19:01:32','2021-04-11 19:01:32'),(2321,1,'en','plugins/ecommerce/order','out_of_stock','Out of stock','2021-04-11 19:01:32','2021-04-11 19:01:32'),(2322,1,'en','plugins/ecommerce/order','products_available','product(s) available','2021-04-11 19:01:32','2021-04-11 19:01:32'),(2323,1,'en','plugins/ecommerce/order','no_products_found','No products found!','2021-04-11 19:01:32','2021-04-11 19:01:32'),(2324,1,'en','plugins/ecommerce/order','default','Default','2021-04-11 19:01:32','2021-04-11 19:01:32'),(2325,1,'en','plugins/ecommerce/order','system','System','2021-04-11 19:01:32','2021-04-11 19:01:32'),(2326,1,'en','plugins/ecommerce/order','new_order_from','New order :order_id from :customer','2021-04-11 19:01:32','2021-04-11 19:01:32'),(2327,1,'en','plugins/ecommerce/order','confirmation_email_was_sent_to_customer','The email confirmation was sent to customer','2021-04-11 19:01:32','2021-04-11 19:01:32'),(2328,1,'en','plugins/ecommerce/order','address_name_required','The name field is required.','2021-04-11 19:01:32','2021-04-11 19:01:32'),(2329,1,'en','plugins/ecommerce/order','address_phone_required','The phone field is required.','2021-04-11 19:01:32','2021-04-11 19:01:32'),(2330,1,'en','plugins/ecommerce/order','address_email_required','The email field is required.','2021-04-11 19:01:32','2021-04-11 19:01:32'),(2331,1,'en','plugins/ecommerce/order','address_email_unique','The customer with that email is existed, please choose other email or login with this email!','2021-04-11 19:01:32','2021-04-11 19:01:32'),(2332,1,'en','plugins/ecommerce/order','address_state_required','The state field is required.','2021-04-11 19:01:32','2021-04-11 19:01:32'),(2333,1,'en','plugins/ecommerce/order','address_city_required','The city field is required.','2021-04-11 19:01:32','2021-04-11 19:01:32'),(2334,1,'en','plugins/ecommerce/order','address_address_required','The address field is required.','2021-04-11 19:01:32','2021-04-11 19:01:32'),(2335,1,'en','plugins/ecommerce/order','create_order_from_payment_page','Order was created from checkout page','2021-04-11 19:01:32','2021-04-11 19:01:32'),(2336,1,'en','plugins/ecommerce/order','order_was_verified_by','Order was verified by %user_name%','2021-04-11 19:01:32','2021-04-11 19:01:32'),(2337,1,'en','plugins/ecommerce/order','new_order','New order :order_id','2021-04-11 19:01:32','2021-04-11 19:01:32'),(2338,1,'en','plugins/ecommerce/order','payment_was_confirmed_by','Payment was confirmed (amount :money) by %user_name%','2021-04-11 19:01:32','2021-04-11 19:01:32'),(2339,1,'en','plugins/ecommerce/order','edit_order','Edit order :code','2021-04-11 19:01:32','2021-04-11 19:01:32'),(2340,1,'en','plugins/ecommerce/order','confirm_order_success','Confirm order successfully!','2021-04-11 19:01:32','2021-04-11 19:01:32'),(2341,1,'en','plugins/ecommerce/order','error_when_sending_email','There is an error when sending email','2021-04-11 19:01:32','2021-04-11 19:01:32'),(2342,1,'en','plugins/ecommerce/order','sent_confirmation_email_success','Sent confirmation email successfully!','2021-04-11 19:01:32','2021-04-11 19:01:32'),(2343,1,'en','plugins/ecommerce/order','order_was_sent_to_shipping_team','Order was sent to shipping team','2021-04-11 19:01:32','2021-04-11 19:01:32'),(2344,1,'en','plugins/ecommerce/order','by_username','by %user_name%','2021-04-11 19:01:32','2021-04-11 19:01:32'),(2345,1,'en','plugins/ecommerce/order','shipping_was_created_from','Shipping was created from order %order_id%','2021-04-11 19:01:32','2021-04-11 19:01:32'),(2346,1,'en','plugins/ecommerce/order','shipping_was_canceled_success','Shipping was cancelled successfully!','2021-04-11 19:01:32','2021-04-11 19:01:32'),(2347,1,'en','plugins/ecommerce/order','shipping_was_canceled_by','Shipping was cancelled by %user_name%','2021-04-11 19:01:32','2021-04-11 19:01:32'),(2348,1,'en','plugins/ecommerce/order','update_shipping_address_success','Update shipping address successfully!','2021-04-11 19:01:32','2021-04-11 19:01:32'),(2349,1,'en','plugins/ecommerce/order','order_was_canceled_by','Order was cancelled by %user_name%','2021-04-11 19:01:32','2021-04-11 19:01:32'),(2350,1,'en','plugins/ecommerce/order','confirm_payment_success','Confirm payment successfully!','2021-04-11 19:01:32','2021-04-11 19:01:32'),(2351,1,'en','plugins/ecommerce/order','refund_amount_invalid','Refund amount must be lower or equal :price','2021-04-11 19:01:32','2021-04-11 19:01:32'),(2352,1,'en','plugins/ecommerce/order','number_of_products_invalid','Number of products refund is not valid!','2021-04-11 19:01:32','2021-04-11 19:01:32'),(2353,1,'en','plugins/ecommerce/order','cannot_found_payment_for_this_order','Cannot found payment for this order!','2021-04-11 19:01:32','2021-04-11 19:01:32'),(2354,1,'en','plugins/ecommerce/order','refund_success_with_price','Refund success :price','2021-04-11 19:01:32','2021-04-11 19:01:32'),(2355,1,'en','plugins/ecommerce/order','refund_success','Refund successfully!','2021-04-11 19:01:32','2021-04-11 19:01:32'),(2356,1,'en','plugins/ecommerce/order','order_is_not_existed','Order is not existed!','2021-04-11 19:01:32','2021-04-11 19:01:32'),(2357,1,'en','plugins/ecommerce/order','reorder','Reorder','2021-04-11 19:01:32','2021-04-11 19:01:32'),(2358,1,'en','plugins/ecommerce/order','sent_email_incomplete_order_success','Sent email to remind about incomplete order successfully!','2021-04-11 19:01:32','2021-04-11 19:01:32'),(2359,1,'en','plugins/ecommerce/order','applied_coupon_success','Applied coupon \":code\" successfully!','2021-04-11 19:01:32','2021-04-11 19:01:32'),(2360,1,'en','plugins/ecommerce/order','new_order_notice','You have <span class=\"bold\">:count</span> New Order(s)','2021-04-11 19:01:32','2021-04-11 19:01:32'),(2361,1,'en','plugins/ecommerce/order','view_all','View all','2021-04-11 19:01:32','2021-04-11 19:01:32'),(2362,1,'en','plugins/ecommerce/order','cancel_order','Cancel order','2021-04-11 19:01:32','2021-04-11 19:01:32'),(2363,1,'en','plugins/ecommerce/order','order_was_canceled_at','Order was canceled at','2021-04-11 19:01:32','2021-04-11 19:01:32'),(2364,1,'en','plugins/ecommerce/order','completed','Completed','2021-04-11 19:01:32','2021-04-11 19:01:32'),(2365,1,'en','plugins/ecommerce/order','uncompleted','Uncompleted','2021-04-11 19:01:32','2021-04-11 19:01:32'),(2366,1,'en','plugins/ecommerce/order','sku','SKU','2021-04-11 19:01:32','2021-04-11 19:01:32'),(2367,1,'en','plugins/ecommerce/order','shipping','Shipping','2021-04-11 19:01:32','2021-04-11 19:01:32'),(2368,1,'en','plugins/ecommerce/order','warehouse','Warehouse','2021-04-11 19:01:32','2021-04-11 19:01:32'),(2369,1,'en','plugins/ecommerce/order','sub_amount','Sub amount','2021-04-11 19:01:32','2021-04-11 19:01:32'),(2370,1,'en','plugins/ecommerce/order','discount','Discount','2021-04-11 19:01:32','2021-04-11 19:01:32'),(2371,1,'en','plugins/ecommerce/order','coupon_code','Coupon code: \":code\"','2021-04-11 19:01:32','2021-04-11 19:01:32'),(2372,1,'en','plugins/ecommerce/order','shipping_fee','Shipping fee','2021-04-11 19:01:32','2021-04-11 19:01:32'),(2373,1,'en','plugins/ecommerce/order','tax','Tax','2021-04-11 19:01:32','2021-04-11 19:01:32'),(2374,1,'en','plugins/ecommerce/order','total_amount','Total amount','2021-04-11 19:01:32','2021-04-11 19:01:32'),(2375,1,'en','plugins/ecommerce/order','paid_amount','Paid amount','2021-04-11 19:01:32','2021-04-11 19:01:32'),(2376,1,'en','plugins/ecommerce/order','refunded_amount','Refunded amount','2021-04-11 19:01:32','2021-04-11 19:01:32'),(2377,1,'en','plugins/ecommerce/order','amount_received','The amount actually received','2021-04-11 19:01:32','2021-04-11 19:01:32'),(2378,1,'en','plugins/ecommerce/order','download_invoice','Download invoice','2021-04-11 19:01:32','2021-04-11 19:01:32'),(2379,1,'en','plugins/ecommerce/order','note','Note','2021-04-11 19:01:32','2021-04-11 19:01:32'),(2380,1,'en','plugins/ecommerce/order','add_note','Add note...','2021-04-11 19:01:32','2021-04-11 19:01:32'),(2381,1,'en','plugins/ecommerce/order','save','Save','2021-04-11 19:01:32','2021-04-11 19:01:32'),(2382,1,'en','plugins/ecommerce/order','order_was_confirmed','Order was confirmed','2021-04-11 19:01:32','2021-04-11 19:01:32'),(2383,1,'en','plugins/ecommerce/order','confirm_order','Confirm order','2021-04-11 19:01:32','2021-04-11 19:01:32'),(2384,1,'en','plugins/ecommerce/order','confirm','Confirm','2021-04-11 19:01:32','2021-04-11 19:01:32'),(2385,1,'en','plugins/ecommerce/order','order_was_canceled','Order was canceled','2021-04-11 19:01:32','2021-04-11 19:01:32'),(2386,1,'en','plugins/ecommerce/order','pending_payment','Pending payment','2021-04-11 19:01:32','2021-04-11 19:01:32'),(2387,1,'en','plugins/ecommerce/order','payment_was_accepted','Payment :money was accepted','2021-04-11 19:01:32','2021-04-11 19:01:32'),(2388,1,'en','plugins/ecommerce/order','payment_was_refunded','Payment was refunded','2021-04-11 19:01:32','2021-04-11 19:01:32'),(2389,1,'en','plugins/ecommerce/order','confirm_payment','Confirm payment','2021-04-11 19:01:32','2021-04-11 19:01:32'),(2390,1,'en','plugins/ecommerce/order','refund','Refund','2021-04-11 19:01:32','2021-04-11 19:01:32'),(2391,1,'en','plugins/ecommerce/order','all_products_are_not_delivered','All products are not delivered','2021-04-11 19:01:32','2021-04-11 19:01:32'),(2392,1,'en','plugins/ecommerce/order','delivery','Delivery','2021-04-11 19:01:32','2021-04-11 19:01:32'),(2393,1,'en','plugins/ecommerce/order','history','History','2021-04-11 19:01:32','2021-04-11 19:01:32'),(2394,1,'en','plugins/ecommerce/order','order_number','Order number','2021-04-11 19:01:32','2021-04-11 19:01:32'),(2395,1,'en','plugins/ecommerce/order','description','Description','2021-04-11 19:01:32','2021-04-11 19:01:32'),(2396,1,'en','plugins/ecommerce/order','from','from','2021-04-11 19:01:32','2021-04-11 19:01:32'),(2397,1,'en','plugins/ecommerce/order','status','Status','2021-04-11 19:01:32','2021-04-11 19:01:32'),(2398,1,'en','plugins/ecommerce/order','successfully','Successfully','2021-04-11 19:01:32','2021-04-11 19:01:32'),(2399,1,'en','plugins/ecommerce/order','transaction_type','Transaction\'s type','2021-04-11 19:01:32','2021-04-11 19:01:32'),(2400,1,'en','plugins/ecommerce/order','staff','Staff','2021-04-11 19:01:32','2021-04-11 19:01:32'),(2401,1,'en','plugins/ecommerce/order','refund_date','Refund date','2021-04-11 19:01:32','2021-04-11 19:01:32'),(2402,1,'en','plugins/ecommerce/order','n_a','N\\A','2021-04-11 19:01:32','2021-04-11 19:01:32'),(2403,1,'en','plugins/ecommerce/order','payment_date','Payment date','2021-04-11 19:01:32','2021-04-11 19:01:32'),(2404,1,'en','plugins/ecommerce/order','payment_gateway','Payment gateway','2021-04-11 19:01:32','2021-04-11 19:01:32'),(2405,1,'en','plugins/ecommerce/order','transaction_amount','Transaction amount','2021-04-11 19:01:32','2021-04-11 19:01:32'),(2406,1,'en','plugins/ecommerce/order','resend','Resend','2021-04-11 19:01:32','2021-04-11 19:01:32'),(2407,1,'en','plugins/ecommerce/order','orders','Orders','2021-04-11 19:01:32','2021-04-11 19:01:32'),(2408,1,'en','plugins/ecommerce/order','shipping_address','Shipping address','2021-04-11 19:01:32','2021-04-11 19:01:32'),(2409,1,'en','plugins/ecommerce/order','default_store','Default store','2021-04-11 19:01:32','2021-04-11 19:01:32'),(2410,1,'en','plugins/ecommerce/order','update_address','Update address','2021-04-11 19:01:32','2021-04-11 19:01:32'),(2411,1,'en','plugins/ecommerce/order','cancel','Cancel','2021-04-11 19:01:32','2021-04-11 19:01:32'),(2412,1,'en','plugins/ecommerce/order','have_an_account_already','Have an account already','2021-04-11 19:01:32','2021-04-11 19:01:32'),(2413,1,'en','plugins/ecommerce/order','dont_have_an_account_yet','Don\'t have an account yet','2021-04-11 19:01:32','2021-04-11 19:01:32'),(2414,1,'en','plugins/ecommerce/order','mark_payment_as_confirmed','Mark <span>:method</span> as confirmed','2021-04-11 19:01:32','2021-04-11 19:01:32'),(2415,1,'en','plugins/ecommerce/order','resend_order_confirmation','Resend order confirmation','2021-04-11 19:01:32','2021-04-11 19:01:32'),(2416,1,'en','plugins/ecommerce/order','resend_order_confirmation_description','Confirmation email will be sent to <strong>:email</strong>?','2021-04-11 19:01:32','2021-04-11 19:01:32'),(2417,1,'en','plugins/ecommerce/order','send','Send','2021-04-11 19:01:32','2021-04-11 19:01:32'),(2418,1,'en','plugins/ecommerce/order','update','Update','2021-04-11 19:01:32','2021-04-11 19:01:32'),(2419,1,'en','plugins/ecommerce/order','cancel_shipping_confirmation','Cancel shipping confirmation?','2021-04-11 19:01:32','2021-04-11 19:01:32'),(2420,1,'en','plugins/ecommerce/order','cancel_shipping_confirmation_description','Cancel shipping confirmation?','2021-04-11 19:01:32','2021-04-11 19:01:32'),(2421,1,'en','plugins/ecommerce/order','cancel_order_confirmation','Cancel order confirmation?','2021-04-11 19:01:32','2021-04-11 19:01:32'),(2422,1,'en','plugins/ecommerce/order','cancel_order_confirmation_description','Are you sure you want to cancel this order? This action cannot rollback','2021-04-11 19:01:32','2021-04-11 19:01:32'),(2423,1,'en','plugins/ecommerce/order','confirm_payment_confirmation_description','Processed by <strong>:method</strong>. Did you receive payment outside the system? This payment won\'t be saved into system and cannot be refunded','2021-04-11 19:01:32','2021-04-11 19:01:32'),(2424,1,'en','plugins/ecommerce/order','save_note','Save note','2021-04-11 19:01:32','2021-04-11 19:01:32'),(2425,1,'en','plugins/ecommerce/order','order_note','Order note','2021-04-11 19:01:32','2021-04-11 19:01:32'),(2426,1,'en','plugins/ecommerce/order','order_note_placeholder','Note about order, ex: time or shipping instruction.','2021-04-11 19:01:32','2021-04-11 19:01:32'),(2427,1,'en','plugins/ecommerce/order','order_amount','Order amount','2021-04-11 19:01:32','2021-04-11 19:01:32'),(2428,1,'en','plugins/ecommerce/order','additional_information','Additional information','2021-04-11 19:01:32','2021-04-11 19:01:32'),(2429,1,'en','plugins/ecommerce/order','notice_about_incomplete_order','Notice about incomplete order','2021-04-11 19:01:32','2021-04-11 19:01:32'),(2430,1,'en','plugins/ecommerce/order','notice_about_incomplete_order_description','Remind email about uncompleted order will be send to <strong>:email</strong>?','2021-04-11 19:01:32','2021-04-11 19:01:32'),(2431,1,'en','plugins/ecommerce/order','incomplete_order_description_1','An incomplete order is when a potential customer places items in their shopping cart, and goes all the way through to the payment page, but then doesn\'t complete the transaction.','2021-04-11 19:01:32','2021-04-11 19:01:32'),(2432,1,'en','plugins/ecommerce/order','incomplete_order_description_2','If you have contacted customers and they want to continue buying, you can help them complete their order by following the link:','2021-04-11 19:01:32','2021-04-11 19:01:32'),(2433,1,'en','plugins/ecommerce/order','send_an_email_to_recover_this_order','Send an email to customer to recover this order','2021-04-11 19:01:32','2021-04-11 19:01:32'),(2434,1,'en','plugins/ecommerce/order','see_maps','See maps','2021-04-11 19:01:32','2021-04-11 19:01:32'),(2435,1,'en','plugins/ecommerce/order','one_or_more_products_dont_have_enough_quantity','One or more products don\'t have enough quantity!','2021-04-11 19:01:32','2021-04-11 19:01:32'),(2436,1,'en','plugins/ecommerce/payment','name','Payments','2021-04-11 19:01:32','2021-04-11 19:01:32'),(2437,1,'en','plugins/ecommerce/payment','payment_method','Payment methods','2021-04-11 19:01:32','2021-04-11 19:01:32'),(2438,1,'en','plugins/ecommerce/payment','view_payment','View payment #','2021-04-11 19:01:32','2021-04-11 19:01:32'),(2439,1,'en','plugins/ecommerce/payment','charge_id','Charge ID','2021-04-11 19:01:32','2021-04-11 19:01:32'),(2440,1,'en','plugins/ecommerce/payment','amount','Amount','2021-04-11 19:01:32','2021-04-11 19:01:32'),(2441,1,'en','plugins/ecommerce/payment','currency','Currency','2021-04-11 19:01:32','2021-04-11 19:01:32'),(2442,1,'en','plugins/ecommerce/payment','user','User','2021-04-11 19:01:32','2021-04-11 19:01:32'),(2443,1,'en','plugins/ecommerce/payment','paypal_name_required','PayPal\'s name is required!','2021-04-11 19:01:32','2021-04-11 19:01:32'),(2444,1,'en','plugins/ecommerce/payment','paypal_name_max','PayPal\'s name is too long!','2021-04-11 19:01:32','2021-04-11 19:01:32'),(2445,1,'en','plugins/ecommerce/payment','stripe_name_required','Stripe\'s name is required!','2021-04-11 19:01:32','2021-04-11 19:01:32'),(2446,1,'en','plugins/ecommerce/payment','stripe_name_max','Stripe\'s name is too long!','2021-04-11 19:01:32','2021-04-11 19:01:32'),(2447,1,'en','plugins/ecommerce/payment','status','Status','2021-04-11 19:01:32','2021-04-11 19:01:32'),(2448,1,'en','plugins/ecommerce/payment','enabled','Enabled','2021-04-11 19:01:32','2021-04-11 19:01:32'),(2449,1,'en','plugins/ecommerce/payment','disabled','Disabled','2021-04-11 19:01:32','2021-04-11 19:01:32'),(2450,1,'en','plugins/ecommerce/payment','client_id','Client ID','2021-04-11 19:01:32','2021-04-11 19:01:32'),(2451,1,'en','plugins/ecommerce/payment','client_secret','Client Secret','2021-04-11 19:01:32','2021-04-11 19:01:32'),(2452,1,'en','plugins/ecommerce/payment','mode','Mode','2021-04-11 19:01:32','2021-04-11 19:01:32'),(2453,1,'en','plugins/ecommerce/payment','sandbox','Sandbox','2021-04-11 19:01:32','2021-04-11 19:01:32'),(2454,1,'en','plugins/ecommerce/payment','live','Live','2021-04-11 19:01:32','2021-04-11 19:01:32'),(2455,1,'en','plugins/ecommerce/payment','enable_payment_log','Enable Payment Log','2021-04-11 19:01:32','2021-04-11 19:01:32'),(2456,1,'en','plugins/ecommerce/payment','yes','Yes','2021-04-11 19:01:32','2021-04-11 19:01:32'),(2457,1,'en','plugins/ecommerce/payment','no','No','2021-04-11 19:01:32','2021-04-11 19:01:32'),(2458,1,'en','plugins/ecommerce/payment','client_key','Client Key','2021-04-11 19:01:32','2021-04-11 19:01:32'),(2459,1,'en','plugins/ecommerce/payment','stripe','Stripe','2021-04-11 19:01:32','2021-04-11 19:01:32'),(2460,1,'en','plugins/ecommerce/payment','paypal','PayPal','2021-04-11 19:01:32','2021-04-11 19:01:32'),(2461,1,'en','plugins/ecommerce/payment','action','Action','2021-04-11 19:01:32','2021-04-11 19:01:32'),(2462,1,'en','plugins/ecommerce/payment','go_back','Go back','2021-04-11 19:01:32','2021-04-11 19:01:32'),(2463,1,'en','plugins/ecommerce/payment','view','View','2021-04-11 19:01:32','2021-04-11 19:01:32'),(2464,1,'en','plugins/ecommerce/payment','cash_on_delivery','Cash on delivery (COD)','2021-04-11 19:01:32','2021-04-11 19:01:32'),(2465,1,'en','plugins/ecommerce/payment','via_bank_transfer','Via bank transfer','2021-04-11 19:01:32','2021-04-11 19:01:32'),(2466,1,'en','plugins/ecommerce/payment','payment_via_cart','Payment via card','2021-04-11 19:01:32','2021-04-11 19:01:32'),(2467,1,'en','plugins/ecommerce/payment','card_number','Card number','2021-04-11 19:01:32','2021-04-11 19:01:32'),(2468,1,'en','plugins/ecommerce/payment','full_name','Full name','2021-04-11 19:01:32','2021-04-11 19:01:32'),(2469,1,'en','plugins/ecommerce/payment','payment_via_paypal','Payment via PayPal','2021-04-11 19:01:32','2021-04-11 19:01:32'),(2470,1,'en','plugins/ecommerce/payment','mm_yy','MM/YY','2021-04-11 19:01:32','2021-04-11 19:01:32'),(2471,1,'en','plugins/ecommerce/payment','cvc','CVC','2021-04-11 19:01:32','2021-04-11 19:01:32'),(2472,1,'en','plugins/ecommerce/payment','details','Details','2021-04-11 19:01:32','2021-04-11 19:01:32'),(2473,1,'en','plugins/ecommerce/payment','payer_name','Payer Name','2021-04-11 19:01:32','2021-04-11 19:01:32'),(2474,1,'en','plugins/ecommerce/payment','email','Email','2021-04-11 19:01:32','2021-04-11 19:01:32'),(2475,1,'en','plugins/ecommerce/payment','phone','Phone','2021-04-11 19:01:32','2021-04-11 19:01:32'),(2476,1,'en','plugins/ecommerce/payment','country','Country','2021-04-11 19:01:32','2021-04-11 19:01:32'),(2477,1,'en','plugins/ecommerce/payment','shipping_address','Shipping Address','2021-04-11 19:01:32','2021-04-11 19:01:32'),(2478,1,'en','plugins/ecommerce/payment','payment_details','Payment Details','2021-04-11 19:01:32','2021-04-11 19:01:32'),(2479,1,'en','plugins/ecommerce/payment','card','Card','2021-04-11 19:01:32','2021-04-11 19:01:32'),(2480,1,'en','plugins/ecommerce/payment','address','Address','2021-04-11 19:01:32','2021-04-11 19:01:32'),(2481,1,'en','plugins/ecommerce/payment','could_not_get_stripe_token','Could not get Stripe token to make a charge.','2021-04-11 19:01:32','2021-04-11 19:01:32'),(2482,1,'en','plugins/ecommerce/payment','new_payment','Payment for order :id','2021-04-11 19:01:32','2021-04-11 19:01:32'),(2483,1,'en','plugins/ecommerce/payment','payment_id','Payment ID','2021-04-11 19:01:32','2021-04-11 19:01:32'),(2484,1,'en','plugins/ecommerce/prices','name','Price','2021-04-11 19:01:32','2021-04-11 19:01:32'),(2485,1,'en','plugins/ecommerce/prices','create','New price','2021-04-11 19:01:32','2021-04-11 19:01:32'),(2486,1,'en','plugins/ecommerce/prices','edit','Edit price','2021-04-11 19:01:32','2021-04-11 19:01:32'),(2487,1,'en','plugins/ecommerce/prices','list','List price','2021-04-11 19:01:32','2021-04-11 19:01:32'),(2488,1,'en','plugins/ecommerce/product-attribute-sets','name','Product attribute sets','2021-04-11 19:01:32','2021-04-11 19:01:32'),(2489,1,'en','plugins/ecommerce/product-attribute-sets','create','New product attribute set','2021-04-11 19:01:32','2021-04-11 19:01:32'),(2490,1,'en','plugins/ecommerce/product-attribute-sets','edit','Edit product attribute set','2021-04-11 19:01:32','2021-04-11 19:01:32'),(2491,1,'en','plugins/ecommerce/product-attribute-sets','visible_in_categories','Visible in categories','2021-04-11 19:01:32','2021-04-11 19:01:32'),(2492,1,'en','plugins/ecommerce/product-attribute-sets','product_with_more_version','Product with more version','2021-04-11 19:01:32','2021-04-11 19:01:32'),(2493,1,'en','plugins/ecommerce/product-attribute-sets','create_a_version','Create a version','2021-04-11 19:01:32','2021-04-11 19:01:32'),(2494,1,'en','plugins/ecommerce/product-attribute-sets','enabled','Enabled','2021-04-11 19:01:32','2021-04-11 19:01:32'),(2495,1,'en','plugins/ecommerce/product-attribute-sets','attributes','Attributes','2021-04-11 19:01:32','2021-04-11 19:01:32'),(2496,1,'en','plugins/ecommerce/product-attribute-sets','price','Price','2021-04-11 19:01:32','2021-04-11 19:01:32'),(2497,1,'en','plugins/ecommerce/product-attribute-sets','edit_btn','Edit','2021-04-11 19:01:32','2021-04-11 19:01:32'),(2498,1,'en','plugins/ecommerce/product-attribute-sets','remove_btn','Remove','2021-04-11 19:01:32','2021-04-11 19:01:32'),(2499,1,'en','plugins/ecommerce/product-attribute-sets','product','Product','2021-04-11 19:01:32','2021-04-11 19:01:32'),(2500,1,'en','plugins/ecommerce/product-attribute-sets','back_to_product','Back to product','2021-04-11 19:01:32','2021-04-11 19:01:32'),(2501,1,'en','plugins/ecommerce/product-attribute-sets','save','Save','2021-04-11 19:01:32','2021-04-11 19:01:32'),(2502,1,'en','plugins/ecommerce/product-attribute-sets','other_existing_versions','Other existing versions','2021-04-11 19:01:32','2021-04-11 19:01:32'),(2503,1,'en','plugins/ecommerce/product-attribute-sets','version_information','Version information','2021-04-11 19:01:32','2021-04-11 19:01:32'),(2504,1,'en','plugins/ecommerce/product-attribute-sets','add_rule','Add rule','2021-04-11 19:01:32','2021-04-11 19:01:32'),(2505,1,'en','plugins/ecommerce/product-attribute-sets','rules','Rules','2021-04-11 19:01:32','2021-04-11 19:01:32'),(2506,1,'en','plugins/ecommerce/product-attribute-sets','pricing','Pricing','2021-04-11 19:01:32','2021-04-11 19:01:32'),(2507,1,'en','plugins/ecommerce/product-attribute-sets','sale_price','Sale price','2021-04-11 19:01:32','2021-04-11 19:01:32'),(2508,1,'en','plugins/ecommerce/product-attribute-sets','sale_type','Sale type','2021-04-11 19:01:32','2021-04-11 19:01:32'),(2509,1,'en','plugins/ecommerce/product-attribute-sets','no_sale_price','No sale price','2021-04-11 19:01:32','2021-04-11 19:01:32'),(2510,1,'en','plugins/ecommerce/product-attribute-sets','always_on_sale','Always on sale','2021-04-11 19:01:32','2021-04-11 19:01:32'),(2511,1,'en','plugins/ecommerce/product-attribute-sets','limited_time','Limited time','2021-04-11 19:01:32','2021-04-11 19:01:32'),(2512,1,'en','plugins/ecommerce/product-attribute-sets','from','From','2021-04-11 19:01:32','2021-04-11 19:01:32'),(2513,1,'en','plugins/ecommerce/product-attribute-sets','to','To','2021-04-11 19:01:32','2021-04-11 19:01:32'),(2514,1,'en','plugins/ecommerce/product-attribute-sets','storehouse','Storehouse','2021-04-11 19:01:32','2021-04-11 19:01:32'),(2515,1,'en','plugins/ecommerce/product-attribute-sets','no_storehouse_management','No storehouse management','2021-04-11 19:01:32','2021-04-11 19:01:32'),(2516,1,'en','plugins/ecommerce/product-attribute-sets','with_storehouse_management','With storehouse management','2021-04-11 19:01:32','2021-04-11 19:01:32'),(2517,1,'en','plugins/ecommerce/product-attribute-sets','quantity','Quantity','2021-04-11 19:01:33','2021-04-11 19:01:33'),(2518,1,'en','plugins/ecommerce/product-attribute-sets','allow_customer_checkout_out_of_stock','Allow customer checkout when this product out of stock','2021-04-11 19:01:33','2021-04-11 19:01:33'),(2519,1,'en','plugins/ecommerce/product-attribute-sets','shipping','Shipping','2021-04-11 19:01:33','2021-04-11 19:01:33'),(2520,1,'en','plugins/ecommerce/product-attribute-sets','length','Length','2021-04-11 19:01:33','2021-04-11 19:01:33'),(2521,1,'en','plugins/ecommerce/product-attribute-sets','wide','Wide','2021-04-11 19:01:33','2021-04-11 19:01:33'),(2522,1,'en','plugins/ecommerce/product-attribute-sets','height','Height','2021-04-11 19:01:33','2021-04-11 19:01:33'),(2523,1,'en','plugins/ecommerce/product-attribute-sets','weight','Weight','2021-04-11 19:01:33','2021-04-11 19:01:33'),(2524,1,'en','plugins/ecommerce/product-attribute-sets','version_images','Version images','2021-04-11 19:01:33','2021-04-11 19:01:33'),(2525,1,'en','plugins/ecommerce/product-attribute-sets','add_new_image','Add new image','2021-04-11 19:01:33','2021-04-11 19:01:33'),(2526,1,'en','plugins/ecommerce/product-attribute-sets','attribute_set','Attribute set','2021-04-11 19:01:33','2021-04-11 19:01:33'),(2527,1,'en','plugins/ecommerce/product-attribute-sets','value','Value','2021-04-11 19:01:33','2021-04-11 19:01:33'),(2528,1,'en','plugins/ecommerce/product-attribute-sets','dropdown_swatch','Dropdown Swatch','2021-04-11 19:01:33','2021-04-11 19:01:33'),(2529,1,'en','plugins/ecommerce/product-attribute-sets','visual_swatch','Visual Swatch','2021-04-11 19:01:33','2021-04-11 19:01:33'),(2530,1,'en','plugins/ecommerce/product-attribute-sets','text_swatch','Text Swatch','2021-04-11 19:01:33','2021-04-11 19:01:33'),(2531,1,'en','plugins/ecommerce/product-attribute-sets','display_layout','Display Layout','2021-04-11 19:01:33','2021-04-11 19:01:33'),(2532,1,'en','plugins/ecommerce/product-attribute-sets','searchable','Searchable','2021-04-11 19:01:33','2021-04-11 19:01:33'),(2533,1,'en','plugins/ecommerce/product-attribute-sets','comparable','Comparable','2021-04-11 19:01:33','2021-04-11 19:01:33'),(2534,1,'en','plugins/ecommerce/product-attribute-sets','use_in_product_listing','Used in product listing','2021-04-11 19:01:33','2021-04-11 19:01:33'),(2535,1,'en','plugins/ecommerce/product-attribute-sets','attributes_list','Attributes list','2021-04-11 19:01:33','2021-04-11 19:01:33'),(2536,1,'en','plugins/ecommerce/product-attribute-sets','is_default','Is default?','2021-04-11 19:01:33','2021-04-11 19:01:33'),(2537,1,'en','plugins/ecommerce/product-attribute-sets','title','Title','2021-04-11 19:01:33','2021-04-11 19:01:33'),(2538,1,'en','plugins/ecommerce/product-attribute-sets','slug','Slug','2021-04-11 19:01:33','2021-04-11 19:01:33'),(2539,1,'en','plugins/ecommerce/product-attribute-sets','color','Color','2021-04-11 19:01:33','2021-04-11 19:01:33'),(2540,1,'en','plugins/ecommerce/product-attribute-sets','image','Image','2021-04-11 19:01:33','2021-04-11 19:01:33'),(2541,1,'en','plugins/ecommerce/product-attribute-sets','remove','Remove','2021-04-11 19:01:33','2021-04-11 19:01:33'),(2542,1,'en','plugins/ecommerce/product-attribute-sets','add_new_attribute','Add new attribute','2021-04-11 19:01:33','2021-04-11 19:01:33'),(2543,1,'en','plugins/ecommerce/product-attributes','name','Product attributes','2021-04-11 19:01:33','2021-04-11 19:01:33'),(2544,1,'en','plugins/ecommerce/product-attributes','create','New product attribute','2021-04-11 19:01:33','2021-04-11 19:01:33'),(2545,1,'en','plugins/ecommerce/product-attributes','edit','Edit product attribute','2021-04-11 19:01:33','2021-04-11 19:01:33'),(2546,1,'en','plugins/ecommerce/product-attributes','intro.title','Manage product attributes','2021-04-11 19:01:33','2021-04-11 19:01:33'),(2547,1,'en','plugins/ecommerce/product-attributes','intro.description','Product attribute such as color, width, height ...','2021-04-11 19:01:33','2021-04-11 19:01:33'),(2548,1,'en','plugins/ecommerce/product-attributes','intro.button_text','Create product attribute','2021-04-11 19:01:33','2021-04-11 19:01:33'),(2549,1,'en','plugins/ecommerce/product-categories','name','Product categories','2021-04-11 19:01:33','2021-04-11 19:01:33'),(2550,1,'en','plugins/ecommerce/product-categories','create','Create new product category','2021-04-11 19:01:33','2021-04-11 19:01:33'),(2551,1,'en','plugins/ecommerce/product-categories','edit','Edit product category','2021-04-11 19:01:33','2021-04-11 19:01:33'),(2552,1,'en','plugins/ecommerce/product-categories','list','List product categories','2021-04-11 19:01:33','2021-04-11 19:01:33'),(2553,1,'en','plugins/ecommerce/product-categories','none','None','2021-04-11 19:01:33','2021-04-11 19:01:33'),(2554,1,'en','plugins/ecommerce/product-categories','menu','Product categories','2021-04-11 19:01:33','2021-04-11 19:01:33'),(2555,1,'en','plugins/ecommerce/product-categories','intro.title','Manage product categories','2021-04-11 19:01:33','2021-04-11 19:01:33'),(2556,1,'en','plugins/ecommerce/product-categories','intro.description','Such as clothes, shoes, bags, jewelry ...','2021-04-11 19:01:33','2021-04-11 19:01:33'),(2557,1,'en','plugins/ecommerce/product-categories','intro.button_text','Create product category','2021-04-11 19:01:33','2021-04-11 19:01:33'),(2558,1,'en','plugins/ecommerce/product-collections','name','Product collections','2021-04-11 19:01:33','2021-04-11 19:01:33'),(2559,1,'en','plugins/ecommerce/product-collections','create','New product collection','2021-04-11 19:01:33','2021-04-11 19:01:33'),(2560,1,'en','plugins/ecommerce/product-collections','edit','Edit product collection','2021-04-11 19:01:33','2021-04-11 19:01:33'),(2561,1,'en','plugins/ecommerce/product-collections','slug_help_block','Label key: <code>:slug</code>. We will use this key for filter.','2021-04-11 19:01:33','2021-04-11 19:01:33'),(2562,1,'en','plugins/ecommerce/product-collections','intro.title','Manage product collections','2021-04-11 19:01:33','2021-04-11 19:01:33'),(2563,1,'en','plugins/ecommerce/product-collections','intro.description','Group your products into collections to make it easier for customers to find them by category.','2021-04-11 19:01:33','2021-04-11 19:01:33'),(2564,1,'en','plugins/ecommerce/product-collections','intro.button_text','Create product collection','2021-04-11 19:01:33','2021-04-11 19:01:33'),(2565,1,'en','plugins/ecommerce/product-tag','name','Product tags','2021-04-11 19:01:33','2021-04-11 19:01:33'),(2566,1,'en','plugins/ecommerce/product-tag','create','New product tag','2021-04-11 19:01:33','2021-04-11 19:01:33'),(2567,1,'en','plugins/ecommerce/product-tag','edit','Edit product tag','2021-04-11 19:01:33','2021-04-11 19:01:33'),(2568,1,'en','plugins/ecommerce/products','name','Products','2021-04-11 19:01:33','2021-04-11 19:01:33'),(2569,1,'en','plugins/ecommerce/products','create','New product','2021-04-11 19:01:33','2021-04-11 19:01:33'),(2570,1,'en','plugins/ecommerce/products','edit','Edit product - :name','2021-04-11 19:01:33','2021-04-11 19:01:33'),(2571,1,'en','plugins/ecommerce/products','form.name','Name','2021-04-11 19:01:33','2021-04-11 19:01:33'),(2572,1,'en','plugins/ecommerce/products','form.name_placeholder','Product\'s name (Maximum 120 characters)','2021-04-11 19:01:33','2021-04-11 19:01:33'),(2573,1,'en','plugins/ecommerce/products','form.description','Description','2021-04-11 19:01:33','2021-04-11 19:01:33'),(2574,1,'en','plugins/ecommerce/products','form.description_placeholder','Short description for product (Maximum 400 characters)','2021-04-11 19:01:33','2021-04-11 19:01:33'),(2575,1,'en','plugins/ecommerce/products','form.categories','Categories','2021-04-11 19:01:33','2021-04-11 19:01:33'),(2576,1,'en','plugins/ecommerce/products','form.content','Content','2021-04-11 19:01:33','2021-04-11 19:01:33'),(2577,1,'en','plugins/ecommerce/products','form.price','Price','2021-04-11 19:01:33','2021-04-11 19:01:33'),(2578,1,'en','plugins/ecommerce/products','form.quantity','Quantity','2021-04-11 19:01:33','2021-04-11 19:01:33'),(2579,1,'en','plugins/ecommerce/products','form.brand','Brand','2021-04-11 19:01:33','2021-04-11 19:01:33'),(2580,1,'en','plugins/ecommerce/products','form.width','Width','2021-04-11 19:01:33','2021-04-11 19:01:33'),(2581,1,'en','plugins/ecommerce/products','form.height','Height','2021-04-11 19:01:33','2021-04-11 19:01:33'),(2582,1,'en','plugins/ecommerce/products','form.weight','Weight','2021-04-11 19:01:33','2021-04-11 19:01:33'),(2583,1,'en','plugins/ecommerce/products','form.date.end','From date','2021-04-11 19:01:33','2021-04-11 19:01:33'),(2584,1,'en','plugins/ecommerce/products','form.date.start','To date','2021-04-11 19:01:33','2021-04-11 19:01:33'),(2585,1,'en','plugins/ecommerce/products','form.image','Images','2021-04-11 19:01:33','2021-04-11 19:01:33'),(2586,1,'en','plugins/ecommerce/products','form.label','Product collections','2021-04-11 19:01:33','2021-04-11 19:01:33'),(2587,1,'en','plugins/ecommerce/products','form.price_sale','Price sale','2021-04-11 19:01:33','2021-04-11 19:01:33'),(2588,1,'en','plugins/ecommerce/products','form.product_type.title','Product type','2021-04-11 19:01:33','2021-04-11 19:01:33'),(2589,1,'en','plugins/ecommerce/products','form.product','Product','2021-04-11 19:01:33','2021-04-11 19:01:33'),(2590,1,'en','plugins/ecommerce/products','form.total','Total','2021-04-11 19:01:33','2021-04-11 19:01:33'),(2591,1,'en','plugins/ecommerce/products','form.sub_total','Subtotal','2021-04-11 19:01:33','2021-04-11 19:01:33'),(2592,1,'en','plugins/ecommerce/products','form.shipping_fee','Shipping fee','2021-04-11 19:01:33','2021-04-11 19:01:33'),(2593,1,'en','plugins/ecommerce/products','form.discount','Discount','2021-04-11 19:01:33','2021-04-11 19:01:33'),(2594,1,'en','plugins/ecommerce/products','form.options','Options','2021-04-11 19:01:33','2021-04-11 19:01:33'),(2595,1,'en','plugins/ecommerce/products','form.shipping.height','Height','2021-04-11 19:01:33','2021-04-11 19:01:33'),(2596,1,'en','plugins/ecommerce/products','form.shipping.length','Length','2021-04-11 19:01:33','2021-04-11 19:01:33'),(2597,1,'en','plugins/ecommerce/products','form.shipping.title','Shipping','2021-04-11 19:01:33','2021-04-11 19:01:33'),(2598,1,'en','plugins/ecommerce/products','form.shipping.weight','Weight','2021-04-11 19:01:33','2021-04-11 19:01:33'),(2599,1,'en','plugins/ecommerce/products','form.shipping.wide','Wide','2021-04-11 19:01:33','2021-04-11 19:01:33'),(2600,1,'en','plugins/ecommerce/products','form.stock.allow_order_when_out','Allow customer checkout when this product out of stock','2021-04-11 19:01:33','2021-04-11 19:01:33'),(2601,1,'en','plugins/ecommerce/products','form.stock.in_stock','In stock','2021-04-11 19:01:33','2021-04-11 19:01:33'),(2602,1,'en','plugins/ecommerce/products','form.stock.out_stock','Out stock','2021-04-11 19:01:33','2021-04-11 19:01:33'),(2603,1,'en','plugins/ecommerce/products','form.stock.title','Stock status','2021-04-11 19:01:33','2021-04-11 19:01:33'),(2604,1,'en','plugins/ecommerce/products','form.storehouse.no_storehouse','No storehouse management','2021-04-11 19:01:33','2021-04-11 19:01:33'),(2605,1,'en','plugins/ecommerce/products','form.storehouse.storehouse','With storehouse management','2021-04-11 19:01:33','2021-04-11 19:01:33'),(2606,1,'en','plugins/ecommerce/products','form.storehouse.title','Storehouse','2021-04-11 19:01:33','2021-04-11 19:01:33'),(2607,1,'en','plugins/ecommerce/products','form.storehouse.quantity','Quantity','2021-04-11 19:01:33','2021-04-11 19:01:33'),(2608,1,'en','plugins/ecommerce/products','form.tax','Tax','2021-04-11 19:01:33','2021-04-11 19:01:33'),(2609,1,'en','plugins/ecommerce/products','form.is_default','Is default','2021-04-11 19:01:33','2021-04-11 19:01:33'),(2610,1,'en','plugins/ecommerce/products','form.action','Action','2021-04-11 19:01:33','2021-04-11 19:01:33'),(2611,1,'en','plugins/ecommerce/products','form.restock_quantity','Restock quantity','2021-04-11 19:01:33','2021-04-11 19:01:33'),(2612,1,'en','plugins/ecommerce/products','form.remain','Remain','2021-04-11 19:01:33','2021-04-11 19:01:33'),(2613,1,'en','plugins/ecommerce/products','form.choose_discount_period','Choose Discount Period','2021-04-11 19:01:33','2021-04-11 19:01:33'),(2614,1,'en','plugins/ecommerce/products','form.cancel','Cancel','2021-04-11 19:01:33','2021-04-11 19:01:33'),(2615,1,'en','plugins/ecommerce/products','form.no_results','No results!','2021-04-11 19:01:33','2021-04-11 19:01:33'),(2616,1,'en','plugins/ecommerce/products','form.value','Value','2021-04-11 19:01:33','2021-04-11 19:01:33'),(2617,1,'en','plugins/ecommerce/products','form.attribute_name','Attribute name','2021-04-11 19:01:33','2021-04-11 19:01:33'),(2618,1,'en','plugins/ecommerce/products','form.add_more_attribute','Add more attribute','2021-04-11 19:01:33','2021-04-11 19:01:33'),(2619,1,'en','plugins/ecommerce/products','form.continue','Continue','2021-04-11 19:01:33','2021-04-11 19:01:33'),(2620,1,'en','plugins/ecommerce/products','form.add_new_attributes','Add new attributes','2021-04-11 19:01:33','2021-04-11 19:01:33'),(2621,1,'en','plugins/ecommerce/products','form.add_new_attributes_description','Adding new attributes helps the product to have many options, such as size or color.','2021-04-11 19:01:33','2021-04-11 19:01:33'),(2622,1,'en','plugins/ecommerce/products','form.create_product_variations',':link to create product variations!','2021-04-11 19:01:33','2021-04-11 19:01:33'),(2623,1,'en','plugins/ecommerce/products','form.tags','Tags','2021-04-11 19:01:33','2021-04-11 19:01:33'),(2624,1,'en','plugins/ecommerce/products','form.write_some_tags','Write some tags','2021-04-11 19:01:33','2021-04-11 19:01:33'),(2625,1,'en','plugins/ecommerce/products','form.variation_existed','This variation is existed.','2021-04-11 19:01:33','2021-04-11 19:01:33'),(2626,1,'en','plugins/ecommerce/products','form.no_attributes_selected','No attributes selected!','2021-04-11 19:01:33','2021-04-11 19:01:33'),(2627,1,'en','plugins/ecommerce/products','form.added_variation_success','Added variation successfully!','2021-04-11 19:01:33','2021-04-11 19:01:33'),(2628,1,'en','plugins/ecommerce/products','form.updated_variation_success','Updated variation successfully!','2021-04-11 19:01:33','2021-04-11 19:01:33'),(2629,1,'en','plugins/ecommerce/products','form.created_all_variation_success','Created all variations successfully!','2021-04-11 19:01:33','2021-04-11 19:01:33'),(2630,1,'en','plugins/ecommerce/products','form.updated_product_attributes_success','Updated product attributes successfully!','2021-04-11 19:01:33','2021-04-11 19:01:33'),(2631,1,'en','plugins/ecommerce/products','form.stock_status','Stock status','2021-04-11 19:01:33','2021-04-11 19:01:33'),(2632,1,'en','plugins/ecommerce/products','price','Price','2021-04-11 19:01:33','2021-04-11 19:01:33'),(2633,1,'en','plugins/ecommerce/products','quantity','Quantity','2021-04-11 19:01:33','2021-04-11 19:01:33'),(2634,1,'en','plugins/ecommerce/products','type','Type','2021-04-11 19:01:33','2021-04-11 19:01:33'),(2635,1,'en','plugins/ecommerce/products','image','Thumbnail','2021-04-11 19:01:33','2021-04-11 19:01:33'),(2636,1,'en','plugins/ecommerce/products','sku','Sku','2021-04-11 19:01:33','2021-04-11 19:01:33'),(2637,1,'en','plugins/ecommerce/products','brand','Brand','2021-04-11 19:01:33','2021-04-11 19:01:33'),(2638,1,'en','plugins/ecommerce/products','cannot_delete','Product could not be deleted','2021-04-11 19:01:33','2021-04-11 19:01:33'),(2639,1,'en','plugins/ecommerce/products','product_deleted','Product deleted','2021-04-11 19:01:33','2021-04-11 19:01:33'),(2640,1,'en','plugins/ecommerce/products','product_collections','Product collections','2021-04-11 19:01:33','2021-04-11 19:01:33'),(2641,1,'en','plugins/ecommerce/products','products','Products','2021-04-11 19:01:33','2021-04-11 19:01:33'),(2642,1,'en','plugins/ecommerce/products','menu','Products','2021-04-11 19:01:33','2021-04-11 19:01:33'),(2643,1,'en','plugins/ecommerce/products','control.button_add_image','Add image','2021-04-11 19:01:33','2021-04-11 19:01:33'),(2644,1,'en','plugins/ecommerce/products','price_sale','Sale price','2021-04-11 19:01:33','2021-04-11 19:01:33'),(2645,1,'en','plugins/ecommerce/products','price_group_title','Manager product price','2021-04-11 19:01:33','2021-04-11 19:01:33'),(2646,1,'en','plugins/ecommerce/products','store_house_group_title','Manager store house','2021-04-11 19:01:33','2021-04-11 19:01:33'),(2647,1,'en','plugins/ecommerce/products','shipping_group_title','Manager shipping','2021-04-11 19:01:33','2021-04-11 19:01:33'),(2648,1,'en','plugins/ecommerce/products','overview','Overview','2021-04-11 19:01:33','2021-04-11 19:01:33'),(2649,1,'en','plugins/ecommerce/products','attributes','Attributes','2021-04-11 19:01:33','2021-04-11 19:01:33'),(2650,1,'en','plugins/ecommerce/products','product_has_variations','Product has variations','2021-04-11 19:01:33','2021-04-11 19:01:33'),(2651,1,'en','plugins/ecommerce/products','manage_products','Manage products','2021-04-11 19:01:33','2021-04-11 19:01:33'),(2652,1,'en','plugins/ecommerce/products','add_new_product','Add a new product','2021-04-11 19:01:33','2021-04-11 19:01:33'),(2653,1,'en','plugins/ecommerce/products','start_by_adding_new_product','Start by adding new products.','2021-04-11 19:01:33','2021-04-11 19:01:33'),(2654,1,'en','plugins/ecommerce/products','edit_this_product','Edit this product','2021-04-11 19:01:33','2021-04-11 19:01:33'),(2655,1,'en','plugins/ecommerce/products','delete','Delete','2021-04-11 19:01:33','2021-04-11 19:01:33'),(2656,1,'en','plugins/ecommerce/products','related_products','Related products','2021-04-11 19:01:33','2021-04-11 19:01:33'),(2657,1,'en','plugins/ecommerce/products','cross_selling_products','Cross-selling products','2021-04-11 19:01:33','2021-04-11 19:01:33'),(2658,1,'en','plugins/ecommerce/products','up_selling_products','Up-selling products','2021-04-11 19:01:33','2021-04-11 19:01:33'),(2659,1,'en','plugins/ecommerce/products','grouped_products','Grouped products','2021-04-11 19:01:33','2021-04-11 19:01:33'),(2660,1,'en','plugins/ecommerce/products','search_products','Search products','2021-04-11 19:01:33','2021-04-11 19:01:33'),(2661,1,'en','plugins/ecommerce/products','selected_products','Selected products','2021-04-11 19:01:33','2021-04-11 19:01:33'),(2662,1,'en','plugins/ecommerce/products','edit_variation_item','Edit','2021-04-11 19:01:33','2021-04-11 19:01:33'),(2663,1,'en','plugins/ecommerce/products','variations_box_description','Click on \"Edit attribute\" to add/remove attributes of variation or click on \"Add new variation\" to add variation.','2021-04-11 19:01:33','2021-04-11 19:01:33'),(2664,1,'en','plugins/ecommerce/products','save_changes','Save changes','2021-04-11 19:01:33','2021-04-11 19:01:33'),(2665,1,'en','plugins/ecommerce/products','continue','Continue','2021-04-11 19:01:33','2021-04-11 19:01:33'),(2666,1,'en','plugins/ecommerce/products','edit_attribute','Edit attribute','2021-04-11 19:01:33','2021-04-11 19:01:33'),(2667,1,'en','plugins/ecommerce/products','select_attribute','Select attribute','2021-04-11 19:01:33','2021-04-11 19:01:33'),(2668,1,'en','plugins/ecommerce/products','add_new_variation','Add new variation','2021-04-11 19:01:33','2021-04-11 19:01:33'),(2669,1,'en','plugins/ecommerce/products','edit_variation','Edit variation','2021-04-11 19:01:33','2021-04-11 19:01:33'),(2670,1,'en','plugins/ecommerce/products','generate_all_variations','Generate all variations','2021-04-11 19:01:33','2021-04-11 19:01:33'),(2671,1,'en','plugins/ecommerce/products','generate_all_variations_confirmation','Are you sure you want to generate all variations for this product?','2021-04-11 19:01:33','2021-04-11 19:01:33'),(2672,1,'en','plugins/ecommerce/products','delete_variation','Delete variation?','2021-04-11 19:01:33','2021-04-11 19:01:33'),(2673,1,'en','plugins/ecommerce/products','delete_variation_confirmation','Are you sure you want to delete this variation? This action cannot be undo.','2021-04-11 19:01:33','2021-04-11 19:01:33'),(2674,1,'en','plugins/ecommerce/products','product_create_validate_name_required','Please enter product\'s name','2021-04-11 19:01:33','2021-04-11 19:01:33'),(2675,1,'en','plugins/ecommerce/products','product_create_validate_sale_price_max','The discount must be less than the original price','2021-04-11 19:01:33','2021-04-11 19:01:33'),(2676,1,'en','plugins/ecommerce/products','product_create_validate_sale_price_required_if','Must enter a discount when you want to schedule a promotion','2021-04-11 19:01:33','2021-04-11 19:01:33'),(2677,1,'en','plugins/ecommerce/products','product_create_validate_end_date_after','End date must be after start date','2021-04-11 19:01:33','2021-04-11 19:01:33'),(2678,1,'en','plugins/ecommerce/products','product_create_validate_start_date_required_if','Discount start date cannot be left blank when scheduling is selected','2021-04-11 19:01:33','2021-04-11 19:01:33'),(2679,1,'en','plugins/ecommerce/products','product_create_validate_sale_price','Discounts cannot be left blank when scheduling is selected','2021-04-11 19:01:33','2021-04-11 19:01:33'),(2680,1,'en','plugins/ecommerce/products','stock_statuses.in_stock','In stock','2021-04-11 19:01:33','2021-04-11 19:01:33'),(2681,1,'en','plugins/ecommerce/products','stock_statuses.out_of_stock','Out of stock','2021-04-11 19:01:33','2021-04-11 19:01:33'),(2682,1,'en','plugins/ecommerce/products','stock_statuses.on_backorder','On backorder','2021-04-11 19:01:33','2021-04-11 19:01:33'),(2683,1,'en','plugins/ecommerce/reports','name','Report','2021-04-11 19:01:33','2021-04-11 19:01:33'),(2684,1,'en','plugins/ecommerce/reports','widget.order.title','Orders','2021-04-11 19:01:33','2021-04-11 19:01:33'),(2685,1,'en','plugins/ecommerce/reports','count.revenue','Today revenue','2021-04-11 19:01:33','2021-04-11 19:01:33'),(2686,1,'en','plugins/ecommerce/reports','count.orders','Today orders','2021-04-11 19:01:33','2021-04-11 19:01:33'),(2687,1,'en','plugins/ecommerce/reports','count.products','Total products','2021-04-11 19:01:33','2021-04-11 19:01:33'),(2688,1,'en','plugins/ecommerce/reports','count.customers','Total customers','2021-04-11 19:01:33','2021-04-11 19:01:33'),(2689,1,'en','plugins/ecommerce/reports','product_name','Product name','2021-04-11 19:01:33','2021-04-11 19:01:33'),(2690,1,'en','plugins/ecommerce/reports','quantity','Quantity','2021-04-11 19:01:33','2021-04-11 19:01:33'),(2691,1,'en','plugins/ecommerce/reports','revenue_statistics','Revenue statistics','2021-04-11 19:01:33','2021-04-11 19:01:33'),(2692,1,'en','plugins/ecommerce/reports','top_selling_products','Top selling products in this month','2021-04-11 19:01:33','2021-04-11 19:01:33'),(2693,1,'en','plugins/ecommerce/reports','today','Today','2021-04-11 19:01:33','2021-04-11 19:01:33'),(2694,1,'en','plugins/ecommerce/reports','this_week','This week','2021-04-11 19:01:33','2021-04-11 19:01:33'),(2695,1,'en','plugins/ecommerce/reports','this_month','This month','2021-04-11 19:01:33','2021-04-11 19:01:33'),(2696,1,'en','plugins/ecommerce/reports','this_year','This year','2021-04-11 19:01:33','2021-04-11 19:01:33'),(2697,1,'en','plugins/ecommerce/reports','revenue_this_month','Revenue this month','2021-04-11 19:01:33','2021-04-11 19:01:33'),(2698,1,'en','plugins/ecommerce/reports','order_processing_this_month','order(s) processing in this month','2021-04-11 19:01:33','2021-04-11 19:01:33'),(2699,1,'en','plugins/ecommerce/reports','order_completed_this_month','order(s) completed in this month','2021-04-11 19:01:33','2021-04-11 19:01:33'),(2700,1,'en','plugins/ecommerce/reports','product_will_be_out_of_stock','product(s) will be out of stock soon','2021-04-11 19:01:33','2021-04-11 19:01:33'),(2701,1,'en','plugins/ecommerce/reports','product_out_of_stock','product(s) out of stock','2021-04-11 19:01:33','2021-04-11 19:01:33'),(2702,1,'en','plugins/ecommerce/review','name','Reviews','2021-04-11 19:01:33','2021-04-11 19:01:33'),(2703,1,'en','plugins/ecommerce/review','add_review','Add review','2021-04-11 19:01:33','2021-04-11 19:01:33'),(2704,1,'en','plugins/ecommerce/review','delete_review','Delete review','2021-04-11 19:01:33','2021-04-11 19:01:33'),(2705,1,'en','plugins/ecommerce/review','create_review','Create Review','2021-04-11 19:01:33','2021-04-11 19:01:33'),(2706,1,'en','plugins/ecommerce/review','please_select_rating','Please select rating','2021-04-11 19:01:33','2021-04-11 19:01:33'),(2707,1,'en','plugins/ecommerce/review','comment','Comment','2021-04-11 19:01:33','2021-04-11 19:01:33'),(2708,1,'en','plugins/ecommerce/review','approve','Approve','2021-04-11 19:01:33','2021-04-11 19:01:33'),(2709,1,'en','plugins/ecommerce/review','approved','Approved','2021-04-11 19:01:33','2021-04-11 19:01:33'),(2710,1,'en','plugins/ecommerce/review','disapprove','Disapprove','2021-04-11 19:01:33','2021-04-11 19:01:33'),(2711,1,'en','plugins/ecommerce/review','disapproved','Disapproved','2021-04-11 19:01:33','2021-04-11 19:01:33'),(2712,1,'en','plugins/ecommerce/review','product','Product','2021-04-11 19:01:33','2021-04-11 19:01:33'),(2713,1,'en','plugins/ecommerce/review','user','User','2021-04-11 19:01:33','2021-04-11 19:01:33'),(2714,1,'en','plugins/ecommerce/review','star','Star','2021-04-11 19:01:33','2021-04-11 19:01:33'),(2715,1,'en','plugins/ecommerce/review','status','Status','2021-04-11 19:01:33','2021-04-11 19:01:33'),(2716,1,'en','plugins/ecommerce/review','list_review','Customer reviews','2021-04-11 19:01:33','2021-04-11 19:01:33'),(2717,1,'en','plugins/ecommerce/review','intro.title','Manage customer reviews','2021-04-11 19:01:33','2021-04-11 19:01:33'),(2718,1,'en','plugins/ecommerce/review','intro.description','Customer reviews will be shown here and you can manage it to show/hide in product detail page.','2021-04-11 19:01:33','2021-04-11 19:01:33'),(2719,1,'en','plugins/ecommerce/shipping','name','Shipping Rules','2021-04-11 19:01:33','2021-04-11 19:01:33'),(2720,1,'en','plugins/ecommerce/shipping','shipping','Shipping','2021-04-11 19:01:33','2021-04-11 19:01:33'),(2721,1,'en','plugins/ecommerce/shipping','title','Title','2021-04-11 19:01:33','2021-04-11 19:01:33'),(2722,1,'en','plugins/ecommerce/shipping','amount','Amount','2021-04-11 19:01:33','2021-04-11 19:01:33'),(2723,1,'en','plugins/ecommerce/shipping','currency','Currency','2021-04-11 19:01:33','2021-04-11 19:01:33'),(2724,1,'en','plugins/ecommerce/shipping','enable','Enable','2021-04-11 19:01:33','2021-04-11 19:01:33'),(2725,1,'en','plugins/ecommerce/shipping','enabled','Enabled','2021-04-11 19:01:33','2021-04-11 19:01:33'),(2726,1,'en','plugins/ecommerce/shipping','disable','Disable','2021-04-11 19:01:33','2021-04-11 19:01:33'),(2727,1,'en','plugins/ecommerce/shipping','disabled','Disabled','2021-04-11 19:01:33','2021-04-11 19:01:33'),(2728,1,'en','plugins/ecommerce/shipping','create_shipping','Create a shipping','2021-04-11 19:01:33','2021-04-11 19:01:33'),(2729,1,'en','plugins/ecommerce/shipping','edit_shipping','Edit shipping :code','2021-04-11 19:01:33','2021-04-11 19:01:33'),(2730,1,'en','plugins/ecommerce/shipping','status','Status','2021-04-11 19:01:33','2021-04-11 19:01:33'),(2731,1,'en','plugins/ecommerce/shipping','shipping_methods','Shipping methods','2021-04-11 19:01:33','2021-04-11 19:01:33'),(2732,1,'en','plugins/ecommerce/shipping','create_shipping_method','Create shipping method','2021-04-11 19:01:33','2021-04-11 19:01:33'),(2733,1,'en','plugins/ecommerce/shipping','edit_shipping_method','Edit shipping method','2021-04-11 19:01:33','2021-04-11 19:01:33'),(2734,1,'en','plugins/ecommerce/shipping','add_shipping_region','Add shipping region','2021-04-11 19:01:33','2021-04-11 19:01:33'),(2735,1,'en','plugins/ecommerce/shipping','country','Country','2021-04-11 19:01:33','2021-04-11 19:01:33'),(2736,1,'en','plugins/ecommerce/shipping','state','State','2021-04-11 19:01:33','2021-04-11 19:01:33'),(2737,1,'en','plugins/ecommerce/shipping','city','City','2021-04-11 19:01:33','2021-04-11 19:01:33'),(2738,1,'en','plugins/ecommerce/shipping','address','Address','2021-04-11 19:01:33','2021-04-11 19:01:33'),(2739,1,'en','plugins/ecommerce/shipping','phone','Phone','2021-04-11 19:01:33','2021-04-11 19:01:33'),(2740,1,'en','plugins/ecommerce/shipping','email','Email','2021-04-11 19:01:33','2021-04-11 19:01:33'),(2741,1,'en','plugins/ecommerce/shipping','zip_code','Zip code','2021-04-11 19:01:33','2021-04-11 19:01:33'),(2742,1,'en','plugins/ecommerce/shipping','methods.default','Default','2021-04-11 19:01:33','2021-04-11 19:01:33'),(2743,1,'en','plugins/ecommerce/shipping','statuses.not_approved','Not approved','2021-04-11 19:01:33','2021-04-11 19:01:33'),(2744,1,'en','plugins/ecommerce/shipping','statuses.approved','Approved','2021-04-11 19:01:33','2021-04-11 19:01:33'),(2745,1,'en','plugins/ecommerce/shipping','statuses.picking','Picking','2021-04-11 19:01:33','2021-04-11 19:01:33'),(2746,1,'en','plugins/ecommerce/shipping','statuses.delay_picking','Delay picking','2021-04-11 19:01:33','2021-04-11 19:01:33'),(2747,1,'en','plugins/ecommerce/shipping','statuses.picked','Picked','2021-04-11 19:01:33','2021-04-11 19:01:33'),(2748,1,'en','plugins/ecommerce/shipping','statuses.not_picked','Not picked','2021-04-11 19:01:33','2021-04-11 19:01:33'),(2749,1,'en','plugins/ecommerce/shipping','statuses.delivering','Delivering','2021-04-11 19:01:33','2021-04-11 19:01:33'),(2750,1,'en','plugins/ecommerce/shipping','statuses.delivered','Delivered','2021-04-11 19:01:33','2021-04-11 19:01:33'),(2751,1,'en','plugins/ecommerce/shipping','statuses.not_delivered','Not delivered','2021-04-11 19:01:33','2021-04-11 19:01:33'),(2752,1,'en','plugins/ecommerce/shipping','statuses.audited','Audited','2021-04-11 19:01:33','2021-04-11 19:01:33'),(2753,1,'en','plugins/ecommerce/shipping','statuses.canceled','Canceled','2021-04-11 19:01:33','2021-04-11 19:01:33'),(2754,1,'en','plugins/ecommerce/shipping','cod_statuses.pending','Pending','2021-04-11 19:01:33','2021-04-11 19:01:33'),(2755,1,'en','plugins/ecommerce/shipping','cod_statuses.completed','Completed','2021-04-11 19:01:33','2021-04-11 19:01:33'),(2756,1,'en','plugins/ecommerce/shipping','delete','Delete','2021-04-11 19:01:33','2021-04-11 19:01:33'),(2757,1,'en','plugins/ecommerce/shipping','shipping_rules','Shipping Rules','2021-04-11 19:01:33','2021-04-11 19:01:33'),(2758,1,'en','plugins/ecommerce/shipping','shipping_rules_description','Rules to calculate shipping fee.','2021-04-11 19:01:33','2021-04-11 19:01:33'),(2759,1,'en','plugins/ecommerce/shipping','select_country','Select country','2021-04-11 19:01:33','2021-04-11 19:01:33'),(2760,1,'en','plugins/ecommerce/shipping','add_shipping_rule','Add shipping rule','2021-04-11 19:01:33','2021-04-11 19:01:33'),(2761,1,'en','plugins/ecommerce/shipping','delete_shipping_rate','Delete shipping rate for area','2021-04-11 19:01:34','2021-04-11 19:01:34'),(2762,1,'en','plugins/ecommerce/shipping','delete_shipping_rate_confirmation','Are you sure you want to delete <strong class=\"region-price-item-label\"></strong> from this shipping area?','2021-04-11 19:01:34','2021-04-11 19:01:34'),(2763,1,'en','plugins/ecommerce/shipping','delete_shipping_area','Delete shipping area','2021-04-11 19:01:34','2021-04-11 19:01:34'),(2764,1,'en','plugins/ecommerce/shipping','delete_shipping_area_confirmation','Are you sure you want to delete shipping area <strong class=\"region-item-label\"></strong>?','2021-04-11 19:01:34','2021-04-11 19:01:34'),(2765,1,'en','plugins/ecommerce/shipping','add_shipping_fee_for_area','Add shipping fee for area','2021-04-11 19:01:34','2021-04-11 19:01:34'),(2766,1,'en','plugins/ecommerce/shipping','confirm','Confirm','2021-04-11 19:01:34','2021-04-11 19:01:34'),(2767,1,'en','plugins/ecommerce/shipping','save','Save','2021-04-11 19:01:34','2021-04-11 19:01:34'),(2768,1,'en','plugins/ecommerce/shipping','greater_than','Greater than','2021-04-11 19:01:34','2021-04-11 19:01:34'),(2769,1,'en','plugins/ecommerce/shipping','type','Type','2021-04-11 19:01:34','2021-04-11 19:01:34'),(2770,1,'en','plugins/ecommerce/shipping','shipping_rule_name','Name of shipping rule','2021-04-11 19:01:34','2021-04-11 19:01:34'),(2771,1,'en','plugins/ecommerce/shipping','shipping_fee','Shipping fee','2021-04-11 19:01:34','2021-04-11 19:01:34'),(2772,1,'en','plugins/ecommerce/shipping','cancel','Cancel','2021-04-11 19:01:34','2021-04-11 19:01:34'),(2773,1,'en','plugins/ecommerce/shipping','base_on_weight','Based on product\'s weight (grams)','2021-04-11 19:01:34','2021-04-11 19:01:34'),(2774,1,'en','plugins/ecommerce/shipping','base_on_price','Based on product\'s price','2021-04-11 19:01:34','2021-04-11 19:01:34'),(2775,1,'en','plugins/ecommerce/shipping','shipment_canceled','Shipment was canceled','2021-04-11 19:01:34','2021-04-11 19:01:34'),(2776,1,'en','plugins/ecommerce/shipping','at','At','2021-04-11 19:01:34','2021-04-11 19:01:34'),(2777,1,'en','plugins/ecommerce/shipping','cash_on_delivery','Cash on delivery (COD)','2021-04-11 19:01:34','2021-04-11 19:01:34'),(2778,1,'en','plugins/ecommerce/shipping','update_shipping_status','Update shipping status','2021-04-11 19:01:34','2021-04-11 19:01:34'),(2779,1,'en','plugins/ecommerce/shipping','update_cod_status','Update COD status','2021-04-11 19:01:34','2021-04-11 19:01:34'),(2780,1,'en','plugins/ecommerce/shipping','history','History','2021-04-11 19:01:34','2021-04-11 19:01:34'),(2781,1,'en','plugins/ecommerce/shipping','shipment_information','Shipment information','2021-04-11 19:01:34','2021-04-11 19:01:34'),(2782,1,'en','plugins/ecommerce/shipping','order_number','Order number','2021-04-11 19:01:34','2021-04-11 19:01:34'),(2783,1,'en','plugins/ecommerce/shipping','shipping_method','Shipping method','2021-04-11 19:01:34','2021-04-11 19:01:34'),(2784,1,'en','plugins/ecommerce/shipping','select_shipping_method','Select shipping method','2021-04-11 19:01:34','2021-04-11 19:01:34'),(2785,1,'en','plugins/ecommerce/shipping','cod_status','COD status','2021-04-11 19:01:34','2021-04-11 19:01:34'),(2786,1,'en','plugins/ecommerce/shipping','shipping_status','Shipping status','2021-04-11 19:01:34','2021-04-11 19:01:34'),(2787,1,'en','plugins/ecommerce/shipping','customer_information','Customer information','2021-04-11 19:01:34','2021-04-11 19:01:34'),(2788,1,'en','plugins/ecommerce/shipping','sku','SKU','2021-04-11 19:01:34','2021-04-11 19:01:34'),(2789,1,'en','plugins/ecommerce/shipping','change_status_confirm_title','Confirm <span class=\"shipment-status-label\"></span> ?','2021-04-11 19:01:34','2021-04-11 19:01:34'),(2790,1,'en','plugins/ecommerce/shipping','change_status_confirm_description','Are you sure you want to confirm <span class=\"shipment-status-label\"></span> for this shipment?','2021-04-11 19:01:34','2021-04-11 19:01:34'),(2791,1,'en','plugins/ecommerce/shipping','accept','Accept','2021-04-11 19:01:34','2021-04-11 19:01:34'),(2792,1,'en','plugins/ecommerce/shipping','weight_unit','Weight (:unit)','2021-04-11 19:01:34','2021-04-11 19:01:34'),(2793,1,'en','plugins/ecommerce/shipping','warehouse','Warehouse','2021-04-11 19:01:34','2021-04-11 19:01:34'),(2794,1,'en','plugins/ecommerce/shipping','cod_amount','Cash on delivery amount (COD)','2021-04-11 19:01:34','2021-04-11 19:01:34'),(2795,1,'en','plugins/ecommerce/shipping','cancel_shipping','Cancel shipping','2021-04-11 19:01:34','2021-04-11 19:01:34'),(2796,1,'en','plugins/ecommerce/shipping','shipping_address','Shipping address','2021-04-11 19:01:34','2021-04-11 19:01:34'),(2797,1,'en','plugins/ecommerce/shipping','packages','Packages','2021-04-11 19:01:34','2021-04-11 19:01:34'),(2798,1,'en','plugins/ecommerce/shipping','edit','Edit','2021-04-11 19:01:34','2021-04-11 19:01:34'),(2799,1,'en','plugins/ecommerce/shipping','fee','Fee','2021-04-11 19:01:34','2021-04-11 19:01:34'),(2800,1,'en','plugins/ecommerce/shipping','note','Note','2021-04-11 19:01:34','2021-04-11 19:01:34'),(2801,1,'en','plugins/ecommerce/shipping','finish','Finish','2021-04-11 19:01:34','2021-04-11 19:01:34'),(2802,1,'en','plugins/ecommerce/shipping','shipping_fee_cod','Shipping fee/COD','2021-04-11 19:01:34','2021-04-11 19:01:34'),(2803,1,'en','plugins/ecommerce/shipping','send_confirmation_email_to_customer','Send confirmation email to customer','2021-04-11 19:01:34','2021-04-11 19:01:34'),(2804,1,'en','plugins/ecommerce/shipping','form_name','Name','2021-04-11 19:01:34','2021-04-11 19:01:34'),(2805,1,'en','plugins/ecommerce/shipping','changed_shipping_status','Changed status of shipping to : :status . Updated by: %user_name%','2021-04-11 19:01:34','2021-04-11 19:01:34'),(2806,1,'en','plugins/ecommerce/shipping','order_confirmed_by','Order confirmed by %user_name%','2021-04-11 19:01:34','2021-04-11 19:01:34'),(2807,1,'en','plugins/ecommerce/shipping','shipping_canceled_by','Shipping is cancelled by %user_name%','2021-04-11 19:01:34','2021-04-11 19:01:34'),(2808,1,'en','plugins/ecommerce/shipping','update_shipping_status_success','Update shipping status successfully!','2021-04-11 19:01:34','2021-04-11 19:01:34'),(2809,1,'en','plugins/ecommerce/shipping','update_cod_status_success','Updated COD status of shipping successfully!','2021-04-11 19:01:34','2021-04-11 19:01:34'),(2810,1,'en','plugins/ecommerce/shipping','updated_cod_status_by','Updated COD status to :status . Updated by: %user_name%','2021-04-11 19:01:34','2021-04-11 19:01:34'),(2811,1,'en','plugins/ecommerce/shipping','all','All','2021-04-11 19:01:34','2021-04-11 19:01:34'),(2812,1,'en','plugins/ecommerce/shipping','error_when_adding_new_region','There is an error when adding new region!','2021-04-11 19:01:34','2021-04-11 19:01:34'),(2813,1,'en','plugins/ecommerce/shipping','delivery','Delivery','2021-04-11 19:01:34','2021-04-11 19:01:34'),(2814,1,'en','plugins/ecommerce/shipping','adjustment_price_of','Adjustment price of :key','2021-04-11 19:01:34','2021-04-11 19:01:34'),(2815,1,'en','plugins/ecommerce/store-locator','name','Store locators','2021-04-11 19:01:34','2021-04-11 19:01:34'),(2816,1,'en','plugins/ecommerce/store-locator','description','This address will appear on your invoice and will be used to calculate your shipping price.','2021-04-11 19:01:34','2021-04-11 19:01:34'),(2817,1,'en','plugins/ecommerce/store-locator','shop_name','Shop name','2021-04-11 19:01:34','2021-04-11 19:01:34'),(2818,1,'en','plugins/ecommerce/store-locator','phone','Phone','2021-04-11 19:01:34','2021-04-11 19:01:34'),(2819,1,'en','plugins/ecommerce/store-locator','email','Email','2021-04-11 19:01:34','2021-04-11 19:01:34'),(2820,1,'en','plugins/ecommerce/store-locator','state','State','2021-04-11 19:01:34','2021-04-11 19:01:34'),(2821,1,'en','plugins/ecommerce/store-locator','city','City','2021-04-11 19:01:34','2021-04-11 19:01:34'),(2822,1,'en','plugins/ecommerce/store-locator','country','Country','2021-04-11 19:01:34','2021-04-11 19:01:34'),(2823,1,'en','plugins/ecommerce/store-locator','address','Address','2021-04-11 19:01:34','2021-04-11 19:01:34'),(2824,1,'en','plugins/ecommerce/store-locator','primary_store_is','Primary store is','2021-04-11 19:01:34','2021-04-11 19:01:34'),(2825,1,'en','plugins/ecommerce/store-locator','store_name','Store name','2021-04-11 19:01:34','2021-04-11 19:01:34'),(2826,1,'en','plugins/ecommerce/store-locator','select_country','Select country...','2021-04-11 19:01:34','2021-04-11 19:01:34'),(2827,1,'en','plugins/ecommerce/store-locator','default_shipping_location','Default shipping location','2021-04-11 19:01:34','2021-04-11 19:01:34'),(2828,1,'en','plugins/ecommerce/store-locator','default_store','Default store','2021-04-11 19:01:34','2021-04-11 19:01:34'),(2829,1,'en','plugins/ecommerce/tax','name','Taxes','2021-04-11 19:01:34','2021-04-11 19:01:34'),(2830,1,'en','plugins/ecommerce/tax','create','Create a tax','2021-04-11 19:01:34','2021-04-11 19:01:34'),(2831,1,'en','plugins/ecommerce/tax','edit','Edit tax :title','2021-04-11 19:01:34','2021-04-11 19:01:34'),(2832,1,'en','plugins/ecommerce/tax','title','Title','2021-04-11 19:01:34','2021-04-11 19:01:34'),(2833,1,'en','plugins/ecommerce/tax','percentage','Percentage %','2021-04-11 19:01:34','2021-04-11 19:01:34'),(2834,1,'en','plugins/ecommerce/tax','priority','Priority','2021-04-11 19:01:34','2021-04-11 19:01:34'),(2835,1,'en','plugins/ecommerce/tax','select_tax','-- select --','2021-04-11 19:01:34','2021-04-11 19:01:34'),(2836,1,'vi','plugins/ecommerce/brands','name','Thương hiệu','2021-04-11 19:01:34','2021-04-11 19:01:34'),(2837,1,'vi','plugins/ecommerce/brands','create','Thêm thương hiệu mới','2021-04-11 19:01:34','2021-04-11 19:01:34'),(2838,1,'vi','plugins/ecommerce/brands','edit','Sửa thương hiệu','2021-04-11 19:01:34','2021-04-11 19:01:34'),(2839,1,'vi','plugins/ecommerce/brands','list','Danh sách thương hiệu','2021-04-11 19:01:34','2021-04-11 19:01:34'),(2840,1,'vi','plugins/ecommerce/brands','form.name','Tên','2021-04-11 19:01:34','2021-04-11 19:01:34'),(2841,1,'vi','plugins/ecommerce/brands','form.name_placeholder','Tên thương hiệu (tối đa 255 kí tự)','2021-04-11 19:01:34','2021-04-11 19:01:34'),(2842,1,'vi','plugins/ecommerce/brands','form.description','Mô tả','2021-04-11 19:01:34','2021-04-11 19:01:34'),(2843,1,'vi','plugins/ecommerce/brands','form.description_placeholder','Mô tả ngắn cho thương hiệu này (tối đa 400 kí tự)','2021-04-11 19:01:34','2021-04-11 19:01:34'),(2844,1,'vi','plugins/ecommerce/brands','form.website','Website','2021-04-11 19:01:34','2021-04-11 19:01:34'),(2845,1,'vi','plugins/ecommerce/brands','form.logo','Logo','2021-04-11 19:01:34','2021-04-11 19:01:34'),(2846,1,'vi','plugins/ecommerce/brands','form.is_featured','Nổi bật?','2021-04-11 19:01:34','2021-04-11 19:01:34'),(2847,1,'vi','plugins/ecommerce/brands','logo','Logo','2021-04-11 19:01:34','2021-04-11 19:01:34'),(2848,1,'vi','plugins/ecommerce/brands','website','Website','2021-04-11 19:01:34','2021-04-11 19:01:34'),(2849,1,'vi','plugins/ecommerce/brands','notices.no_select','Không có bản ghi nào được chọn!','2021-04-11 19:01:34','2021-04-11 19:01:34'),(2850,1,'vi','plugins/ecommerce/brands','notices.update_success_message','Cập nhật thành công','2021-04-11 19:01:34','2021-04-11 19:01:34'),(2851,1,'vi','plugins/ecommerce/brands','cannot_delete','Xoá không thành công','2021-04-11 19:01:34','2021-04-11 19:01:34'),(2852,1,'vi','plugins/ecommerce/brands','brand_deleted','Xoá thương hiệu thành công','2021-04-11 19:01:34','2021-04-11 19:01:34'),(2853,1,'vi','plugins/ecommerce/brands','menu','Thương hiệu','2021-04-11 19:01:34','2021-04-11 19:01:34'),(2854,1,'vi','plugins/ecommerce/brands','intro.title','Quản lý danh sách thương hiệu','2021-04-11 19:01:34','2021-04-11 19:01:34'),(2855,1,'vi','plugins/ecommerce/brands','intro.description','Các thương hiệu của sản phẩm như Nike, Adidas, Bitis ...','2021-04-11 19:01:34','2021-04-11 19:01:34'),(2856,1,'vi','plugins/ecommerce/brands','intro.button_text','Tạo thương hiệu','2021-04-11 19:01:34','2021-04-11 19:01:34'),(2857,1,'vi','plugins/ecommerce/currencies','name','Tiền tệ','2021-04-11 19:01:34','2021-04-11 19:01:34'),(2858,1,'vi','plugins/ecommerce/currencies','create','Thêm loại tiền tệ mới','2021-04-11 19:01:34','2021-04-11 19:01:34'),(2859,1,'vi','plugins/ecommerce/currencies','edit','Sửa tiền tệ','2021-04-11 19:01:34','2021-04-11 19:01:34'),(2860,1,'vi','plugins/ecommerce/currencies','list','Danh sách tiền tệ','2021-04-11 19:01:34','2021-04-11 19:01:34'),(2861,1,'vi','plugins/ecommerce/currencies','tables.title','Tên','2021-04-11 19:01:34','2021-04-11 19:01:34'),(2862,1,'vi','plugins/ecommerce/currencies','tables.code','Mã','2021-04-11 19:01:34','2021-04-11 19:01:34'),(2863,1,'vi','plugins/ecommerce/currencies','tables.symbol','Kí hiệu','2021-04-11 19:01:34','2021-04-11 19:01:34'),(2864,1,'vi','plugins/ecommerce/currencies','tables.is_prefix_symbol','Sử dụng ký hiệu trước số tiền','2021-04-11 19:01:34','2021-04-11 19:01:34'),(2865,1,'vi','plugins/ecommerce/currencies','tables.status','Trạng thái','2021-04-11 19:01:34','2021-04-11 19:01:34'),(2866,1,'vi','plugins/ecommerce/currencies','tables.order','Sắp xếp','2021-04-11 19:01:34','2021-04-11 19:01:34'),(2867,1,'vi','plugins/ecommerce/currencies','forms.title','Tiêu đề','2021-04-11 19:01:34','2021-04-11 19:01:34'),(2868,1,'vi','plugins/ecommerce/currencies','forms.code','Mã','2021-04-11 19:01:34','2021-04-11 19:01:34'),(2869,1,'vi','plugins/ecommerce/currencies','forms.symbol','Kí hiệu','2021-04-11 19:01:34','2021-04-11 19:01:34'),(2870,1,'vi','plugins/ecommerce/currencies','forms.is_prefix_symbol','Sử dụng ký hiệu trước số tiền','2021-04-11 19:01:34','2021-04-11 19:01:34'),(2871,1,'vi','plugins/ecommerce/currencies','forms.status','Trạng thái','2021-04-11 19:01:34','2021-04-11 19:01:34'),(2872,1,'vi','plugins/ecommerce/currencies','forms.order','Sắp xếp','2021-04-11 19:01:34','2021-04-11 19:01:34'),(2873,1,'vi','plugins/ecommerce/currencies','forms.decimals','Số kí tự sau dấu phân cách','2021-04-11 19:01:34','2021-04-11 19:01:34'),(2874,1,'vi','plugins/ecommerce/currencies','forms.activated','Đã kích hoạt','2021-04-11 19:01:34','2021-04-11 19:01:34'),(2875,1,'vi','plugins/ecommerce/currencies','forms.deactivated','Đã bị huỷ kích hoạt','2021-04-11 19:01:34','2021-04-11 19:01:34'),(2876,1,'vi','plugins/ecommerce/currencies','forms.yes','Có','2021-04-11 19:01:34','2021-04-11 19:01:34'),(2877,1,'vi','plugins/ecommerce/currencies','forms.no','Không','2021-04-11 19:01:34','2021-04-11 19:01:34'),(2878,1,'vi','plugins/ecommerce/currency','currencies','Tiền tệ','2021-04-11 19:01:34','2021-04-11 19:01:34'),(2879,1,'vi','plugins/ecommerce/currency','setting_description','Các loại tiền tệ được sử dụng trên website.','2021-04-11 19:01:34','2021-04-11 19:01:34'),(2880,1,'vi','plugins/ecommerce/currency','name','Tên','2021-04-11 19:01:34','2021-04-11 19:01:34'),(2881,1,'vi','plugins/ecommerce/currency','symbol','Ký hiệu','2021-04-11 19:01:34','2021-04-11 19:01:34'),(2882,1,'vi','plugins/ecommerce/currency','number_of_decimals','Số thập phân','2021-04-11 19:01:34','2021-04-11 19:01:34'),(2883,1,'vi','plugins/ecommerce/currency','exchange_rate','Tỷ giá','2021-04-11 19:01:34','2021-04-11 19:01:34'),(2884,1,'vi','plugins/ecommerce/currency','is_prefix_symbol','Vị trí ký hiệu','2021-04-11 19:01:34','2021-04-11 19:01:34'),(2885,1,'vi','plugins/ecommerce/currency','is_default','Mặc định?','2021-04-11 19:01:34','2021-04-11 19:01:34'),(2886,1,'vi','plugins/ecommerce/currency','remove','Xoá','2021-04-11 19:01:34','2021-04-11 19:01:34'),(2887,1,'vi','plugins/ecommerce/currency','new_currency','Thêm tiền tệ mới','2021-04-11 19:01:34','2021-04-11 19:01:34'),(2888,1,'vi','plugins/ecommerce/currency','save_settings','Lưu cài đặt','2021-04-11 19:01:34','2021-04-11 19:01:34'),(2889,1,'vi','plugins/ecommerce/currency','before_number','Trước số','2021-04-11 19:01:34','2021-04-11 19:01:34'),(2890,1,'vi','plugins/ecommerce/currency','after_number','Sau số','2021-04-11 19:01:34','2021-04-11 19:01:34'),(2891,1,'vi','plugins/ecommerce/customer','name','Khách hàng','2021-04-11 19:01:34','2021-04-11 19:01:34'),(2892,1,'vi','plugins/ecommerce/customer','create','Create a customer','2021-04-11 19:01:34','2021-04-11 19:01:34'),(2893,1,'vi','plugins/ecommerce/customer','edit','Edit customer \":name\"','2021-04-11 19:01:34','2021-04-11 19:01:34'),(2894,1,'vi','plugins/ecommerce/customer','email','Email','2021-04-11 19:01:34','2021-04-11 19:01:34'),(2895,1,'vi','plugins/ecommerce/customer','email_placeholder','Ex: example@gmail.com','2021-04-11 19:01:34','2021-04-11 19:01:34'),(2896,1,'vi','plugins/ecommerce/customer','password','Password','2021-04-11 19:01:34','2021-04-11 19:01:34'),(2897,1,'vi','plugins/ecommerce/customer','change_password','Change password?','2021-04-11 19:01:34','2021-04-11 19:01:34'),(2898,1,'vi','plugins/ecommerce/customer','password_confirmation','Password confirmation','2021-04-11 19:01:34','2021-04-11 19:01:34'),(2899,1,'vi','plugins/ecommerce/customer','intro.title','Quản lý danh sách khách hàng','2021-04-11 19:01:34','2021-04-11 19:01:34'),(2900,1,'vi','plugins/ecommerce/customer','intro.description','Khi khách hàng đặt hàng, bạn sẽ biết được thông tin và lịch sử mua hàng của khách hàng.','2021-04-11 19:01:34','2021-04-11 19:01:34'),(2901,1,'vi','plugins/ecommerce/customer','intro.button_text','Tạo khách hàng','2021-04-11 19:01:34','2021-04-11 19:01:34'),(2902,1,'vi','plugins/ecommerce/discount','name','Khuyến mãi','2021-04-11 19:01:34','2021-04-11 19:01:34'),(2903,1,'vi','plugins/ecommerce/discount','invalid_coupon','Mã khuyến mãi không hợp lệ hoặc đã hết hạn!','2021-04-11 19:01:34','2021-04-11 19:01:34'),(2904,1,'vi','plugins/ecommerce/discount','cannot_use_same_time_with_other_discount_program','Mã khuyến mãi này không thể sử dụng chung với chương trình khuyến mãi!','2021-04-11 19:01:34','2021-04-11 19:01:34'),(2905,1,'vi','plugins/ecommerce/discount','not_used','Chưa sử dụng mã giảm giá này','2021-04-11 19:01:34','2021-04-11 19:01:34'),(2906,1,'vi','plugins/ecommerce/discount','detail','Detail','2021-04-11 19:01:34','2021-04-11 19:01:34'),(2907,1,'vi','plugins/ecommerce/discount','used','Used','2021-04-11 19:01:34','2021-04-11 19:01:34'),(2908,1,'vi','plugins/ecommerce/discount','start_date','Start date','2021-04-11 19:01:34','2021-04-11 19:01:34'),(2909,1,'vi','plugins/ecommerce/discount','end_date','End date','2021-04-11 19:01:34','2021-04-11 19:01:34'),(2910,1,'vi','plugins/ecommerce/discount','intro.title','Chương trình khuyến mãi','2021-04-11 19:01:34','2021-04-11 19:01:34'),(2911,1,'vi','plugins/ecommerce/discount','intro.description','Tạo ra các mã coupon, cài đặt một sản phẩm, hoặc một nhóm sản phẩm khuyến mãi dành cho các khách hàng thân thiết của bạn.','2021-04-11 19:01:34','2021-04-11 19:01:34'),(2912,1,'vi','plugins/ecommerce/discount','intro.button_text','Tạo khuyến mãi','2021-04-11 19:01:34','2021-04-11 19:01:34'),(2913,1,'vi','plugins/ecommerce/ecommerce','settings','Cài đặt','2021-04-11 19:01:34','2021-04-11 19:01:34'),(2914,1,'vi','plugins/ecommerce/ecommerce','name','Thương mại điện tử','2021-04-11 19:01:34','2021-04-11 19:01:34'),(2915,1,'vi','plugins/ecommerce/ecommerce','setting.email.title','E-commerce','2021-04-11 19:01:34','2021-04-11 19:01:34'),(2916,1,'vi','plugins/ecommerce/ecommerce','setting.email.description','Ecommerce email config','2021-04-11 19:01:34','2021-04-11 19:01:34'),(2917,1,'vi','plugins/ecommerce/ecommerce','setting.email.order_confirm_subject','Subject of order confirmation email','2021-04-11 19:01:34','2021-04-11 19:01:34'),(2918,1,'vi','plugins/ecommerce/ecommerce','setting.email.order_confirm_subject_placeholder','The subject of email confirmation send to the customer','2021-04-11 19:01:34','2021-04-11 19:01:34'),(2919,1,'vi','plugins/ecommerce/ecommerce','setting.email.order_confirm_content','Content of order confirmation email','2021-04-11 19:01:34','2021-04-11 19:01:34'),(2920,1,'vi','plugins/ecommerce/ecommerce','setting.email.order_status_change_subject','Subject of email when changing order\'s status','2021-04-11 19:01:34','2021-04-11 19:01:34'),(2921,1,'vi','plugins/ecommerce/ecommerce','setting.email.order_status_change_subject_placeholder','Subject of email when changing order\'s status send to customer','2021-04-11 19:01:34','2021-04-11 19:01:34'),(2922,1,'vi','plugins/ecommerce/ecommerce','setting.email.order_status_change_content','Content of email when changing order\'s status','2021-04-11 19:01:34','2021-04-11 19:01:34'),(2923,1,'vi','plugins/ecommerce/ecommerce','setting.email.from_email','Email from','2021-04-11 19:01:34','2021-04-11 19:01:34'),(2924,1,'vi','plugins/ecommerce/ecommerce','setting.email.from_email_placeholder','Email from address to display in mail. Ex: example@gmail.com','2021-04-11 19:01:34','2021-04-11 19:01:34'),(2925,1,'vi','plugins/ecommerce/ecommerce','store_address','Địa chỉ cửa hàng','2021-04-11 19:01:34','2021-04-11 19:01:34'),(2926,1,'vi','plugins/ecommerce/ecommerce','store_phone','Số điện thoại cửa hàng','2021-04-11 19:01:34','2021-04-11 19:01:34'),(2927,1,'vi','plugins/ecommerce/ecommerce','order_id','Mã đơn hàng','2021-04-11 19:01:34','2021-04-11 19:01:34'),(2928,1,'vi','plugins/ecommerce/ecommerce','order_token','Chuỗi mã hoá đơn hàng','2021-04-11 19:01:34','2021-04-11 19:01:34'),(2929,1,'vi','plugins/ecommerce/ecommerce','customer_name','Tên khách hàng','2021-04-11 19:01:34','2021-04-11 19:01:34'),(2930,1,'vi','plugins/ecommerce/ecommerce','customer_email','Email khách hàng','2021-04-11 19:01:34','2021-04-11 19:01:34'),(2931,1,'vi','plugins/ecommerce/ecommerce','customer_phone','Số điện thoại khách hàng','2021-04-11 19:01:34','2021-04-11 19:01:34'),(2932,1,'vi','plugins/ecommerce/ecommerce','customer_address','Địa chỉ khách hàng','2021-04-11 19:01:34','2021-04-11 19:01:34'),(2933,1,'vi','plugins/ecommerce/ecommerce','product_list','Danh sách sản phẩm trong đơn hàng','2021-04-11 19:01:34','2021-04-11 19:01:34'),(2934,1,'vi','plugins/ecommerce/ecommerce','payment_detail','Chi tiết thanh toán','2021-04-11 19:01:34','2021-04-11 19:01:34'),(2935,1,'vi','plugins/ecommerce/ecommerce','shipping_method','Phương thức vận chuyển','2021-04-11 19:01:34','2021-04-11 19:01:34'),(2936,1,'vi','plugins/ecommerce/ecommerce','payment_method','Phương thức thanh toán','2021-04-11 19:01:34','2021-04-11 19:01:34'),(2937,1,'vi','plugins/ecommerce/ecommerce','standard_and_format','Tiêu chuẩn & Định dạng','2021-04-11 19:01:34','2021-04-11 19:01:34'),(2938,1,'vi','plugins/ecommerce/ecommerce','standard_and_format_description','Các tiêu chuẩn và các định dạng được sử dụng để tính toán những thứ như giá cả sản phẩm, trọng lượng vận chuyển và thời gian đơn hàng được đặt.','2021-04-11 19:01:34','2021-04-11 19:01:34'),(2939,1,'vi','plugins/ecommerce/ecommerce','change_order_format','Chỉnh sửa định dạng mã đơn hàng (tùy chọn)','2021-04-11 19:01:34','2021-04-11 19:01:34'),(2940,1,'vi','plugins/ecommerce/ecommerce','change_order_format_description','Mã đơn hàng mặc định bắt đầu từ :number. Bạn có thể thay đổi chuỗi bắt đầu hoặc kết thúc để tạo mã đơn hàng theo ý bạn, ví dụ \"DH-:number\" hoặc \":number-A\"','2021-04-11 19:01:34','2021-04-11 19:01:34'),(2941,1,'vi','plugins/ecommerce/ecommerce','start_with','Bắt đầu bằng','2021-04-11 19:01:34','2021-04-11 19:01:34'),(2942,1,'vi','plugins/ecommerce/ecommerce','end_with','Kết thúc bằng','2021-04-11 19:01:34','2021-04-11 19:01:34'),(2943,1,'vi','plugins/ecommerce/ecommerce','order_will_be_shown','Mã đơn hàng của bạn sẽ hiển thị theo mẫu','2021-04-11 19:01:34','2021-04-11 19:01:34'),(2944,1,'vi','plugins/ecommerce/ecommerce','weight_unit','Đơn vị cân nặng','2021-04-11 19:01:34','2021-04-11 19:01:34'),(2945,1,'vi','plugins/ecommerce/ecommerce','height_unit','Đơn vị chiều dài/chiều cao','2021-04-11 19:01:34','2021-04-11 19:01:34'),(2946,1,'vi','plugins/ecommerce/email','customer_new_order_title','Xác nhận đơn hàng','2021-04-11 19:01:34','2021-04-11 19:01:34'),(2947,1,'vi','plugins/ecommerce/email','customer_new_order_description','Được gửi khi khách hàng tạo đơn hàng','2021-04-11 19:01:34','2021-04-11 19:01:34'),(2948,1,'vi','plugins/ecommerce/email','customer_new_order_subject','Đơn hàng mới {{ order_id }}','2021-04-11 19:01:34','2021-04-11 19:01:34'),(2949,1,'vi','plugins/ecommerce/email','order_cancellation_title','Hủy đơn hàng','2021-04-11 19:01:34','2021-04-11 19:01:34'),(2950,1,'vi','plugins/ecommerce/email','order_cancellation_description','Được gửi khi khách hàng hủy đơn hàng','2021-04-11 19:01:34','2021-04-11 19:01:34'),(2951,1,'vi','plugins/ecommerce/email','order_cancellation_subject','Đơn hàng đã được huỷ {{ order_id }}','2021-04-11 19:01:34','2021-04-11 19:01:34'),(2952,1,'vi','plugins/ecommerce/email','delivery_confirmation_title','Xác nhận giao hàng','2021-04-11 19:01:34','2021-04-11 19:01:34'),(2953,1,'vi','plugins/ecommerce/email','delivery_confirmation_description','Được gửi đến khách hàng khi bắt đầu giao hàng','2021-04-11 19:01:34','2021-04-11 19:01:34'),(2954,1,'vi','plugins/ecommerce/email','delivery_confirmation_subject','Đơn hàng đang được giao {{ order_id }}','2021-04-11 19:01:34','2021-04-11 19:01:34'),(2955,1,'vi','plugins/ecommerce/email','admin_new_order_title','Thông báo có đơn hàng mới','2021-04-11 19:01:34','2021-04-11 19:01:34'),(2956,1,'vi','plugins/ecommerce/email','admin_new_order_description','Được gửi cho quản trị viên khi có khách mua hàng','2021-04-11 19:01:34','2021-04-11 19:01:34'),(2957,1,'vi','plugins/ecommerce/email','admin_new_order_subject','Đơn hàng mới {{ order_id }}','2021-04-11 19:01:34','2021-04-11 19:01:34'),(2958,1,'vi','plugins/ecommerce/email','order_confirmation_title','Xác nhận đơn hàng','2021-04-11 19:01:34','2021-04-11 19:01:34'),(2959,1,'vi','plugins/ecommerce/email','order_confirmation_description','Email được gửi đến khách hàng khi đơn hàng xác nhận','2021-04-11 19:01:34','2021-04-11 19:01:34'),(2960,1,'vi','plugins/ecommerce/email','order_confirmation_subject','Đơn hàng đã được xác nhận {{ order_id }}','2021-04-11 19:01:34','2021-04-11 19:01:34'),(2961,1,'vi','plugins/ecommerce/email','payment_confirmation_title','Xác nhận thanh toán','2021-04-11 19:01:34','2021-04-11 19:01:34'),(2962,1,'vi','plugins/ecommerce/email','payment_confirmation_description','Email được gửi đến khách hàng khi đơn hàng xác nhận thanh toán','2021-04-11 19:01:34','2021-04-11 19:01:34'),(2963,1,'vi','plugins/ecommerce/email','payment_confirmation_subject','Đơn hàng đã được xác nhận thanh toán {{ order_id }}','2021-04-11 19:01:34','2021-04-11 19:01:34'),(2964,1,'vi','plugins/ecommerce/email','order_recover_title','Đơn hàng đang chờ hoàn tất','2021-04-11 19:01:34','2021-04-11 19:01:34'),(2965,1,'vi','plugins/ecommerce/email','order_recover_description','Email nhắc nhở khách hàng hoàn tất đơn hàng','2021-04-11 19:01:34','2021-04-11 19:01:34'),(2966,1,'vi','plugins/ecommerce/email','order_recover_subject','Đơn hàng đang chờ hoàn tất','2021-04-11 19:01:34','2021-04-11 19:01:34'),(2967,1,'vi','plugins/ecommerce/order','statuses.pending','Chưa xử lý','2021-04-11 19:01:34','2021-04-11 19:01:34'),(2968,1,'vi','plugins/ecommerce/order','statuses.processing','Đang xử lý','2021-04-11 19:01:34','2021-04-11 19:01:34'),(2969,1,'vi','plugins/ecommerce/order','statuses.delivering','Đang giao hàng','2021-04-11 19:01:34','2021-04-11 19:01:34'),(2970,1,'vi','plugins/ecommerce/order','statuses.delivered','Đã giao hàng','2021-04-11 19:01:34','2021-04-11 19:01:34'),(2971,1,'vi','plugins/ecommerce/order','statuses.completed','Hoàn thành','2021-04-11 19:01:34','2021-04-11 19:01:34'),(2972,1,'vi','plugins/ecommerce/order','statuses.canceled','Bị huỷ','2021-04-11 19:01:34','2021-04-11 19:01:34'),(2973,1,'vi','plugins/ecommerce/order','name','Đơn hàng','2021-04-11 19:01:34','2021-04-11 19:01:34'),(2974,1,'vi','plugins/ecommerce/order','customer.messages.cancel_error','Đơn hàng đang được giao hoặc đã hoàn thành','2021-04-11 19:01:34','2021-04-11 19:01:34'),(2975,1,'vi','plugins/ecommerce/order','customer.messages.cancel_success','Huỷ đơn hàng thành công','2021-04-11 19:01:34','2021-04-11 19:01:34'),(2976,1,'vi','plugins/ecommerce/order','incomplete_order','Đơn hàng chưa hoàn tất','2021-04-11 19:01:34','2021-04-11 19:01:34'),(2977,1,'vi','plugins/ecommerce/order','order_id','Mã đơn hàng','2021-04-11 19:01:34','2021-04-11 19:01:34'),(2978,1,'vi','plugins/ecommerce/order','customer_label','Khách hàng','2021-04-11 19:01:34','2021-04-11 19:01:34'),(2979,1,'vi','plugins/ecommerce/order','amount','Tổng cộng','2021-04-11 19:01:34','2021-04-11 19:01:34'),(2980,1,'vi','plugins/ecommerce/order','shipping_amount','Phí vận chuyển','2021-04-11 19:01:34','2021-04-11 19:01:34'),(2981,1,'vi','plugins/ecommerce/order','payment_method','Phương thức thanh toán','2021-04-11 19:01:34','2021-04-11 19:01:34'),(2982,1,'vi','plugins/ecommerce/order','payment_status_label','Trạng thái thanh toán','2021-04-11 19:01:34','2021-04-11 19:01:34'),(2983,1,'vi','plugins/ecommerce/order','manage_orders','Quản lý đơn hàng','2021-04-11 19:01:34','2021-04-11 19:01:34'),(2984,1,'vi','plugins/ecommerce/order','order_intro_description','Một khi cửa hàng của bạn có đơn đặt hàng, đây sẽ là nơi bạn xử lý và theo dõi những đơn đặt hàng đó.','2021-04-11 19:01:34','2021-04-11 19:01:34'),(2985,1,'vi','plugins/ecommerce/order','create_new_order','Tạo đơn hàng','2021-04-11 19:01:34','2021-04-11 19:01:34'),(2986,1,'vi','plugins/ecommerce/order','manage_incomplete_orders','Quản lý đơn hàng chưa hoàn tất','2021-04-11 19:01:34','2021-04-11 19:01:34'),(2987,1,'vi','plugins/ecommerce/order','incomplete_orders_intro_description','Đơn hàng chưa hoàn tất là đơn hàng được tạo khi khách hàng thêm sản phẩm vào giỏ hàng, tiến hành điền thông tin mua hàng nhưng không hoàn tất quá trình thanh toán.','2021-04-11 19:01:34','2021-04-11 19:01:34'),(2988,1,'vi','plugins/ecommerce/payment','name','Thanh toán','2021-04-11 19:01:34','2021-04-11 19:01:34'),(2989,1,'vi','plugins/ecommerce/payment','all_payment','Tất cả thanh toán','2021-04-11 19:01:34','2021-04-11 19:01:34'),(2990,1,'vi','plugins/ecommerce/payment','payment_method','Phương thức thanh toán','2021-04-11 19:01:34','2021-04-11 19:01:34'),(2991,1,'vi','plugins/ecommerce/payment','checkout_success','Thanh toán thành công!','2021-04-11 19:01:34','2021-04-11 19:01:34'),(2992,1,'vi','plugins/ecommerce/payment','view_payment','Xem thanh toán #','2021-04-11 19:01:34','2021-04-11 19:01:34'),(2993,1,'vi','plugins/ecommerce/payment','charge_id','Mã giao dịch','2021-04-11 19:01:34','2021-04-11 19:01:34'),(2994,1,'vi','plugins/ecommerce/payment','amount','Số tiền','2021-04-11 19:01:34','2021-04-11 19:01:34'),(2995,1,'vi','plugins/ecommerce/payment','currency','Đơn vị tiền tệ','2021-04-11 19:01:34','2021-04-11 19:01:34'),(2996,1,'vi','plugins/ecommerce/payment','user','Người dùng','2021-04-11 19:01:34','2021-04-11 19:01:34'),(2997,1,'vi','plugins/ecommerce/payment','paypal_name_required','Tên của phương thức PayPal là bắt buộc!','2021-04-11 19:01:34','2021-04-11 19:01:34'),(2998,1,'vi','plugins/ecommerce/payment','paypal_name_max','Tên của phương thức PayPal quá dài!','2021-04-11 19:01:34','2021-04-11 19:01:34'),(2999,1,'vi','plugins/ecommerce/payment','stripe_name_required','Tên của phương thức Stripe là bắt buộc!','2021-04-11 19:01:34','2021-04-11 19:01:34'),(3000,1,'vi','plugins/ecommerce/payment','stripe_name_max','Tên của phương thức Stripe quá dài!','2021-04-11 19:01:34','2021-04-11 19:01:34'),(3001,1,'vi','plugins/ecommerce/payment','status','Trạng thái','2021-04-11 19:01:34','2021-04-11 19:01:34'),(3002,1,'vi','plugins/ecommerce/payment','enabled','Bật','2021-04-11 19:01:34','2021-04-11 19:01:34'),(3003,1,'vi','plugins/ecommerce/payment','disabled','Tắt','2021-04-11 19:01:35','2021-04-11 19:01:35'),(3004,1,'vi','plugins/ecommerce/payment','client_id','Client ID','2021-04-11 19:01:35','2021-04-11 19:01:35'),(3005,1,'vi','plugins/ecommerce/payment','client_secret','Client Secret','2021-04-11 19:01:35','2021-04-11 19:01:35'),(3006,1,'vi','plugins/ecommerce/payment','mode','Chế độ','2021-04-11 19:01:35','2021-04-11 19:01:35'),(3007,1,'vi','plugins/ecommerce/payment','sandbox','Sandbox','2021-04-11 19:01:35','2021-04-11 19:01:35'),(3008,1,'vi','plugins/ecommerce/payment','live','Live','2021-04-11 19:01:35','2021-04-11 19:01:35'),(3009,1,'vi','plugins/ecommerce/payment','enable_payment_log','Bật lưu nhật ký thanh toán','2021-04-11 19:01:35','2021-04-11 19:01:35'),(3010,1,'vi','plugins/ecommerce/payment','yes','Có','2021-04-11 19:01:35','2021-04-11 19:01:35'),(3011,1,'vi','plugins/ecommerce/payment','no','Không','2021-04-11 19:01:35','2021-04-11 19:01:35'),(3012,1,'vi','plugins/ecommerce/payment','client_key','Client Key','2021-04-11 19:01:35','2021-04-11 19:01:35'),(3013,1,'vi','plugins/ecommerce/payment','stripe','Stripe','2021-04-11 19:01:35','2021-04-11 19:01:35'),(3014,1,'vi','plugins/ecommerce/payment','paypal','PayPal','2021-04-11 19:01:35','2021-04-11 19:01:35'),(3015,1,'vi','plugins/ecommerce/payment','action','Hành động','2021-04-11 19:01:35','2021-04-11 19:01:35'),(3016,1,'vi','plugins/ecommerce/payment','go_back','Quay lại','2021-04-11 19:01:35','2021-04-11 19:01:35'),(3017,1,'vi','plugins/ecommerce/payment','view','Xem','2021-04-11 19:01:35','2021-04-11 19:01:35'),(3018,1,'vi','plugins/ecommerce/payment','cash_on_delivery','Thanh toán khi nhận hàng (COD)','2021-04-11 19:01:35','2021-04-11 19:01:35'),(3019,1,'vi','plugins/ecommerce/payment','via_bank_transfer','Thông qua chuyển khoản ngân hàng','2021-04-11 19:01:35','2021-04-11 19:01:35'),(3020,1,'vi','plugins/ecommerce/payment','payment_via_cart','Thanh toán bằng thẻ','2021-04-11 19:01:35','2021-04-11 19:01:35'),(3021,1,'vi','plugins/ecommerce/payment','card_number','Số thẻ','2021-04-11 19:01:35','2021-04-11 19:01:35'),(3022,1,'vi','plugins/ecommerce/payment','full_name','Tên trên thẻ','2021-04-11 19:01:35','2021-04-11 19:01:35'),(3023,1,'vi','plugins/ecommerce/payment','payment_via_paypal','Thanh toán thông qua PayPal','2021-04-11 19:01:35','2021-04-11 19:01:35'),(3024,1,'vi','plugins/ecommerce/payment','mm_yy','MM/YY','2021-04-11 19:01:35','2021-04-11 19:01:35'),(3025,1,'vi','plugins/ecommerce/payment','cvc','CVC','2021-04-11 19:01:35','2021-04-11 19:01:35'),(3026,1,'vi','plugins/ecommerce/payment','details','Chi tiết','2021-04-11 19:01:35','2021-04-11 19:01:35'),(3027,1,'vi','plugins/ecommerce/payment','payer_name','Người thanh toán','2021-04-11 19:01:35','2021-04-11 19:01:35'),(3028,1,'vi','plugins/ecommerce/payment','email','Địa chỉ email','2021-04-11 19:01:35','2021-04-11 19:01:35'),(3029,1,'vi','plugins/ecommerce/payment','phone','Điện thoại','2021-04-11 19:01:35','2021-04-11 19:01:35'),(3030,1,'vi','plugins/ecommerce/payment','country','Quốc gia','2021-04-11 19:01:35','2021-04-11 19:01:35'),(3031,1,'vi','plugins/ecommerce/payment','shipping_address','Địa chỉ giao hàng','2021-04-11 19:01:35','2021-04-11 19:01:35'),(3032,1,'vi','plugins/ecommerce/payment','payment_details','Chi tiết giao dịch','2021-04-11 19:01:35','2021-04-11 19:01:35'),(3033,1,'vi','plugins/ecommerce/payment','card','Thẻ','2021-04-11 19:01:35','2021-04-11 19:01:35'),(3034,1,'vi','plugins/ecommerce/payment','address','Địa chỉ','2021-04-11 19:01:35','2021-04-11 19:01:35'),(3035,1,'vi','plugins/ecommerce/payment','could_not_get_stripe_token','Không thể lấy mã Stripe để thanh toán','2021-04-11 19:01:35','2021-04-11 19:01:35'),(3036,1,'vi','plugins/ecommerce/payment','new_payment','Thanh toán cho đơn hàng :id','2021-04-11 19:01:35','2021-04-11 19:01:35'),(3037,1,'vi','plugins/ecommerce/payment','payment_id','Mã thanh toán','2021-04-11 19:01:35','2021-04-11 19:01:35'),(3038,1,'vi','plugins/ecommerce/prices','name','Price','2021-04-11 19:01:35','2021-04-11 19:01:35'),(3039,1,'vi','plugins/ecommerce/prices','create','New price','2021-04-11 19:01:35','2021-04-11 19:01:35'),(3040,1,'vi','plugins/ecommerce/prices','edit','Edit price','2021-04-11 19:01:35','2021-04-11 19:01:35'),(3041,1,'vi','plugins/ecommerce/prices','list','List price','2021-04-11 19:01:35','2021-04-11 19:01:35'),(3042,1,'vi','plugins/ecommerce/product-attribute-sets','name','Product attribute sets','2021-04-11 19:01:35','2021-04-11 19:01:35'),(3043,1,'vi','plugins/ecommerce/product-attribute-sets','create','New product attribute set','2021-04-11 19:01:35','2021-04-11 19:01:35'),(3044,1,'vi','plugins/ecommerce/product-attribute-sets','edit','Edit product attribute set','2021-04-11 19:01:35','2021-04-11 19:01:35'),(3045,1,'vi','plugins/ecommerce/product-attribute-sets','visible_in_categories','Visible in categories','2021-04-11 19:01:35','2021-04-11 19:01:35'),(3046,1,'vi','plugins/ecommerce/product-attribute-sets','product_with_more_version','Product with more version','2021-04-11 19:01:35','2021-04-11 19:01:35'),(3047,1,'vi','plugins/ecommerce/product-attribute-sets','create_a_version','Create a version','2021-04-11 19:01:35','2021-04-11 19:01:35'),(3048,1,'vi','plugins/ecommerce/product-attribute-sets','enabled','Enabled','2021-04-11 19:01:35','2021-04-11 19:01:35'),(3049,1,'vi','plugins/ecommerce/product-attribute-sets','attributes','Attributes','2021-04-11 19:01:35','2021-04-11 19:01:35'),(3050,1,'vi','plugins/ecommerce/product-attribute-sets','price','Price','2021-04-11 19:01:35','2021-04-11 19:01:35'),(3051,1,'vi','plugins/ecommerce/product-attribute-sets','edit_btn','Edit','2021-04-11 19:01:35','2021-04-11 19:01:35'),(3052,1,'vi','plugins/ecommerce/product-attribute-sets','remove_btn','Remove','2021-04-11 19:01:35','2021-04-11 19:01:35'),(3053,1,'vi','plugins/ecommerce/product-attribute-sets','product','Product','2021-04-11 19:01:35','2021-04-11 19:01:35'),(3054,1,'vi','plugins/ecommerce/product-attribute-sets','back_to_product','Back to product','2021-04-11 19:01:35','2021-04-11 19:01:35'),(3055,1,'vi','plugins/ecommerce/product-attribute-sets','save','Save','2021-04-11 19:01:35','2021-04-11 19:01:35'),(3056,1,'vi','plugins/ecommerce/product-attribute-sets','other_existing_versions','Other existing versions','2021-04-11 19:01:35','2021-04-11 19:01:35'),(3057,1,'vi','plugins/ecommerce/product-attribute-sets','version_information','Version information','2021-04-11 19:01:35','2021-04-11 19:01:35'),(3058,1,'vi','plugins/ecommerce/product-attribute-sets','add_rule','Add rule','2021-04-11 19:01:35','2021-04-11 19:01:35'),(3059,1,'vi','plugins/ecommerce/product-attribute-sets','rules','Rules','2021-04-11 19:01:35','2021-04-11 19:01:35'),(3060,1,'vi','plugins/ecommerce/product-attribute-sets','pricing','Pricing','2021-04-11 19:01:35','2021-04-11 19:01:35'),(3061,1,'vi','plugins/ecommerce/product-attribute-sets','sale_price','Sale price','2021-04-11 19:01:35','2021-04-11 19:01:35'),(3062,1,'vi','plugins/ecommerce/product-attribute-sets','sale_type','Sale type','2021-04-11 19:01:35','2021-04-11 19:01:35'),(3063,1,'vi','plugins/ecommerce/product-attribute-sets','no_sale_price','No sale price','2021-04-11 19:01:35','2021-04-11 19:01:35'),(3064,1,'vi','plugins/ecommerce/product-attribute-sets','always_on_sale','Always on sale','2021-04-11 19:01:35','2021-04-11 19:01:35'),(3065,1,'vi','plugins/ecommerce/product-attribute-sets','limited_time','Limited time','2021-04-11 19:01:35','2021-04-11 19:01:35'),(3066,1,'vi','plugins/ecommerce/product-attribute-sets','from','From','2021-04-11 19:01:35','2021-04-11 19:01:35'),(3067,1,'vi','plugins/ecommerce/product-attribute-sets','to','To','2021-04-11 19:01:35','2021-04-11 19:01:35'),(3068,1,'vi','plugins/ecommerce/product-attribute-sets','storehouse','Storehouse','2021-04-11 19:01:35','2021-04-11 19:01:35'),(3069,1,'vi','plugins/ecommerce/product-attribute-sets','no_storehouse_management','No storehouse management','2021-04-11 19:01:35','2021-04-11 19:01:35'),(3070,1,'vi','plugins/ecommerce/product-attribute-sets','with_storehouse_management','With storehouse management','2021-04-11 19:01:35','2021-04-11 19:01:35'),(3071,1,'vi','plugins/ecommerce/product-attribute-sets','quantity','Quantity','2021-04-11 19:01:35','2021-04-11 19:01:35'),(3072,1,'vi','plugins/ecommerce/product-attribute-sets','allow_customer_checkout_out_of_stock','Allow customer checkout when this product out of stock','2021-04-11 19:01:35','2021-04-11 19:01:35'),(3073,1,'vi','plugins/ecommerce/product-attribute-sets','shipping','Shipping','2021-04-11 19:01:35','2021-04-11 19:01:35'),(3074,1,'vi','plugins/ecommerce/product-attribute-sets','length','Length','2021-04-11 19:01:35','2021-04-11 19:01:35'),(3075,1,'vi','plugins/ecommerce/product-attribute-sets','wide','Wide','2021-04-11 19:01:35','2021-04-11 19:01:35'),(3076,1,'vi','plugins/ecommerce/product-attribute-sets','height','Height','2021-04-11 19:01:35','2021-04-11 19:01:35'),(3077,1,'vi','plugins/ecommerce/product-attribute-sets','weight','Weight','2021-04-11 19:01:35','2021-04-11 19:01:35'),(3078,1,'vi','plugins/ecommerce/product-attribute-sets','version_images','Version images','2021-04-11 19:01:35','2021-04-11 19:01:35'),(3079,1,'vi','plugins/ecommerce/product-attribute-sets','add_new_image','Add new image','2021-04-11 19:01:35','2021-04-11 19:01:35'),(3080,1,'vi','plugins/ecommerce/product-attribute-sets','attribute_set','Attribute set','2021-04-11 19:01:35','2021-04-11 19:01:35'),(3081,1,'vi','plugins/ecommerce/product-attribute-sets','value','Value','2021-04-11 19:01:35','2021-04-11 19:01:35'),(3082,1,'vi','plugins/ecommerce/product-attribute-sets','dropdown_swatch','Dropdown Swatch','2021-04-11 19:01:35','2021-04-11 19:01:35'),(3083,1,'vi','plugins/ecommerce/product-attribute-sets','visual_swatch','Visual Swatch','2021-04-11 19:01:35','2021-04-11 19:01:35'),(3084,1,'vi','plugins/ecommerce/product-attribute-sets','text_swatch','Text Swatch','2021-04-11 19:01:35','2021-04-11 19:01:35'),(3085,1,'vi','plugins/ecommerce/product-attributes','name','Thuộc tính sản phẩm','2021-04-11 19:01:35','2021-04-11 19:01:35'),(3086,1,'vi','plugins/ecommerce/product-attributes','create','Tạo','2021-04-11 19:01:35','2021-04-11 19:01:35'),(3087,1,'vi','plugins/ecommerce/product-attributes','edit','Sửa','2021-04-11 19:01:35','2021-04-11 19:01:35'),(3088,1,'vi','plugins/ecommerce/product-attributes','intro.title','Quản lý danh sách thuộc tính sản phẩm','2021-04-11 19:01:35','2021-04-11 19:01:35'),(3089,1,'vi','plugins/ecommerce/product-attributes','intro.description','Các thuộc tính của sản phẩm như màu sắc, kích thước ...','2021-04-11 19:01:35','2021-04-11 19:01:35'),(3090,1,'vi','plugins/ecommerce/product-attributes','intro.button_text','Tạo thuộc tính sản phẩm','2021-04-11 19:01:35','2021-04-11 19:01:35'),(3091,1,'vi','plugins/ecommerce/product-categories','create','Create new product category','2021-04-11 19:01:35','2021-04-11 19:01:35'),(3092,1,'vi','plugins/ecommerce/product-categories','edit','Edit product category','2021-04-11 19:01:35','2021-04-11 19:01:35'),(3093,1,'vi','plugins/ecommerce/product-categories','name','Danh mục sản phẩm','2021-04-11 19:01:35','2021-04-11 19:01:35'),(3094,1,'vi','plugins/ecommerce/product-categories','none','Không có','2021-04-11 19:01:35','2021-04-11 19:01:35'),(3095,1,'vi','plugins/ecommerce/product-categories','menu','Danh mục sản phẩm','2021-04-11 19:01:35','2021-04-11 19:01:35'),(3096,1,'vi','plugins/ecommerce/product-categories','intro.title','Quản lý danh sách danh mục sản phẩm','2021-04-11 19:01:35','2021-04-11 19:01:35'),(3097,1,'vi','plugins/ecommerce/product-categories','intro.description','Danh mục sản phẩm như quần áo, giày dép, linh kiện điện tử ...','2021-04-11 19:01:35','2021-04-11 19:01:35'),(3098,1,'vi','plugins/ecommerce/product-categories','intro.button_text','Tạo danh mục sản phẩm','2021-04-11 19:01:35','2021-04-11 19:01:35'),(3099,1,'vi','plugins/ecommerce/product-collections','name','Nhóm sản phẩm','2021-04-11 19:01:35','2021-04-11 19:01:35'),(3100,1,'vi','plugins/ecommerce/product-collections','create','Thêm nhóm sản phẩm','2021-04-11 19:01:35','2021-04-11 19:01:35'),(3101,1,'vi','plugins/ecommerce/product-collections','edit','Sửa nhóm sản phẩm','2021-04-11 19:01:35','2021-04-11 19:01:35'),(3102,1,'vi','plugins/ecommerce/product-collections','slug_help_block','Label key: <code>:slug</code>. We will use this key for filter.','2021-04-11 19:01:35','2021-04-11 19:01:35'),(3103,1,'vi','plugins/ecommerce/product-collections','intro.title','Quản lý nhóm sản phẩm','2021-04-11 19:01:35','2021-04-11 19:01:35'),(3104,1,'vi','plugins/ecommerce/product-collections','intro.description','Nhóm sản phẩm giúp quản lý sản phẩm và khách hàng tìm kiếm sản phẩm một cách dễ dàng.','2021-04-11 19:01:35','2021-04-11 19:01:35'),(3105,1,'vi','plugins/ecommerce/product-collections','intro.button_text','Tạo nhóm sản phẩm','2021-04-11 19:01:35','2021-04-11 19:01:35'),(3106,1,'vi','plugins/ecommerce/products','name','Sản phẩm','2021-04-11 19:01:35','2021-04-11 19:01:35'),(3107,1,'vi','plugins/ecommerce/products','create','Thêm sản phẩm mới','2021-04-11 19:01:35','2021-04-11 19:01:35'),(3108,1,'vi','plugins/ecommerce/products','edit','Sửa sản phẩm - :name','2021-04-11 19:01:35','2021-04-11 19:01:35'),(3109,1,'vi','plugins/ecommerce/products','form.name','Tên sản phẩm','2021-04-11 19:01:35','2021-04-11 19:01:35'),(3110,1,'vi','plugins/ecommerce/products','form.name_placeholder','Tên sản phẩm (Tối đa 120 chữ cái)','2021-04-11 19:01:35','2021-04-11 19:01:35'),(3111,1,'vi','plugins/ecommerce/products','form.description','Mô tả ngắn','2021-04-11 19:01:35','2021-04-11 19:01:35'),(3112,1,'vi','plugins/ecommerce/products','form.description_placeholder','Mô tả ngắn gọn cho sản phẩm (Tối đa 400 chữ cái)','2021-04-11 19:01:35','2021-04-11 19:01:35'),(3113,1,'vi','plugins/ecommerce/products','form.categories','Danh mục','2021-04-11 19:01:35','2021-04-11 19:01:35'),(3114,1,'vi','plugins/ecommerce/products','form.content','Chi tiết sản phẩm','2021-04-11 19:01:35','2021-04-11 19:01:35'),(3115,1,'vi','plugins/ecommerce/products','form.price','Giá cơ bản','2021-04-11 19:01:35','2021-04-11 19:01:35'),(3116,1,'vi','plugins/ecommerce/products','form.price_sale','Giá giảm','2021-04-11 19:01:35','2021-04-11 19:01:35'),(3117,1,'vi','plugins/ecommerce/products','form.quantity','Số lượng','2021-04-11 19:01:35','2021-04-11 19:01:35'),(3118,1,'vi','plugins/ecommerce/products','form.brand','Thương hiệu','2021-04-11 19:01:35','2021-04-11 19:01:35'),(3119,1,'vi','plugins/ecommerce/products','form.width','Rộng','2021-04-11 19:01:35','2021-04-11 19:01:35'),(3120,1,'vi','plugins/ecommerce/products','form.height','Cao','2021-04-11 19:01:35','2021-04-11 19:01:35'),(3121,1,'vi','plugins/ecommerce/products','form.weight','Cân nặng','2021-04-11 19:01:35','2021-04-11 19:01:35'),(3122,1,'vi','plugins/ecommerce/products','form.image','Hình ảnh','2021-04-11 19:01:35','2021-04-11 19:01:35'),(3123,1,'vi','plugins/ecommerce/products','form.label','Nhóm sản phẩm','2021-04-11 19:01:35','2021-04-11 19:01:35'),(3124,1,'vi','plugins/ecommerce/products','form.product_type.title','Loại sản phẩm','2021-04-11 19:01:35','2021-04-11 19:01:35'),(3125,1,'vi','plugins/ecommerce/products','form.stock.title','Tình trạng kho','2021-04-11 19:01:35','2021-04-11 19:01:35'),(3126,1,'vi','plugins/ecommerce/products','form.stock.in_stock','Còn hàng','2021-04-11 19:01:35','2021-04-11 19:01:35'),(3127,1,'vi','plugins/ecommerce/products','form.stock.out_stock','Hết hàng','2021-04-11 19:01:35','2021-04-11 19:01:35'),(3128,1,'vi','plugins/ecommerce/products','form.stock.allow_order_when_out','Cho phép đặt hàng khi hết','2021-04-11 19:01:35','2021-04-11 19:01:35'),(3129,1,'vi','plugins/ecommerce/products','form.storehouse.title','Quản lý kho','2021-04-11 19:01:35','2021-04-11 19:01:35'),(3130,1,'vi','plugins/ecommerce/products','form.storehouse.no_storehouse','Không quản lý kho','2021-04-11 19:01:35','2021-04-11 19:01:35'),(3131,1,'vi','plugins/ecommerce/products','form.storehouse.storehouse','Quản lý kho','2021-04-11 19:01:35','2021-04-11 19:01:35'),(3132,1,'vi','plugins/ecommerce/products','form.storehouse.quantity','Số lượng','2021-04-11 19:01:35','2021-04-11 19:01:35'),(3133,1,'vi','plugins/ecommerce/products','form.shipping.title','Giao hàng','2021-04-11 19:01:35','2021-04-11 19:01:35'),(3134,1,'vi','plugins/ecommerce/products','form.shipping.length','Chiều dài','2021-04-11 19:01:35','2021-04-11 19:01:35'),(3135,1,'vi','plugins/ecommerce/products','form.shipping.wide','Chiều rộng','2021-04-11 19:01:35','2021-04-11 19:01:35'),(3136,1,'vi','plugins/ecommerce/products','form.shipping.height','Chiều cao','2021-04-11 19:01:35','2021-04-11 19:01:35'),(3137,1,'vi','plugins/ecommerce/products','form.shipping.weight','Cân nặng','2021-04-11 19:01:35','2021-04-11 19:01:35'),(3138,1,'vi','plugins/ecommerce/products','form.date.start','Ngày bắt đầu','2021-04-11 19:01:35','2021-04-11 19:01:35'),(3139,1,'vi','plugins/ecommerce/products','form.date.end','Ngày kết thúc','2021-04-11 19:01:35','2021-04-11 19:01:35'),(3140,1,'vi','plugins/ecommerce/products','form.tags','Nhãn','2021-04-11 19:01:35','2021-04-11 19:01:35'),(3141,1,'vi','plugins/ecommerce/products','form.tax','Thuế','2021-04-11 19:01:35','2021-04-11 19:01:35'),(3142,1,'vi','plugins/ecommerce/products','price','Giá cơ bản','2021-04-11 19:01:35','2021-04-11 19:01:35'),(3143,1,'vi','plugins/ecommerce/products','price_sale','Giá giảm','2021-04-11 19:01:35','2021-04-11 19:01:35'),(3144,1,'vi','plugins/ecommerce/products','quantity','Số lượng','2021-04-11 19:01:35','2021-04-11 19:01:35'),(3145,1,'vi','plugins/ecommerce/products','type','Loại sản phẩm','2021-04-11 19:01:35','2021-04-11 19:01:35'),(3146,1,'vi','plugins/ecommerce/products','image','Ảnh','2021-04-11 19:01:35','2021-04-11 19:01:35'),(3147,1,'vi','plugins/ecommerce/products','sku','Mã sản phẩm','2021-04-11 19:01:35','2021-04-11 19:01:35'),(3148,1,'vi','plugins/ecommerce/products','brand','Thương hiệu','2021-04-11 19:01:35','2021-04-11 19:01:35'),(3149,1,'vi','plugins/ecommerce/products','cannot_delete','Product could not be deleted','2021-04-11 19:01:35','2021-04-11 19:01:35'),(3150,1,'vi','plugins/ecommerce/products','product_deleted','Product deleted','2021-04-11 19:01:35','2021-04-11 19:01:35'),(3151,1,'vi','plugins/ecommerce/products','product_collections','Nhóm sản phẩm','2021-04-11 19:01:35','2021-04-11 19:01:35'),(3152,1,'vi','plugins/ecommerce/products','products','Sản phẩm','2021-04-11 19:01:35','2021-04-11 19:01:35'),(3153,1,'vi','plugins/ecommerce/products','menu','Sản phẩm','2021-04-11 19:01:35','2021-04-11 19:01:35'),(3154,1,'vi','plugins/ecommerce/products','control.button_add_image','Thêm hình ảnh','2021-04-11 19:01:35','2021-04-11 19:01:35'),(3155,1,'vi','plugins/ecommerce/products','overview','Tổng quan','2021-04-11 19:01:35','2021-04-11 19:01:35'),(3156,1,'vi','plugins/ecommerce/products','attributes','Thuộc tính','2021-04-11 19:01:35','2021-04-11 19:01:35'),(3157,1,'vi','plugins/ecommerce/products','product_has_variations','Sản phẩm có nhiều phiên bản','2021-04-11 19:01:35','2021-04-11 19:01:35'),(3158,1,'vi','plugins/ecommerce/products','manage_products','Quản lý danh sách sản phẩm','2021-04-11 19:01:35','2021-04-11 19:01:35'),(3159,1,'vi','plugins/ecommerce/products','add_new_product','Tạo sản phẩm','2021-04-11 19:01:35','2021-04-11 19:01:35'),(3160,1,'vi','plugins/ecommerce/products','start_by_adding_new_product','Bắt đầu bán hàng bằng việc thêm sản phẩm.','2021-04-11 19:01:35','2021-04-11 19:01:35'),(3161,1,'vi','plugins/ecommerce/reports','name','Báo cáo','2021-04-11 19:01:35','2021-04-11 19:01:35'),(3162,1,'vi','plugins/ecommerce/reports','widget.order.title','Đơn hàng','2021-04-11 19:01:35','2021-04-11 19:01:35'),(3163,1,'vi','plugins/ecommerce/reports','count.revenue','Doanh thu hôm nay','2021-04-11 19:01:35','2021-04-11 19:01:35'),(3164,1,'vi','plugins/ecommerce/reports','count.orders','Đơn hàng hôm nay','2021-04-11 19:01:35','2021-04-11 19:01:35'),(3165,1,'vi','plugins/ecommerce/reports','count.products','Sản phẩm','2021-04-11 19:01:35','2021-04-11 19:01:35'),(3166,1,'vi','plugins/ecommerce/reports','count.customers','Khách hàng','2021-04-11 19:01:35','2021-04-11 19:01:35'),(3167,1,'vi','plugins/ecommerce/reports','product_name','Tên sản phẩm','2021-04-11 19:01:35','2021-04-11 19:01:35'),(3168,1,'vi','plugins/ecommerce/reports','quantity','Số lượng','2021-04-11 19:01:35','2021-04-11 19:01:35'),(3169,1,'vi','plugins/ecommerce/reports','revenue_statistics','Thống kê doanh thu','2021-04-11 19:01:35','2021-04-11 19:01:35'),(3170,1,'vi','plugins/ecommerce/reports','top_selling_products','Sản phẩm bán chạy trong tháng','2021-04-11 19:01:35','2021-04-11 19:01:35'),(3171,1,'vi','plugins/ecommerce/review','name','Đánh giá','2021-04-11 19:01:35','2021-04-11 19:01:35'),(3172,1,'vi','plugins/ecommerce/review','list_review','Khách hàng đánh giá','2021-04-11 19:01:35','2021-04-11 19:01:35'),(3173,1,'vi','plugins/ecommerce/review','add_review','Thêm đánh giá','2021-04-11 19:01:35','2021-04-11 19:01:35'),(3174,1,'vi','plugins/ecommerce/review','delete_review','Xóa đánh giá','2021-04-11 19:01:35','2021-04-11 19:01:35'),(3175,1,'vi','plugins/ecommerce/review','create_review','Tạo đánh giá','2021-04-11 19:01:35','2021-04-11 19:01:35'),(3176,1,'vi','plugins/ecommerce/review','please_select_rating','Chọn đánh giá','2021-04-11 19:01:35','2021-04-11 19:01:35'),(3177,1,'vi','plugins/ecommerce/review','comment','Bình luận','2021-04-11 19:01:35','2021-04-11 19:01:35'),(3178,1,'vi','plugins/ecommerce/review','require_login','Hãy :login để đánh giá sản phẩm!','2021-04-11 19:01:35','2021-04-11 19:01:35'),(3179,1,'vi','plugins/ecommerce/review','you_reviewed','Bạn đã đánh giá sản phẩm này rồi!','2021-04-11 19:01:35','2021-04-11 19:01:35'),(3180,1,'vi','plugins/ecommerce/review','add_success','Đánh giá sản phẩm thành công!','2021-04-11 19:01:35','2021-04-11 19:01:35'),(3181,1,'vi','plugins/ecommerce/review','delete_success','Xóa đánh gía thành công!','2021-04-11 19:01:35','2021-04-11 19:01:35'),(3182,1,'vi','plugins/ecommerce/review','approve','Chấp thuận','2021-04-11 19:01:35','2021-04-11 19:01:35'),(3183,1,'vi','plugins/ecommerce/review','approved','Đã chấp thuận','2021-04-11 19:01:35','2021-04-11 19:01:35'),(3184,1,'vi','plugins/ecommerce/review','disapprove','Không chấp thuận','2021-04-11 19:01:35','2021-04-11 19:01:35'),(3185,1,'vi','plugins/ecommerce/review','disapproved','Đã không chấp thuận','2021-04-11 19:01:35','2021-04-11 19:01:35'),(3186,1,'vi','plugins/ecommerce/review','product','Sản phẩm','2021-04-11 19:01:35','2021-04-11 19:01:35'),(3187,1,'vi','plugins/ecommerce/review','user','Người dùng','2021-04-11 19:01:35','2021-04-11 19:01:35'),(3188,1,'vi','plugins/ecommerce/review','star','Sao','2021-04-11 19:01:35','2021-04-11 19:01:35'),(3189,1,'vi','plugins/ecommerce/review','status','Trạng thái','2021-04-11 19:01:35','2021-04-11 19:01:35'),(3190,1,'vi','plugins/ecommerce/review','intro.title','Quản lý danh sách nhận xét của khách hàng','2021-04-11 19:01:35','2021-04-11 19:01:35'),(3191,1,'vi','plugins/ecommerce/review','intro.description','Lưu trữ các nhận xét, đánh giá của khách hàng','2021-04-11 19:01:35','2021-04-11 19:01:35'),(3192,1,'vi','plugins/ecommerce/shipping','name','Phí vận chuyển','2021-04-11 19:01:35','2021-04-11 19:01:35'),(3193,1,'vi','plugins/ecommerce/shipping','shipping','Vận chuyển','2021-04-11 19:01:35','2021-04-11 19:01:35'),(3194,1,'vi','plugins/ecommerce/shipping','title','Title','2021-04-11 19:01:35','2021-04-11 19:01:35'),(3195,1,'vi','plugins/ecommerce/shipping','country','Quốc gia','2021-04-11 19:01:35','2021-04-11 19:01:35'),(3196,1,'vi','plugins/ecommerce/shipping','state','State','2021-04-11 19:01:35','2021-04-11 19:01:35'),(3197,1,'vi','plugins/ecommerce/shipping','city','City','2021-04-11 19:01:35','2021-04-11 19:01:35'),(3198,1,'vi','plugins/ecommerce/shipping','amount','Amount','2021-04-11 19:01:35','2021-04-11 19:01:35'),(3199,1,'vi','plugins/ecommerce/shipping','currency','Currency','2021-04-11 19:01:35','2021-04-11 19:01:35'),(3200,1,'vi','plugins/ecommerce/shipping','enable','Enable','2021-04-11 19:01:35','2021-04-11 19:01:35'),(3201,1,'vi','plugins/ecommerce/shipping','enabled','Enabled','2021-04-11 19:01:35','2021-04-11 19:01:35'),(3202,1,'vi','plugins/ecommerce/shipping','disable','Disable','2021-04-11 19:01:35','2021-04-11 19:01:35'),(3203,1,'vi','plugins/ecommerce/shipping','disabled','Disabled','2021-04-11 19:01:35','2021-04-11 19:01:35'),(3204,1,'vi','plugins/ecommerce/shipping','create_shipping','Create a shipping','2021-04-11 19:01:35','2021-04-11 19:01:35'),(3205,1,'vi','plugins/ecommerce/shipping','edit_shipping','Edit shipping #','2021-04-11 19:01:35','2021-04-11 19:01:35'),(3206,1,'vi','plugins/ecommerce/shipping','status','Status','2021-04-11 19:01:35','2021-04-11 19:01:35'),(3207,1,'vi','plugins/ecommerce/shipping','shipping_methods','Phương thức vận chuyển','2021-04-11 19:01:35','2021-04-11 19:01:35'),(3208,1,'vi','plugins/ecommerce/shipping','create_shipping_method','Tạo phương thức vận chuyển','2021-04-11 19:01:35','2021-04-11 19:01:35'),(3209,1,'vi','plugins/ecommerce/shipping','edit_shipping_method','Sửa phương thức vận chuyển','2021-04-11 19:01:35','2021-04-11 19:01:35'),(3210,1,'vi','plugins/ecommerce/shipping','add_shipping_region','Thêm khu vực vận chuyển','2021-04-11 19:01:35','2021-04-11 19:01:35'),(3211,1,'vi','plugins/ecommerce/shipping','methods.default','Default','2021-04-11 19:01:35','2021-04-11 19:01:35'),(3212,1,'vi','plugins/ecommerce/shipping','statuses.not_approved','Not approved','2021-04-11 19:01:35','2021-04-11 19:01:35'),(3213,1,'vi','plugins/ecommerce/shipping','statuses.approved','Approved','2021-04-11 19:01:35','2021-04-11 19:01:35'),(3214,1,'vi','plugins/ecommerce/shipping','statuses.picking','Picking','2021-04-11 19:01:35','2021-04-11 19:01:35'),(3215,1,'vi','plugins/ecommerce/shipping','statuses.delay_picking','Delay picking','2021-04-11 19:01:35','2021-04-11 19:01:35'),(3216,1,'vi','plugins/ecommerce/shipping','statuses.picked','Picked','2021-04-11 19:01:35','2021-04-11 19:01:35'),(3217,1,'vi','plugins/ecommerce/shipping','statuses.not_picked','Not picked','2021-04-11 19:01:35','2021-04-11 19:01:35'),(3218,1,'vi','plugins/ecommerce/shipping','statuses.delivering','Delivering','2021-04-11 19:01:35','2021-04-11 19:01:35'),(3219,1,'vi','plugins/ecommerce/shipping','statuses.delivered','Delivered','2021-04-11 19:01:35','2021-04-11 19:01:35'),(3220,1,'vi','plugins/ecommerce/shipping','statuses.not_delivered','Not delivered','2021-04-11 19:01:35','2021-04-11 19:01:35'),(3221,1,'vi','plugins/ecommerce/shipping','statuses.audited','Audited','2021-04-11 19:01:35','2021-04-11 19:01:35'),(3222,1,'vi','plugins/ecommerce/shipping','statuses.canceled','Canceled','2021-04-11 19:01:35','2021-04-11 19:01:35'),(3223,1,'vi','plugins/ecommerce/shipping','cod_statuses.pending','Pending','2021-04-11 19:01:35','2021-04-11 19:01:35'),(3224,1,'vi','plugins/ecommerce/shipping','cod_statuses.completed','Completed','2021-04-11 19:01:35','2021-04-11 19:01:35'),(3225,1,'vi','plugins/ecommerce/store-locator','name','Địa chỉ cửa hàng','2021-04-11 19:01:35','2021-04-11 19:01:35'),(3226,1,'vi','plugins/ecommerce/store-locator','description','Địa chỉ này sẽ xuất hiện trên hoá đơn của bạn và sẽ được sử dụng để tính toán mức giá vận chuyển của bạn.','2021-04-11 19:01:35','2021-04-11 19:01:35'),(3227,1,'vi','plugins/ecommerce/store-locator','shop_name','Tên cửa hàng','2021-04-11 19:01:35','2021-04-11 19:01:35'),(3228,1,'vi','plugins/ecommerce/store-locator','phone','Điện thoại','2021-04-11 19:01:35','2021-04-11 19:01:35'),(3229,1,'vi','plugins/ecommerce/store-locator','address','Địa chỉ','2021-04-11 19:01:35','2021-04-11 19:01:35'),(3230,1,'vi','plugins/ecommerce/tax','name','Thuế','2021-04-11 19:01:35','2021-04-11 19:01:35'),(3231,1,'vi','plugins/ecommerce/tax','create','Create a tax','2021-04-11 19:01:35','2021-04-11 19:01:35'),(3232,1,'vi','plugins/ecommerce/tax','edit','Edit tax :title','2021-04-11 19:01:36','2021-04-11 19:01:36'),(3233,1,'vi','plugins/ecommerce/tax','title','Title','2021-04-11 19:01:36','2021-04-11 19:01:36'),(3234,1,'vi','plugins/ecommerce/tax','percentage','Percentage %','2021-04-11 19:01:36','2021-04-11 19:01:36'),(3235,1,'vi','plugins/ecommerce/tax','priority','Priority','2021-04-11 19:01:36','2021-04-11 19:01:36'),(3236,1,'vi','plugins/ecommerce/tax','select_tax','-- select --','2021-04-11 19:01:36','2021-04-11 19:01:36'),(3237,1,'en','plugins/gallery/gallery','create','Create new gallery','2021-04-11 19:01:36','2021-04-11 19:01:36'),(3238,1,'en','plugins/gallery/gallery','edit','Edit gallery','2021-04-11 19:01:36','2021-04-11 19:01:36'),(3239,1,'en','plugins/gallery/gallery','galleries','Galleries','2021-04-11 19:01:36','2021-04-11 19:01:36'),(3240,1,'en','plugins/gallery/gallery','item','Gallery item','2021-04-11 19:01:36','2021-04-11 19:01:36'),(3241,1,'en','plugins/gallery/gallery','select_image','Select images','2021-04-11 19:01:36','2021-04-11 19:01:36'),(3242,1,'en','plugins/gallery/gallery','reset','Reset gallery','2021-04-11 19:01:36','2021-04-11 19:01:36'),(3243,1,'en','plugins/gallery/gallery','update_photo_description','Update photo\'s description','2021-04-11 19:01:36','2021-04-11 19:01:36'),(3244,1,'en','plugins/gallery/gallery','update_photo_description_placeholder','Photo\'s description...','2021-04-11 19:01:36','2021-04-11 19:01:36'),(3245,1,'en','plugins/gallery/gallery','delete_photo','Delete this photo','2021-04-11 19:01:36','2021-04-11 19:01:36'),(3246,1,'en','plugins/gallery/gallery','gallery_box','Gallery images','2021-04-11 19:01:36','2021-04-11 19:01:36'),(3247,1,'en','plugins/gallery/gallery','by','By','2021-04-11 19:01:36','2021-04-11 19:01:36'),(3248,1,'en','plugins/gallery/gallery','menu_name','Galleries','2021-04-11 19:01:36','2021-04-11 19:01:36'),(3249,1,'en','plugins/gallery/gallery','gallery_images','Gallery images','2021-04-11 19:01:36','2021-04-11 19:01:36'),(3250,1,'en','plugins/gallery/gallery','add_gallery_short_code','Add a gallery','2021-04-11 19:01:36','2021-04-11 19:01:36'),(3251,1,'en','plugins/gallery/gallery','shortcode_name','Gallery images','2021-04-11 19:01:36','2021-04-11 19:01:36'),(3252,1,'en','plugins/gallery/gallery','limit_display','Limit number display','2021-04-11 19:01:36','2021-04-11 19:01:36'),(3253,1,'en','plugins/newsletter/newsletter','name','Newsletters','2021-04-11 19:01:36','2021-04-11 19:01:36'),(3254,1,'en','plugins/newsletter/newsletter','settings.email.templates.title','Newsletter','2021-04-11 19:01:36','2021-04-11 19:01:36'),(3255,1,'en','plugins/newsletter/newsletter','settings.email.templates.description','Config newsletter email templates','2021-04-11 19:01:36','2021-04-11 19:01:36'),(3256,1,'en','plugins/newsletter/newsletter','settings.email.templates.to_admin.title','Email send to admin','2021-04-11 19:01:36','2021-04-11 19:01:36'),(3257,1,'en','plugins/newsletter/newsletter','settings.email.templates.to_admin.description','Template for sending email to admin','2021-04-11 19:01:36','2021-04-11 19:01:36'),(3258,1,'en','plugins/newsletter/newsletter','settings.email.templates.to_user.title','Email send to user','2021-04-11 19:01:36','2021-04-11 19:01:36'),(3259,1,'en','plugins/newsletter/newsletter','settings.email.templates.to_user.description','Template for sending email to subscriber','2021-04-11 19:01:36','2021-04-11 19:01:36'),(3260,1,'en','plugins/newsletter/newsletter','settings.title','Newsletter','2021-04-11 19:01:36','2021-04-11 19:01:36'),(3261,1,'en','plugins/newsletter/newsletter','settings.description','Settings for newsletter','2021-04-11 19:01:36','2021-04-11 19:01:36'),(3262,1,'en','plugins/newsletter/newsletter','settings.mailchimp_api_key','Mailchimp API Key','2021-04-11 19:01:36','2021-04-11 19:01:36'),(3263,1,'en','plugins/newsletter/newsletter','settings.mailchimp_list_id','Mailchimp List ID','2021-04-11 19:01:36','2021-04-11 19:01:36'),(3264,1,'en','plugins/newsletter/newsletter','settings.sendgrid_api_key','Sendgrid API Key','2021-04-11 19:01:36','2021-04-11 19:01:36'),(3265,1,'en','plugins/newsletter/newsletter','settings.sendgrid_list_id','Sendgrid List ID','2021-04-11 19:01:36','2021-04-11 19:01:36'),(3266,1,'en','plugins/newsletter/newsletter','statuses.subscribed','Subscribed','2021-04-11 19:01:36','2021-04-11 19:01:36'),(3267,1,'en','plugins/newsletter/newsletter','statuses.unsubscribed','Unsubscribed','2021-04-11 19:01:36','2021-04-11 19:01:36'),(3268,1,'en','plugins/payment/payment','payments','Payments','2021-04-11 19:01:36','2021-04-11 19:01:36'),(3269,1,'en','plugins/payment/payment','checkout_success','Checkout successfully!','2021-04-11 19:01:36','2021-04-11 19:01:36'),(3270,1,'en','plugins/payment/payment','view_payment','View payment #','2021-04-11 19:01:36','2021-04-11 19:01:36'),(3271,1,'en','plugins/payment/payment','charge_id','Charge ID','2021-04-11 19:01:36','2021-04-11 19:01:36'),(3272,1,'en','plugins/payment/payment','amount','Amount','2021-04-11 19:01:36','2021-04-11 19:01:36'),(3273,1,'en','plugins/payment/payment','currency','Currency','2021-04-11 19:01:36','2021-04-11 19:01:36'),(3274,1,'en','plugins/payment/payment','user','User','2021-04-11 19:01:36','2021-04-11 19:01:36'),(3275,1,'en','plugins/payment/payment','stripe','Stripe','2021-04-11 19:01:36','2021-04-11 19:01:36'),(3276,1,'en','plugins/payment/payment','paypal','PayPal','2021-04-11 19:01:36','2021-04-11 19:01:36'),(3277,1,'en','plugins/payment/payment','action','Action','2021-04-11 19:01:36','2021-04-11 19:01:36'),(3278,1,'en','plugins/payment/payment','payment_via_card','Payment via card','2021-04-11 19:01:36','2021-04-11 19:01:36'),(3279,1,'en','plugins/payment/payment','card_number','Card number','2021-04-11 19:01:36','2021-04-11 19:01:36'),(3280,1,'en','plugins/payment/payment','full_name','Full name','2021-04-11 19:01:36','2021-04-11 19:01:36'),(3281,1,'en','plugins/payment/payment','payment_via_paypal','Payment via PayPal','2021-04-11 19:01:36','2021-04-11 19:01:36'),(3282,1,'en','plugins/payment/payment','mm_yy','MM/YY','2021-04-11 19:01:36','2021-04-11 19:01:36'),(3283,1,'en','plugins/payment/payment','cvc','CVC','2021-04-11 19:01:36','2021-04-11 19:01:36'),(3284,1,'en','plugins/payment/payment','details','Details','2021-04-11 19:01:36','2021-04-11 19:01:36'),(3285,1,'en','plugins/payment/payment','payer_name','Payer Name','2021-04-11 19:01:36','2021-04-11 19:01:36'),(3286,1,'en','plugins/payment/payment','email','Email','2021-04-11 19:01:36','2021-04-11 19:01:36'),(3287,1,'en','plugins/payment/payment','phone','Phone','2021-04-11 19:01:36','2021-04-11 19:01:36'),(3288,1,'en','plugins/payment/payment','country','Country','2021-04-11 19:01:36','2021-04-11 19:01:36'),(3289,1,'en','plugins/payment/payment','shipping_address','Shipping Address','2021-04-11 19:01:36','2021-04-11 19:01:36'),(3290,1,'en','plugins/payment/payment','payment_details','Payment Details','2021-04-11 19:01:36','2021-04-11 19:01:36'),(3291,1,'en','plugins/payment/payment','card','Card','2021-04-11 19:01:36','2021-04-11 19:01:36'),(3292,1,'en','plugins/payment/payment','address','Address','2021-04-11 19:01:36','2021-04-11 19:01:36'),(3293,1,'en','plugins/payment/payment','could_not_get_stripe_token','Could not get Stripe token to make a charge.','2021-04-11 19:01:36','2021-04-11 19:01:36'),(3294,1,'en','plugins/payment/payment','payment_id','Payment ID','2021-04-11 19:01:36','2021-04-11 19:01:36'),(3295,1,'en','plugins/payment/payment','payment_methods','Payment methods','2021-04-11 19:01:36','2021-04-11 19:01:36'),(3296,1,'en','plugins/payment/payment','transactions','Transactions','2021-04-11 19:01:36','2021-04-11 19:01:36'),(3297,1,'en','plugins/payment/payment','payment_methods_description','Setup payment methods for website','2021-04-11 19:01:36','2021-04-11 19:01:36'),(3298,1,'en','plugins/payment/payment','paypal_description','Customer can buy product and pay directly via PayPal','2021-04-11 19:01:36','2021-04-11 19:01:36'),(3299,1,'en','plugins/payment/payment','use','Use','2021-04-11 19:01:36','2021-04-11 19:01:36'),(3300,1,'en','plugins/payment/payment','stripe_description','Customer can buy product and pay directly using Visa, Credit card via Stripe','2021-04-11 19:01:36','2021-04-11 19:01:36'),(3301,1,'en','plugins/payment/payment','edit','Edit','2021-04-11 19:01:36','2021-04-11 19:01:36'),(3302,1,'en','plugins/payment/payment','settings','Settings','2021-04-11 19:01:36','2021-04-11 19:01:36'),(3303,1,'en','plugins/payment/payment','activate','Activate','2021-04-11 19:01:36','2021-04-11 19:01:36'),(3304,1,'en','plugins/payment/payment','deactivate','Deactivate','2021-04-11 19:01:36','2021-04-11 19:01:36'),(3305,1,'en','plugins/payment/payment','update','Update','2021-04-11 19:01:36','2021-04-11 19:01:36'),(3306,1,'en','plugins/payment/payment','configuration_instruction','Configuration instruction for :name','2021-04-11 19:01:36','2021-04-11 19:01:36'),(3307,1,'en','plugins/payment/payment','configuration_requirement','To use :name, you need','2021-04-11 19:01:36','2021-04-11 19:01:36'),(3308,1,'en','plugins/payment/payment','service_registration','Register with :name','2021-04-11 19:01:36','2021-04-11 19:01:36'),(3309,1,'en','plugins/payment/payment','after_service_registration_msg','After registration at :name, you will have Client ID, Client Secret','2021-04-11 19:01:36','2021-04-11 19:01:36'),(3310,1,'en','plugins/payment/payment','enter_client_id_and_secret','Enter Client ID, Secret into the box in right hand','2021-04-11 19:01:36','2021-04-11 19:01:36'),(3311,1,'en','plugins/payment/payment','method_name','Method name','2021-04-11 19:01:36','2021-04-11 19:01:36'),(3312,1,'en','plugins/payment/payment','please_provide_information','Please provide information','2021-04-11 19:01:36','2021-04-11 19:01:36'),(3313,1,'en','plugins/payment/payment','client_id','Client ID','2021-04-11 19:01:36','2021-04-11 19:01:36'),(3314,1,'en','plugins/payment/payment','client_secret','Client Secret','2021-04-11 19:01:36','2021-04-11 19:01:36'),(3315,1,'en','plugins/payment/payment','secret','Secret','2021-04-11 19:01:36','2021-04-11 19:01:36'),(3316,1,'en','plugins/payment/payment','stripe_key','Stripe Public Key','2021-04-11 19:01:36','2021-04-11 19:01:36'),(3317,1,'en','plugins/payment/payment','stripe_secret','Stripe Private Key','2021-04-11 19:01:36','2021-04-11 19:01:36'),(3318,1,'en','plugins/payment/payment','stripe_after_service_registration_msg','After registration at :name, you will have Public, Secret keys','2021-04-11 19:01:36','2021-04-11 19:01:36'),(3319,1,'en','plugins/payment/payment','stripe_enter_client_id_and_secret','Enter Public, Secret keys into the box in right hand','2021-04-11 19:01:36','2021-04-11 19:01:36'),(3320,1,'en','plugins/payment/payment','pay_online_via','Pay online via :name','2021-04-11 19:01:36','2021-04-11 19:01:36'),(3321,1,'en','plugins/payment/payment','sandbox_mode','Sandbox mode','2021-04-11 19:01:36','2021-04-11 19:01:36'),(3322,1,'en','plugins/payment/payment','deactivate_payment_method','Deactivate payment method','2021-04-11 19:01:36','2021-04-11 19:01:36'),(3323,1,'en','plugins/payment/payment','deactivate_payment_method_description','Do you really want to deactivate this payment method?','2021-04-11 19:01:36','2021-04-11 19:01:36'),(3324,1,'en','plugins/payment/payment','agree','Agree','2021-04-11 19:01:36','2021-04-11 19:01:36'),(3325,1,'en','plugins/payment/payment','name','Payments','2021-04-11 19:01:36','2021-04-11 19:01:36'),(3326,1,'en','plugins/payment/payment','create','New payment','2021-04-11 19:01:36','2021-04-11 19:01:36'),(3327,1,'en','plugins/payment/payment','go_back','Go back','2021-04-11 19:01:36','2021-04-11 19:01:36'),(3328,1,'en','plugins/payment/payment','information','Information','2021-04-11 19:01:36','2021-04-11 19:01:36'),(3329,1,'en','plugins/payment/payment','methods.paypal','PayPal','2021-04-11 19:01:36','2021-04-11 19:01:36'),(3330,1,'en','plugins/payment/payment','methods.stripe','Stripe','2021-04-11 19:01:36','2021-04-11 19:01:36'),(3331,1,'en','plugins/payment/payment','methods.cod','Cash on delivery (COD)','2021-04-11 19:01:36','2021-04-11 19:01:36'),(3332,1,'en','plugins/payment/payment','methods.bank_transfer','Bank transfer','2021-04-11 19:01:36','2021-04-11 19:01:36'),(3333,1,'en','plugins/payment/payment','statuses.pending','Pending','2021-04-11 19:01:36','2021-04-11 19:01:36'),(3334,1,'en','plugins/payment/payment','statuses.completed','Completed','2021-04-11 19:01:36','2021-04-11 19:01:36'),(3335,1,'en','plugins/payment/payment','statuses.refunding','Refunding','2021-04-11 19:01:36','2021-04-11 19:01:36'),(3336,1,'en','plugins/payment/payment','statuses.refunded','Refunded','2021-04-11 19:01:36','2021-04-11 19:01:36'),(3337,1,'en','plugins/payment/payment','statuses.fraud','Fraud','2021-04-11 19:01:36','2021-04-11 19:01:36'),(3338,1,'en','plugins/payment/payment','statuses.failed','Failed','2021-04-11 19:01:36','2021-04-11 19:01:36'),(3339,1,'en','plugins/payment/payment','payment_methods_instruction','Guide customers to pay directly. You can choose to pay by delivery or bank transfer','2021-04-11 19:01:36','2021-04-11 19:01:36'),(3340,1,'en','plugins/payment/payment','payment_method_description','Payment guide - (Displayed on the notice of successful purchase and payment page)','2021-04-11 19:01:36','2021-04-11 19:01:36'),(3341,1,'en','plugins/payment/payment','payment_via_cod','Cash on delivery (COD)','2021-04-11 19:01:36','2021-04-11 19:01:36'),(3342,1,'en','plugins/payment/payment','payment_via_bank_transfer','Bank transfer','2021-04-11 19:01:36','2021-04-11 19:01:36'),(3343,1,'en','plugins/payment/payment','payment_pending','Checkout successfully. Your payment is pending and will be checked by our staff.','2021-04-11 19:01:36','2021-04-11 19:01:36'),(3344,1,'en','plugins/payment/payment','created_at','Created At','2021-04-11 19:01:36','2021-04-11 19:01:36'),(3345,1,'en','plugins/payment/payment','payment_channel','Payment Channel','2021-04-11 19:01:36','2021-04-11 19:01:36'),(3346,1,'en','plugins/payment/payment','total','Total','2021-04-11 19:01:36','2021-04-11 19:01:36'),(3347,1,'en','plugins/payment/payment','status','Status','2021-04-11 19:01:36','2021-04-11 19:01:36'),(3348,1,'en','plugins/payment/payment','default_payment_method','Default payment method','2021-04-11 19:01:36','2021-04-11 19:01:36'),(3349,1,'en','plugins/payment/payment','turn_off_success','Turn off payment method successfully!','2021-04-11 19:01:36','2021-04-11 19:01:36'),(3350,1,'en','plugins/payment/payment','saved_payment_method_success','Saved payment method successfully!','2021-04-11 19:01:36','2021-04-11 19:01:36'),(3351,1,'en','plugins/payment/payment','saved_payment_settings_success','Saved payment settings successfully!','2021-04-11 19:01:36','2021-04-11 19:01:36'),(3352,1,'en','plugins/payment/payment','payment_name','Name','2021-04-11 19:01:36','2021-04-11 19:01:36'),(3353,1,'en','plugins/payment/payment','callback_url','Callback URL','2021-04-11 19:01:36','2021-04-11 19:01:36'),(3354,1,'en','plugins/payment/payment','return_url','Return URL','2021-04-11 19:01:36','2021-04-11 19:01:36'),(3355,1,'en','plugins/payment/payment','payment_not_found','Payment not found!','2021-04-11 19:01:36','2021-04-11 19:01:36'),(3356,1,'vi','plugins/payment/payment','payments','Thanh toán','2021-04-11 19:01:36','2021-04-11 19:01:36'),(3357,1,'vi','plugins/payment/payment','checkout_success','Thanh toán thành công!','2021-04-11 19:01:36','2021-04-11 19:01:36'),(3358,1,'vi','plugins/payment/payment','view_payment','Xem thanh toán #','2021-04-11 19:01:36','2021-04-11 19:01:36'),(3359,1,'vi','plugins/payment/payment','charge_id','Mã thanh toán','2021-04-11 19:01:36','2021-04-11 19:01:36'),(3360,1,'vi','plugins/payment/payment','amount','Số tiền','2021-04-11 19:01:36','2021-04-11 19:01:36'),(3361,1,'vi','plugins/payment/payment','currency','Loại tiền tệ','2021-04-11 19:01:36','2021-04-11 19:01:36'),(3362,1,'vi','plugins/payment/payment','user','Người dùng','2021-04-11 19:01:36','2021-04-11 19:01:36'),(3363,1,'vi','plugins/payment/payment','stripe','Stripe','2021-04-11 19:01:36','2021-04-11 19:01:36'),(3364,1,'vi','plugins/payment/payment','paypal','PayPal','2021-04-11 19:01:36','2021-04-11 19:01:36'),(3365,1,'vi','plugins/payment/payment','action','Hành động','2021-04-11 19:01:36','2021-04-11 19:01:36'),(3366,1,'vi','plugins/payment/payment','payment_via_card','Thanh toán qua thẻ','2021-04-11 19:01:36','2021-04-11 19:01:36'),(3367,1,'vi','plugins/payment/payment','card_number','Số thẻ','2021-04-11 19:01:36','2021-04-11 19:01:36'),(3368,1,'vi','plugins/payment/payment','full_name','Họ tên','2021-04-11 19:01:36','2021-04-11 19:01:36'),(3369,1,'vi','plugins/payment/payment','payment_via_paypal','Thanh toán qua PayPal','2021-04-11 19:01:36','2021-04-11 19:01:36'),(3370,1,'vi','plugins/payment/payment','mm_yy','MM/YY','2021-04-11 19:01:36','2021-04-11 19:01:36'),(3371,1,'vi','plugins/payment/payment','cvc','CVC','2021-04-11 19:01:36','2021-04-11 19:01:36'),(3372,1,'vi','plugins/payment/payment','details','Chi tiết','2021-04-11 19:01:36','2021-04-11 19:01:36'),(3373,1,'vi','plugins/payment/payment','payer_name','Tên người mua','2021-04-11 19:01:36','2021-04-11 19:01:36'),(3374,1,'vi','plugins/payment/payment','email','Email','2021-04-11 19:01:36','2021-04-11 19:01:36'),(3375,1,'vi','plugins/payment/payment','phone','Điện thoại','2021-04-11 19:01:36','2021-04-11 19:01:36'),(3376,1,'vi','plugins/payment/payment','country','Quốc gia','2021-04-11 19:01:36','2021-04-11 19:01:36'),(3377,1,'vi','plugins/payment/payment','shipping_address','Địa chỉ giao hàng','2021-04-11 19:01:36','2021-04-11 19:01:36'),(3378,1,'vi','plugins/payment/payment','payment_details','Chi tiết thanh toán','2021-04-11 19:01:36','2021-04-11 19:01:36'),(3379,1,'vi','plugins/payment/payment','card','Thẻ','2021-04-11 19:01:36','2021-04-11 19:01:36'),(3380,1,'vi','plugins/payment/payment','address','Địa chỉ','2021-04-11 19:01:36','2021-04-11 19:01:36'),(3381,1,'vi','plugins/payment/payment','could_not_get_stripe_token','Không thể lấy mã Stripe để thanh toán.','2021-04-11 19:01:36','2021-04-11 19:01:36'),(3382,1,'vi','plugins/payment/payment','payment_id','Mã thanh toán','2021-04-11 19:01:36','2021-04-11 19:01:36'),(3383,1,'vi','plugins/payment/payment','payment_methods','Phương thức thanh toán','2021-04-11 19:01:36','2021-04-11 19:01:36'),(3384,1,'vi','plugins/payment/payment','transactions','Lịch sử giao dịch','2021-04-11 19:01:36','2021-04-11 19:01:36'),(3385,1,'vi','plugins/payment/payment','payment_methods_description','Cài đặt các phương thức thanh toán cho website','2021-04-11 19:01:36','2021-04-11 19:01:36'),(3386,1,'vi','plugins/payment/payment','paypal_description','Khách hàng có thể mua hàng và thanh toán trực tiếp thông qua cổng thanh toán PayPal','2021-04-11 19:01:36','2021-04-11 19:01:36'),(3387,1,'vi','plugins/payment/payment','use','Dùng','2021-04-11 19:01:36','2021-04-11 19:01:36'),(3388,1,'vi','plugins/payment/payment','stripe_description','Khách hàng có thể mua hàng và thanh toán bằng Visa, Credit card thông qua cổng thanh toán Stripe','2021-04-11 19:01:36','2021-04-11 19:01:36'),(3389,1,'vi','plugins/payment/payment','edit','Chỉnh sửa','2021-04-11 19:01:36','2021-04-11 19:01:36'),(3390,1,'vi','plugins/payment/payment','settings','Cài đặt','2021-04-11 19:01:36','2021-04-11 19:01:36'),(3391,1,'vi','plugins/payment/payment','activate','Kích hoạt','2021-04-11 19:01:36','2021-04-11 19:01:36'),(3392,1,'vi','plugins/payment/payment','deactivate','Huỷ kích hoạt','2021-04-11 19:01:36','2021-04-11 19:01:36'),(3393,1,'vi','plugins/payment/payment','update','Cập nhật','2021-04-11 19:01:36','2021-04-11 19:01:36'),(3394,1,'vi','plugins/payment/payment','configuration_instruction','Hướng dẫn cấu hình :name','2021-04-11 19:01:36','2021-04-11 19:01:36'),(3395,1,'vi','plugins/payment/payment','configuration_requirement','Để sử dụng :name bạn cần','2021-04-11 19:01:36','2021-04-11 19:01:36'),(3396,1,'vi','plugins/payment/payment','service_registration','Đăng ký dịch vụ với :name','2021-04-11 19:01:36','2021-04-11 19:01:36'),(3397,1,'vi','plugins/payment/payment','after_service_registration_msg','Sau khi hoàn tất các bước đăng ký tại :name, bạn sẽ có các thông số Client ID, Client Secret','2021-04-11 19:01:36','2021-04-11 19:01:36'),(3398,1,'vi','plugins/payment/payment','enter_client_id_and_secret','Nhập các thông số Client ID, Secret vào ô bên phải','2021-04-11 19:01:36','2021-04-11 19:01:36'),(3399,1,'vi','plugins/payment/payment','method_name','Tên phương thức','2021-04-11 19:01:36','2021-04-11 19:01:36'),(3400,1,'vi','plugins/payment/payment','please_provide_information','Xin vui lòng cung cấp thông tin','2021-04-11 19:01:36','2021-04-11 19:01:36'),(3401,1,'vi','plugins/payment/payment','client_id','Client ID','2021-04-11 19:01:36','2021-04-11 19:01:36'),(3402,1,'vi','plugins/payment/payment','client_secret','Client Secret','2021-04-11 19:01:36','2021-04-11 19:01:36'),(3403,1,'vi','plugins/payment/payment','stripe_key','Stripe Key','2021-04-11 19:01:36','2021-04-11 19:01:36'),(3404,1,'vi','plugins/payment/payment','stripe_secret','Stripe Secret','2021-04-11 19:01:36','2021-04-11 19:01:36'),(3405,1,'vi','plugins/payment/payment','stripe_after_service_registration_msg','After registration at :name, you will have Public, Secret keys','2021-04-11 19:01:36','2021-04-11 19:01:36'),(3406,1,'vi','plugins/payment/payment','stripe_enter_client_id_and_secret','Enter Public, Secret keys into the box in right hand','2021-04-11 19:01:36','2021-04-11 19:01:36'),(3407,1,'vi','plugins/payment/payment','secret','Secret','2021-04-11 19:01:36','2021-04-11 19:01:36'),(3408,1,'vi','plugins/payment/payment','pay_online_via','Thanh toán online qua :name','2021-04-11 19:01:36','2021-04-11 19:01:36'),(3409,1,'vi','plugins/payment/payment','sandbox_mode','Chế độ thử nghiệm','2021-04-11 19:01:36','2021-04-11 19:01:36'),(3410,1,'vi','plugins/payment/payment','deactivate_payment_method','Huỷ kích hoạt phương thức','2021-04-11 19:01:36','2021-04-11 19:01:36'),(3411,1,'vi','plugins/payment/payment','deactivate_payment_method_description','Bạn có chắc chắn muốn huỷ phương thức thành toán này?','2021-04-11 19:01:36','2021-04-11 19:01:36'),(3412,1,'vi','plugins/payment/payment','agree','Đồng ý','2021-04-11 19:01:36','2021-04-11 19:01:36'),(3413,1,'vi','plugins/payment/payment','name','Thanh toán','2021-04-11 19:01:36','2021-04-11 19:01:36'),(3414,1,'vi','plugins/payment/payment','create','Thêm thanh toán mới','2021-04-11 19:01:36','2021-04-11 19:01:36'),(3415,1,'vi','plugins/payment/payment','go_back','Trở lại','2021-04-11 19:01:36','2021-04-11 19:01:36'),(3416,1,'vi','plugins/payment/payment','information','Thông tin','2021-04-11 19:01:36','2021-04-11 19:01:36'),(3417,1,'vi','plugins/payment/payment','methods.paypal','PayPal','2021-04-11 19:01:36','2021-04-11 19:01:36'),(3418,1,'vi','plugins/payment/payment','methods.stripe','Stripe','2021-04-11 19:01:36','2021-04-11 19:01:36'),(3419,1,'vi','plugins/payment/payment','methods.cod','Thanh toán khi giao hàng (COD)','2021-04-11 19:01:36','2021-04-11 19:01:36'),(3420,1,'vi','plugins/payment/payment','methods.bank_transfer','Chuyển khoản qua ngân hàng','2021-04-11 19:01:36','2021-04-11 19:01:36'),(3421,1,'vi','plugins/payment/payment','statuses.pending','Chưa hoàn tất','2021-04-11 19:01:36','2021-04-11 19:01:36'),(3422,1,'vi','plugins/payment/payment','statuses.completed','Đã hoàn thành','2021-04-11 19:01:36','2021-04-11 19:01:36'),(3423,1,'vi','plugins/payment/payment','statuses.refunding','Đang hoàn tiền','2021-04-11 19:01:36','2021-04-11 19:01:36'),(3424,1,'vi','plugins/payment/payment','statuses.refunded','Đã hoàn tiền','2021-04-11 19:01:36','2021-04-11 19:01:36'),(3425,1,'vi','plugins/payment/payment','statuses.fraud','Gian lận','2021-04-11 19:01:36','2021-04-11 19:01:36'),(3426,1,'vi','plugins/payment/payment','statuses.failed','Thất bại','2021-04-11 19:01:36','2021-04-11 19:01:36'),(3427,1,'vi','plugins/payment/payment','payment_methods_instruction','Hướng dẫn khách hàng thanh toán trực tiếp. Có thể chọn thanh toán khi giao hàng hoặc chuyển khoản','2021-04-11 19:01:36','2021-04-11 19:01:36'),(3428,1,'vi','plugins/payment/payment','payment_method_description','Hướng dẫn thanh toán – (Hiển thị ở trang thông báo mua hàng thành công và trang thanh toán)','2021-04-11 19:01:36','2021-04-11 19:01:36'),(3429,1,'vi','plugins/payment/payment','payment_via_cod','Thanh toán khi nhận hàng (COD)','2021-04-11 19:01:36','2021-04-11 19:01:36'),(3430,1,'vi','plugins/payment/payment','payment_via_bank_transfer','Chuyển khoản qua ngân hàng','2021-04-11 19:01:36','2021-04-11 19:01:36'),(3431,1,'vi','plugins/payment/payment','payment_pending','Thực hiện thành công. Thanh toán của bạn đang được xử lý và sẽ được xác nhận bởi nhân viên.','2021-04-11 19:01:36','2021-04-11 19:01:36'),(3432,1,'vi','plugins/payment/payment','created_at','Ngày tạo','2021-04-11 19:01:36','2021-04-11 19:01:36'),(3433,1,'vi','plugins/payment/payment','payment_channel','Phương thức thanh toán','2021-04-11 19:01:36','2021-04-11 19:01:36'),(3434,1,'vi','plugins/payment/payment','total','Tổng cộng','2021-04-11 19:01:36','2021-04-11 19:01:36'),(3435,1,'vi','plugins/payment/payment','status','Trạng thái','2021-04-11 19:01:36','2021-04-11 19:01:36'),(3436,1,'vi','plugins/payment/payment','default_payment_method','Phương thức thanh toán mặc định','2021-04-11 19:01:36','2021-04-11 19:01:36'),(3437,1,'en','plugins/simple-slider/simple-slider','create','New slider','2021-04-11 19:01:36','2021-04-11 19:01:36'),(3438,1,'en','plugins/simple-slider/simple-slider','edit','Edit slider','2021-04-11 19:01:36','2021-04-11 19:01:36'),(3439,1,'en','plugins/simple-slider/simple-slider','menu','Simple sliders','2021-04-11 19:01:36','2021-04-11 19:01:36'),(3440,1,'en','plugins/simple-slider/simple-slider','settings.title','Simple sliders','2021-04-11 19:01:36','2021-04-11 19:01:36'),(3441,1,'en','plugins/simple-slider/simple-slider','settings.description','Settings for Simple sliders','2021-04-11 19:01:36','2021-04-11 19:01:36'),(3442,1,'en','plugins/simple-slider/simple-slider','settings.using_assets','Using default assets?','2021-04-11 19:01:36','2021-04-11 19:01:36'),(3443,1,'en','plugins/simple-slider/simple-slider','settings.using_assets_description','If using assets option is enabled then below scripts will be auto added to front site.','2021-04-11 19:01:36','2021-04-11 19:01:36'),(3444,1,'en','plugins/simple-slider/simple-slider','add_new','Add new','2021-04-11 19:01:36','2021-04-11 19:01:36'),(3445,1,'en','plugins/simple-slider/simple-slider','save_sorting','Save sorting','2021-04-11 19:01:36','2021-04-11 19:01:36'),(3446,1,'en','plugins/simple-slider/simple-slider','key','Key','2021-04-11 19:01:36','2021-04-11 19:01:36'),(3447,1,'en','plugins/simple-slider/simple-slider','slide_items','Slide Items','2021-04-11 19:01:36','2021-04-11 19:01:36'),(3448,1,'en','plugins/simple-slider/simple-slider','update_slide_position_success','Updated slide position successfully!','2021-04-11 19:01:36','2021-04-11 19:01:36'),(3449,1,'en','plugins/simple-slider/simple-slider','create_new_slide','Create a new slide','2021-04-11 19:01:36','2021-04-11 19:01:36'),(3450,1,'en','plugins/simple-slider/simple-slider','edit_slide','Edit slide #:id','2021-04-11 19:01:36','2021-04-11 19:01:36'),(3451,1,'en','plugins/simple-slider/simple-slider','simple_slider_shortcode_name','Simple Slider','2021-04-11 19:01:36','2021-04-11 19:01:36'),(3452,1,'en','plugins/simple-slider/simple-slider','simple_slider_shortcode_description','Add a simple slider','2021-04-11 19:01:37','2021-04-11 19:01:37'),(3453,1,'en','plugins/simple-slider/simple-slider','select_slider','Select a slider','2021-04-11 19:01:37','2021-04-11 19:01:37'),(3454,1,'en','plugins/social-login/social-login','settings.title','Social Login settings','2021-04-11 19:01:37','2021-04-11 19:01:37'),(3455,1,'en','plugins/social-login/social-login','settings.description','Configure social login options','2021-04-11 19:01:37','2021-04-11 19:01:37'),(3456,1,'en','plugins/social-login/social-login','settings.facebook.title','Facebook login settings','2021-04-11 19:01:37','2021-04-11 19:01:37'),(3457,1,'en','plugins/social-login/social-login','settings.facebook.description','Enable/disable & configure app credentials for Facebook login','2021-04-11 19:01:37','2021-04-11 19:01:37'),(3458,1,'en','plugins/social-login/social-login','settings.facebook.app_id','App ID','2021-04-11 19:01:37','2021-04-11 19:01:37'),(3459,1,'en','plugins/social-login/social-login','settings.facebook.app_secret','App Secret','2021-04-11 19:01:37','2021-04-11 19:01:37'),(3460,1,'en','plugins/social-login/social-login','settings.facebook.helper','Please go to https://developers.facebook.com to create new app update App ID, App Secret. Callback URL is :callback','2021-04-11 19:01:37','2021-04-11 19:01:37'),(3461,1,'en','plugins/social-login/social-login','settings.google.title','Google login settings','2021-04-11 19:01:37','2021-04-11 19:01:37'),(3462,1,'en','plugins/social-login/social-login','settings.google.description','Enable/disable & configure app credentials for Google login','2021-04-11 19:01:37','2021-04-11 19:01:37'),(3463,1,'en','plugins/social-login/social-login','settings.google.app_id','App ID','2021-04-11 19:01:37','2021-04-11 19:01:37'),(3464,1,'en','plugins/social-login/social-login','settings.google.app_secret','App Secret','2021-04-11 19:01:37','2021-04-11 19:01:37'),(3465,1,'en','plugins/social-login/social-login','settings.google.helper','Please go to https://console.developers.google.com/apis/dashboard to create new app update App ID, App Secret. Callback URL is :callback','2021-04-11 19:01:37','2021-04-11 19:01:37'),(3466,1,'en','plugins/social-login/social-login','settings.github.title','Github login settings','2021-04-11 19:01:37','2021-04-11 19:01:37'),(3467,1,'en','plugins/social-login/social-login','settings.github.description','Enable/disable & configure app credentials for Github login','2021-04-11 19:01:37','2021-04-11 19:01:37'),(3468,1,'en','plugins/social-login/social-login','settings.github.app_id','App ID','2021-04-11 19:01:37','2021-04-11 19:01:37'),(3469,1,'en','plugins/social-login/social-login','settings.github.app_secret','App Secret','2021-04-11 19:01:37','2021-04-11 19:01:37'),(3470,1,'en','plugins/social-login/social-login','settings.github.helper','Please go to https://github.com/settings/developers to create new app update App ID, App Secret. Callback URL is :callback','2021-04-11 19:01:37','2021-04-11 19:01:37'),(3471,1,'en','plugins/social-login/social-login','settings.linkedin.title','Linkedin login settings','2021-04-11 19:01:37','2021-04-11 19:01:37'),(3472,1,'en','plugins/social-login/social-login','settings.linkedin.description','Enable/disable & configure app credentials for Linkedin login','2021-04-11 19:01:37','2021-04-11 19:01:37'),(3473,1,'en','plugins/social-login/social-login','settings.linkedin.app_id','App ID','2021-04-11 19:01:37','2021-04-11 19:01:37'),(3474,1,'en','plugins/social-login/social-login','settings.linkedin.app_secret','App Secret','2021-04-11 19:01:37','2021-04-11 19:01:37'),(3475,1,'en','plugins/social-login/social-login','settings.linkedin.helper','Please go to https://www.linkedin.com/developers/apps/new to create new app update App ID, App Secret. Callback URL is :callback','2021-04-11 19:01:37','2021-04-11 19:01:37'),(3476,1,'en','plugins/social-login/social-login','settings.enable','Enable?','2021-04-11 19:01:37','2021-04-11 19:01:37'),(3477,1,'en','plugins/social-login/social-login','menu','Social Login','2021-04-11 19:01:37','2021-04-11 19:01:37'),(3478,1,'en','plugins/testimonials/forms','name','Customer name','2021-04-11 19:01:37','2021-04-11 19:01:37'),(3479,1,'en','plugins/testimonials/forms','company','Company/Working place','2021-04-11 19:01:37','2021-04-11 19:01:37'),(3480,1,'en','plugins/testimonials/forms','avatar','Avatar','2021-04-11 19:01:37','2021-04-11 19:01:37'),(3481,1,'en','plugins/testimonials/forms','title','Title','2021-04-11 19:01:37','2021-04-11 19:01:37'),(3482,1,'en','plugins/testimonials/forms','content','Content','2021-04-11 19:01:37','2021-04-11 19:01:37'),(3483,1,'en','plugins/testimonials/forms','publish','Publish','2021-04-11 19:01:37','2021-04-11 19:01:37'),(3484,1,'en','plugins/testimonials/forms','unpublish','Unpublish','2021-04-11 19:01:37','2021-04-11 19:01:37'),(3485,1,'en','plugins/testimonials/testimonials','name','Testimonials','2021-04-11 19:01:37','2021-04-11 19:01:37'),(3486,1,'en','plugins/testimonials/testimonials','create','New testimonials','2021-04-11 19:01:37','2021-04-11 19:01:37'),(3487,1,'en','plugins/testimonials/testimonials','edit','Edit testimonials','2021-04-11 19:01:37','2021-04-11 19:01:37'),(3488,1,'vi','plugins/testimonials/forms','name','Tên khách hàng','2021-04-11 19:01:37','2021-04-11 19:01:37'),(3489,1,'vi','plugins/testimonials/forms','company','Công ty/Nơi làm việc','2021-04-11 19:01:37','2021-04-11 19:01:37'),(3490,1,'vi','plugins/testimonials/forms','avatar','Avatar','2021-04-11 19:01:37','2021-04-11 19:01:37'),(3491,1,'vi','plugins/testimonials/forms','title','Tiêu đề','2021-04-11 19:01:37','2021-04-11 19:01:37'),(3492,1,'vi','plugins/testimonials/forms','content','Nội dung','2021-04-11 19:01:37','2021-04-11 19:01:37'),(3493,1,'vi','plugins/testimonials/forms','publish','Xuất bản','2021-04-11 19:01:37','2021-04-11 19:01:37'),(3494,1,'vi','plugins/testimonials/forms','unpublish','Không xuất bản','2021-04-11 19:01:37','2021-04-11 19:01:37'),(3495,1,'vi','plugins/testimonials/testimonials','name','Nhận xét khách hàng','2021-04-11 19:01:37','2021-04-11 19:01:37'),(3496,1,'vi','plugins/testimonials/testimonials','create','Tạo mới','2021-04-11 19:01:37','2021-04-11 19:01:37'),(3497,1,'vi','plugins/testimonials/testimonials','edit','Sửa nhận xét','2021-04-11 19:01:37','2021-04-11 19:01:37'),(3498,1,'en','plugins/translation/translation','translations','Translations','2021-04-11 19:01:37','2021-04-11 19:01:37'),(3499,1,'en','plugins/translation/translation','translations_description','Translate all words in system.','2021-04-11 19:01:37','2021-04-11 19:01:37'),(3500,1,'en','plugins/translation/translation','export_warning','Warning, translations are not visible until they are exported back to the resources/lang file, using \'php artisan cms:translations:export\' command or publish button.','2021-04-11 19:01:37','2021-04-11 19:01:37'),(3501,1,'en','plugins/translation/translation','import_done','Done importing, processed :counter items! Reload this page to refresh the groups!','2021-04-11 19:01:37','2021-04-11 19:01:37'),(3502,1,'en','plugins/translation/translation','translation_manager','Translations Manager','2021-04-11 19:01:37','2021-04-11 19:01:37'),(3503,1,'en','plugins/translation/translation','done_publishing','Done publishing the translations for group','2021-04-11 19:01:37','2021-04-11 19:01:37'),(3504,1,'en','plugins/translation/translation','append_translation','Append new translations','2021-04-11 19:01:37','2021-04-11 19:01:37'),(3505,1,'en','plugins/translation/translation','replace_translation','Replace existing translations','2021-04-11 19:01:37','2021-04-11 19:01:37'),(3506,1,'en','plugins/translation/translation','import_group','Import group','2021-04-11 19:01:37','2021-04-11 19:01:37'),(3507,1,'en','plugins/translation/translation','confirm_publish_group','Are you sure you want to publish the translations group \":group\"? This will overwrite existing language files.','2021-04-11 19:01:37','2021-04-11 19:01:37'),(3508,1,'en','plugins/translation/translation','publish_translations','Publish translations','2021-04-11 19:01:37','2021-04-11 19:01:37'),(3509,1,'en','plugins/translation/translation','back','Back','2021-04-11 19:01:37','2021-04-11 19:01:37'),(3510,1,'en','plugins/translation/translation','edit_title','Enter translation','2021-04-11 19:01:37','2021-04-11 19:01:37'),(3511,1,'en','plugins/translation/translation','choose_group_msg','Choose a group to display the group translations. If no groups are visible, make sure you have imported the translations.','2021-04-11 19:01:37','2021-04-11 19:01:37'),(3512,1,'en','plugins/translation/translation','choose_a_group','Choose a group','2021-04-11 19:01:37','2021-04-11 19:01:37'),(3513,1,'en','plugins/translation/translation','locales','Locales','2021-04-11 19:01:37','2021-04-11 19:01:37'),(3514,1,'en','plugins/translation/translation','theme-translations','Theme translations','2021-04-11 19:01:37','2021-04-11 19:01:37'),(3515,1,'en','plugins/translation/translation','admin-translations','Admin translations','2021-04-11 19:01:37','2021-04-11 19:01:37'),(3516,1,'en','plugins/translation/translation','translate_from','Translate from','2021-04-11 19:01:37','2021-04-11 19:01:37'),(3517,1,'en','plugins/translation/translation','to','to','2021-04-11 19:01:37','2021-04-11 19:01:37'),(3518,1,'en','plugins/translation/translation','no_other_languages','No other language to translate!','2021-04-11 19:01:37','2021-04-11 19:01:37'),(3519,1,'en','plugins/translation/translation','edit','Edit','2021-04-11 19:01:37','2021-04-11 19:01:37'),(3520,1,'en','plugins/translation/translation','delete','Delete','2021-04-11 19:01:37','2021-04-11 19:01:37'),(3521,1,'en','plugins/translation/translation','locale','Locale','2021-04-11 19:01:37','2021-04-11 19:01:37'),(3522,1,'en','plugins/translation/translation','locale_placeholder','Ex: en','2021-04-11 19:01:37','2021-04-11 19:01:37'),(3523,1,'en','plugins/translation/translation','name','Name','2021-04-11 19:01:37','2021-04-11 19:01:37'),(3524,1,'en','plugins/translation/translation','default_locale','Default locale?','2021-04-11 19:01:37','2021-04-11 19:01:37'),(3525,1,'en','plugins/translation/translation','actions','Actions','2021-04-11 19:01:37','2021-04-11 19:01:37'),(3526,1,'en','plugins/translation/translation','choose_language','Choose language','2021-04-11 19:01:37','2021-04-11 19:01:37'),(3527,1,'en','plugins/translation/translation','add_new_language','Add new language','2021-04-11 19:01:37','2021-04-11 19:01:37'),(3528,1,'en','plugins/translation/translation','select_language','Select language','2021-04-11 19:01:37','2021-04-11 19:01:37'),(3529,1,'en','plugins/translation/translation','flag','Flag','2021-04-11 19:01:37','2021-04-11 19:01:37'),(3530,1,'en','plugins/translation/translation','confirm_delete_message','Do you really want to delete this locale? It will delete all files/folders for this local in /resources/lang!','2021-04-11 19:01:37','2021-04-11 19:01:37'),(3531,1,'en','plugins/translation/translation','folder_is_not_writeable','Cannot write files! Folder /resources/lang is not writable. Please chmod to make it writable!','2021-04-11 19:01:37','2021-04-11 19:01:37'),(3532,1,'vi','auth','failed','Không tìm thấy thông tin đăng nhập hợp lệ.','2021-04-11 19:01:37','2021-04-11 19:01:37'),(3533,1,'vi','auth','throttle','Đăng nhập không đúng quá nhiều lần. Vui lòng thử lại sau :seconds giây.','2021-04-11 19:01:37','2021-04-11 19:01:37'),(3534,1,'vi','auth','password','Mật khẩu không chính xác','2021-04-11 19:01:37','2021-04-11 19:01:37'),(3535,1,'vi','pagination','previous','&laquo; Trước','2021-04-11 19:01:37','2021-04-11 19:01:37'),(3536,1,'vi','pagination','next','Sau &raquo;','2021-04-11 19:01:37','2021-04-11 19:01:37'),(3537,1,'vi','passwords','reset','Mật khẩu đã được cập nhật!','2021-04-11 19:01:37','2021-04-11 19:01:37'),(3538,1,'vi','passwords','sent','Chúng tôi đã gửi cho bạn đường dẫn thay đổi mật khẩu!','2021-04-11 19:01:37','2021-04-11 19:01:37'),(3539,1,'vi','passwords','token','Mã xác nhận mật khẩu không hợp lệ.','2021-04-11 19:01:37','2021-04-11 19:01:37'),(3540,1,'vi','passwords','user','Không tìm thấy thành viên với địa chỉ email này.','2021-04-11 19:01:37','2021-04-11 19:01:37'),(3541,1,'vi','validation','accepted','Trường :attribute phải được chấp nhận.','2021-04-11 19:01:37','2021-04-11 19:01:37'),(3542,1,'vi','validation','active_url','Trường :attribute không phải là một URL hợp lệ.','2021-04-11 19:01:37','2021-04-11 19:01:37'),(3543,1,'vi','validation','after','Trường :attribute phải là một ngày sau ngày :date.','2021-04-11 19:01:37','2021-04-11 19:01:37'),(3544,1,'vi','validation','after_or_equal','Trường :attribute phải là một ngày sau hoặc bằng ngày :date.','2021-04-11 19:01:37','2021-04-11 19:01:37'),(3545,1,'vi','validation','alpha','Trường :attribute chỉ có thể chứa các chữ cái.','2021-04-11 19:01:37','2021-04-11 19:01:37'),(3546,1,'vi','validation','alpha_dash','Trường :attribute chỉ có thể chứa chữ cái, số và dấu gạch ngang.','2021-04-11 19:01:37','2021-04-11 19:01:37'),(3547,1,'vi','validation','alpha_num','Trường :attribute chỉ có thể chứa chữ cái và số.','2021-04-11 19:01:37','2021-04-11 19:01:37'),(3548,1,'vi','validation','array','Kiểu dữ liệu của trường :attribute phải là dạng mảng.','2021-04-11 19:01:37','2021-04-11 19:01:37'),(3549,1,'vi','validation','before','Trường :attribute phải là một ngày trước ngày :date.','2021-04-11 19:01:37','2021-04-11 19:01:37'),(3550,1,'vi','validation','before_or_equal','Trường :attribute phải là một ngày trước hoặc bằng ngày :date.','2021-04-11 19:01:37','2021-04-11 19:01:37'),(3551,1,'vi','validation','between.numeric','Trường :attribute phải nằm trong khoảng :min - :max.','2021-04-11 19:01:37','2021-04-11 19:01:37'),(3552,1,'vi','validation','between.file','Dung lượng tập tin trong trường :attribute phải từ :min - :max kB.','2021-04-11 19:01:37','2021-04-11 19:01:37'),(3553,1,'vi','validation','between.string','Trường :attribute phải từ :min - :max ký tự.','2021-04-11 19:01:37','2021-04-11 19:01:37'),(3554,1,'vi','validation','between.array','Trường :attribute phải có từ :min - :max phần tử.','2021-04-11 19:01:37','2021-04-11 19:01:37'),(3555,1,'vi','validation','boolean','Trường :attribute phải là true hoặc false.','2021-04-11 19:01:37','2021-04-11 19:01:37'),(3556,1,'vi','validation','confirmed','Giá trị xác nhận trong trường :attribute không khớp.','2021-04-11 19:01:37','2021-04-11 19:01:37'),(3557,1,'vi','validation','date','Trường :attribute không phải là định dạng của ngày-tháng.','2021-04-11 19:01:37','2021-04-11 19:01:37'),(3558,1,'vi','validation','date_equals','Trường :attribute phải là một ngày bằng với :date.','2021-04-11 19:01:37','2021-04-11 19:01:37'),(3559,1,'vi','validation','date_format','Trường :attribute không giống với định dạng :format.','2021-04-11 19:01:37','2021-04-11 19:01:37'),(3560,1,'vi','validation','different','Trường :attribute và :other phải khác nhau.','2021-04-11 19:01:37','2021-04-11 19:01:37'),(3561,1,'vi','validation','digits','Độ dài của trường :attribute phải gồm :digits chữ số.','2021-04-11 19:01:37','2021-04-11 19:01:37'),(3562,1,'vi','validation','digits_between','Độ dài của trường :attribute phải nằm trong khoảng :min and :max chữ số.','2021-04-11 19:01:37','2021-04-11 19:01:37'),(3563,1,'vi','validation','dimensions','The :attribute has invalid image dimensions.','2021-04-11 19:01:37','2021-04-11 19:01:37'),(3564,1,'vi','validation','distinct','The :attribute field has a duplicate value.','2021-04-11 19:01:37','2021-04-11 19:01:37'),(3565,1,'vi','validation','email','Trường :attribute phải là một địa chỉ email hợp lệ.','2021-04-11 19:01:37','2021-04-11 19:01:37'),(3566,1,'vi','validation','ends_with','Trường :attribute phải kết thúc bằng một trong những giá trị sau: :values','2021-04-11 19:01:37','2021-04-11 19:01:37'),(3567,1,'vi','validation','exists','Giá trị đã chọn trong trường :attribute không hợp lệ.','2021-04-11 19:01:37','2021-04-11 19:01:37'),(3568,1,'vi','validation','file','Trường :attribute phải là một tập tin.','2021-04-11 19:01:37','2021-04-11 19:01:37'),(3569,1,'vi','validation','filled','Trường :attribute không được bỏ trống.','2021-04-11 19:01:37','2021-04-11 19:01:37'),(3570,1,'vi','validation','gt.numeric','Trường :attribute phải lớn hơn :max.','2021-04-11 19:01:37','2021-04-11 19:01:37'),(3571,1,'vi','validation','gt.file','Dung lượng tập tin trong trường :attribute phải lớn hơn :max KB.','2021-04-11 19:01:37','2021-04-11 19:01:37'),(3572,1,'vi','validation','gt.string','Trường :attribute phải lớn hơn :max ký tự.','2021-04-11 19:01:37','2021-04-11 19:01:37'),(3573,1,'vi','validation','gt.array','Trường :attribute phải lớn hơn :max phần tử.','2021-04-11 19:01:37','2021-04-11 19:01:37'),(3574,1,'vi','validation','gte.numeric','Trường :attribute phải lớn hơn hoặc bằng :max.','2021-04-11 19:01:37','2021-04-11 19:01:37'),(3575,1,'vi','validation','gte.file','Dung lượng tập tin trong trường :attribute phải lớn hơn hoặc bằng :max KB.','2021-04-11 19:01:37','2021-04-11 19:01:37'),(3576,1,'vi','validation','gte.string','Trường :attribute phải lớn hơn hoặc bằng :max ký tự.','2021-04-11 19:01:37','2021-04-11 19:01:37'),(3577,1,'vi','validation','gte.array','Trường :attribute phải lớn hơn hoặc bằng :max phần tử.','2021-04-11 19:01:37','2021-04-11 19:01:37'),(3578,1,'vi','validation','image','Các tập tin trong trường :attribute phải là định dạng hình ảnh.','2021-04-11 19:01:37','2021-04-11 19:01:37'),(3579,1,'vi','validation','in','Giá trị đã chọn trong trường :attribute không hợp lệ.','2021-04-11 19:01:37','2021-04-11 19:01:37'),(3580,1,'vi','validation','in_array','The :attribute field does not exist in :other.','2021-04-11 19:01:37','2021-04-11 19:01:37'),(3581,1,'vi','validation','integer','Trường :attribute phải là một số nguyên.','2021-04-11 19:01:37','2021-04-11 19:01:37'),(3582,1,'vi','validation','ip','Trường :attribute phải là một địa chỉa IP.','2021-04-11 19:01:37','2021-04-11 19:01:37'),(3583,1,'vi','validation','ipv4','Trường :attribute phải là địa chỉ IPv4 hợp lệ.','2021-04-11 19:01:37','2021-04-11 19:01:37'),(3584,1,'vi','validation','ipv6','Trường :attribute phải là địa chỉ IPv6 hợp lệ.','2021-04-11 19:01:37','2021-04-11 19:01:37'),(3585,1,'vi','validation','json','Trường :attribute phải là chuỗi JSON hợp lệ.','2021-04-11 19:01:37','2021-04-11 19:01:37'),(3586,1,'vi','validation','lt.numeric','Trường :attribute phải nhỏ hơn là :min.','2021-04-11 19:01:37','2021-04-11 19:01:37'),(3587,1,'vi','validation','lt.file','Dung lượng tập tin trong trường :attribute phải nhỏ hơn :min KB.','2021-04-11 19:01:37','2021-04-11 19:01:37'),(3588,1,'vi','validation','lt.string','Trường :attribute phải có nhỏ hơn :min ký tự.','2021-04-11 19:01:37','2021-04-11 19:01:37'),(3589,1,'vi','validation','lt.array','Trường :attribute phải có nhỏ hơn :min phần tử.','2021-04-11 19:01:37','2021-04-11 19:01:37'),(3590,1,'vi','validation','lte.numeric','Trường :attribute phải nhỏ hơn hoặc bằng là :min.','2021-04-11 19:01:37','2021-04-11 19:01:37'),(3591,1,'vi','validation','lte.file','Dung lượng tập tin trong trường :attribute phải nhỏ hơn hoặc bằng :min KB.','2021-04-11 19:01:37','2021-04-11 19:01:37'),(3592,1,'vi','validation','lte.string','Trường :attribute phải có nhỏ hơn hoặc bằng :min ký tự.','2021-04-11 19:01:37','2021-04-11 19:01:37'),(3593,1,'vi','validation','lte.array','Trường :attribute phải có nhỏ hơn hoặc bằng :min phần tử.','2021-04-11 19:01:37','2021-04-11 19:01:37'),(3594,1,'vi','validation','max.numeric','Trường :attribute không được lớn hơn :max.','2021-04-11 19:01:37','2021-04-11 19:01:37'),(3595,1,'vi','validation','max.file','Dung lượng tập tin trong trường :attribute không được lớn hơn :max KB.','2021-04-11 19:01:37','2021-04-11 19:01:37'),(3596,1,'vi','validation','max.string','Trường :attribute không được lớn hơn :max ký tự.','2021-04-11 19:01:37','2021-04-11 19:01:37'),(3597,1,'vi','validation','max.array','Trường :attribute không được lớn hơn :max phần tử.','2021-04-11 19:01:37','2021-04-11 19:01:37'),(3598,1,'vi','validation','mimes','Trường :attribute phải là một tập tin có định dạng: :values.','2021-04-11 19:01:37','2021-04-11 19:01:37'),(3599,1,'vi','validation','mimetypes','Trường :attribute phải là một tệp có định dạng là: :values.','2021-04-11 19:01:37','2021-04-11 19:01:37'),(3600,1,'vi','validation','min.numeric','Trường :attribute phải tối thiểu là :min.','2021-04-11 19:01:37','2021-04-11 19:01:37'),(3601,1,'vi','validation','min.file','Dung lượng tập tin trong trường :attribute phải tối thiểu :min KB.','2021-04-11 19:01:37','2021-04-11 19:01:37'),(3602,1,'vi','validation','min.string','Trường :attribute phải có tối thiểu :min ký tự.','2021-04-11 19:01:37','2021-04-11 19:01:37'),(3603,1,'vi','validation','min.array','Trường :attribute phải có tối thiểu :min phần tử.','2021-04-11 19:01:37','2021-04-11 19:01:37'),(3604,1,'vi','validation','not_in','Giá trị đã chọn trong trường :attribute không hợp lệ.','2021-04-11 19:01:37','2021-04-11 19:01:37'),(3605,1,'vi','validation','not_regex','Trường :attribute định dạng không hợp lệ.','2021-04-11 19:01:37','2021-04-11 19:01:37'),(3606,1,'vi','validation','numeric','Trường :attribute phải là một số.','2021-04-11 19:01:37','2021-04-11 19:01:37'),(3607,1,'vi','validation','password','Mật khẩu không đúng.','2021-04-11 19:01:37','2021-04-11 19:01:37'),(3608,1,'vi','validation','present','The :attribute field must be present.','2021-04-11 19:01:37','2021-04-11 19:01:37'),(3609,1,'vi','validation','regex','Định dạng trường :attribute không hợp lệ.','2021-04-11 19:01:37','2021-04-11 19:01:37'),(3610,1,'vi','validation','required','Trường :attribute không được bỏ trống.','2021-04-11 19:01:37','2021-04-11 19:01:37'),(3611,1,'vi','validation','required_if','Trường :attribute không được bỏ trống khi trường :other là :value.','2021-04-11 19:01:37','2021-04-11 19:01:37'),(3612,1,'vi','validation','required_unless','The :attribute field is required unless :other is in :values.','2021-04-11 19:01:37','2021-04-11 19:01:37'),(3613,1,'vi','validation','required_with','Trường :attribute không được bỏ trống khi trường :values có giá trị.','2021-04-11 19:01:37','2021-04-11 19:01:37'),(3614,1,'vi','validation','required_with_all','The :attribute field is required when :values is present.','2021-04-11 19:01:37','2021-04-11 19:01:37'),(3615,1,'vi','validation','required_without','Trường :attribute không được bỏ trống khi trường :values không có giá trị.','2021-04-11 19:01:37','2021-04-11 19:01:37'),(3616,1,'vi','validation','required_without_all','Trường :attribute không được bỏ trống khi tất cả :values không có giá trị.','2021-04-11 19:01:37','2021-04-11 19:01:37'),(3617,1,'vi','validation','same','Trường :attribute và :other phải giống nhau.','2021-04-11 19:01:37','2021-04-11 19:01:37'),(3618,1,'vi','validation','size.numeric','Trường :attribute phải bằng :size.','2021-04-11 19:01:37','2021-04-11 19:01:37'),(3619,1,'vi','validation','size.file','Dung lượng tập tin trong trường :attribute phải bằng :size kB.','2021-04-11 19:01:37','2021-04-11 19:01:37'),(3620,1,'vi','validation','size.string','Trường :attribute phải chứa :size ký tự.','2021-04-11 19:01:37','2021-04-11 19:01:37'),(3621,1,'vi','validation','size.array','Trường :attribute phải chứa :size phần tử.','2021-04-11 19:01:37','2021-04-11 19:01:37'),(3622,1,'vi','validation','starts_with','Trường :attribute phải được bắt đầu bằng một trong những giá trị sau: :values','2021-04-11 19:01:37','2021-04-11 19:01:37'),(3623,1,'vi','validation','string','Trường :attribute phải là một chuỗi.','2021-04-11 19:01:37','2021-04-11 19:01:37'),(3624,1,'vi','validation','timezone','Trường :attribute phải là một múi giờ hợp lệ.','2021-04-11 19:01:37','2021-04-11 19:01:37'),(3625,1,'vi','validation','unique','Trường :attribute đã có trong hệ thống.','2021-04-11 19:01:37','2021-04-11 19:01:37'),(3626,1,'vi','validation','uploaded','Trường :attribute không thể tải lên.','2021-04-11 19:01:37','2021-04-11 19:01:37'),(3627,1,'vi','validation','url','Trường :attribute không giống với định dạng một URL.','2021-04-11 19:01:37','2021-04-11 19:01:37'),(3628,1,'vi','validation','uuid','Trường :attribute không phải là một chuỗi UUID hợp lẹ.','2021-04-11 19:01:37','2021-04-11 19:01:37'),(3629,1,'vi','validation','custom.attribute-name.rule-name','custom-message','2021-04-11 19:01:37','2021-04-11 19:01:37'),(3630,1,'vi','validation','attributes.name','tên','2021-04-11 19:01:37','2021-04-11 19:01:37'),(3631,1,'vi','validation','attributes.username','tên đăng nhập','2021-04-11 19:01:37','2021-04-11 19:01:37'),(3632,1,'vi','validation','attributes.email','email','2021-04-11 19:01:37','2021-04-11 19:01:37'),(3633,1,'vi','validation','attributes.first_name','tên','2021-04-11 19:01:37','2021-04-11 19:01:37'),(3634,1,'vi','validation','attributes.last_name','họ','2021-04-11 19:01:37','2021-04-11 19:01:37'),(3635,1,'vi','validation','attributes.password','mật khẩu','2021-04-11 19:01:37','2021-04-11 19:01:37'),(3636,1,'vi','validation','attributes.password_confirmation','xác nhận mật khẩu','2021-04-11 19:01:37','2021-04-11 19:01:37'),(3637,1,'vi','validation','attributes.city','thành phố','2021-04-11 19:01:37','2021-04-11 19:01:37'),(3638,1,'vi','validation','attributes.country','quốc gia','2021-04-11 19:01:37','2021-04-11 19:01:37'),(3639,1,'vi','validation','attributes.address','địa chỉ','2021-04-11 19:01:37','2021-04-11 19:01:37'),(3640,1,'vi','validation','attributes.phone','số điện thoại','2021-04-11 19:01:37','2021-04-11 19:01:37'),(3641,1,'vi','validation','attributes.mobile','di động','2021-04-11 19:01:37','2021-04-11 19:01:37'),(3642,1,'vi','validation','attributes.age','tuổi','2021-04-11 19:01:37','2021-04-11 19:01:37'),(3643,1,'vi','validation','attributes.sex','giới tính','2021-04-11 19:01:37','2021-04-11 19:01:37'),(3644,1,'vi','validation','attributes.gender','giới tính','2021-04-11 19:01:37','2021-04-11 19:01:37'),(3645,1,'vi','validation','attributes.year','năm','2021-04-11 19:01:37','2021-04-11 19:01:37'),(3646,1,'vi','validation','attributes.month','tháng','2021-04-11 19:01:37','2021-04-11 19:01:37'),(3647,1,'vi','validation','attributes.day','ngày','2021-04-11 19:01:37','2021-04-11 19:01:37'),(3648,1,'vi','validation','attributes.hour','giờ','2021-04-11 19:01:37','2021-04-11 19:01:37'),(3649,1,'vi','validation','attributes.minute','phút','2021-04-11 19:01:37','2021-04-11 19:01:37'),(3650,1,'vi','validation','attributes.second','giây','2021-04-11 19:01:37','2021-04-11 19:01:37'),(3651,1,'vi','validation','attributes.title','tiêu đề','2021-04-11 19:01:37','2021-04-11 19:01:37'),(3652,1,'vi','validation','attributes.content','nội dung','2021-04-11 19:01:37','2021-04-11 19:01:37'),(3653,1,'vi','validation','attributes.body','nội dung','2021-04-11 19:01:37','2021-04-11 19:01:37'),(3654,1,'vi','validation','attributes.description','mô tả','2021-04-11 19:01:37','2021-04-11 19:01:37'),(3655,1,'vi','validation','attributes.excerpt','trích dẫn','2021-04-11 19:01:37','2021-04-11 19:01:37'),(3656,1,'vi','validation','attributes.date','ngày','2021-04-11 19:01:37','2021-04-11 19:01:37'),(3657,1,'vi','validation','attributes.time','thời gian','2021-04-11 19:01:37','2021-04-11 19:01:37'),(3658,1,'vi','validation','attributes.subject','tiêu đề','2021-04-11 19:01:37','2021-04-11 19:01:37'),(3659,1,'vi','validation','attributes.message','lời nhắn','2021-04-11 19:01:37','2021-04-11 19:01:37'),(3660,1,'vi','validation','attributes.available','có sẵn','2021-04-11 19:01:37','2021-04-11 19:01:37'),(3661,1,'vi','validation','attributes.size','kích thước','2021-04-11 19:01:37','2021-04-11 19:01:37'),(3662,1,'vi','_json','Home','Trang chủ','2021-04-11 19:01:37','2021-04-11 19:01:37'),(3663,1,'vi','_json','Page could not be found','Không tìm thấy trang yêu cầu','2021-04-11 19:01:37','2021-04-11 19:01:37'),(3664,1,'vi','_json','This may have occurred because of several reasons','Điều này có thể xảy ra vì một vài lý do','2021-04-11 19:01:37','2021-04-11 19:01:37'),(3665,1,'vi','_json','The page you requested does not exist.','Trang bạn yêu cầu không tồn tại','2021-04-11 19:01:38','2021-04-11 19:01:38'),(3666,1,'vi','_json','The link you clicked is no longer.','Liên kết mà bạn nhấn vào không còn được sử dụng nữa','2021-04-11 19:01:38','2021-04-11 19:01:38'),(3667,1,'vi','_json','The page may have moved to a new location.','Trang này đã được thay đổi sang đường dẫn khác','2021-04-11 19:01:38','2021-04-11 19:01:38'),(3668,1,'vi','_json','An error may have occurred.','Đã có lỗi hệ thống xảy ra','2021-04-11 19:01:38','2021-04-11 19:01:38'),(3669,1,'vi','_json','You are not authorized to view the requested resource.','Bạn không có quyền truy cập tới tài nguyên này','2021-04-11 19:01:38','2021-04-11 19:01:38'),(3670,1,'vi','_json','Page could not be loaded','Không thể tải trang','2021-04-11 19:01:38','2021-04-11 19:01:38'),(3671,1,'vi','_json','Service Unavailable','Service Unavailable','2021-04-11 19:01:38','2021-04-11 19:01:38'),(3672,1,'vi','_json','Sorry, we are doing some maintenance. Please check back soon.','Xin lỗi, chúng tôi đang thực hiện bảo trì. Vui lòng quay lại sau.','2021-04-11 19:01:38','2021-04-11 19:01:38'),(3673,1,'vi','_json','Oh no','Oh no','2021-04-11 19:01:38','2021-04-11 19:01:38'),(3674,1,'vi','_json','Please try again in a few minutes, or alternatively return to the homepage by <a href=\":link\">clicking here</a>.','Hãy thử lại sau vài phút, hoặc trở về trang chủ bằng cách nhấn <a href=\":link\">vào đây</a>.','2021-04-11 19:01:38','2021-04-11 19:01:38'),(3675,1,'vi','_json','Subject','Tiêu đề','2021-04-11 19:01:38','2021-04-11 19:01:38'),(3676,1,'vi','_json','Message','Nội dung','2021-04-11 19:01:38','2021-04-11 19:01:38'),(3677,1,'vi','_json','The field with (<span style=\"color:#FF0000;\">*</span>) is required.','Các mục có (<span style=\"color:#FF0000;\">*</span>) là bắt buộc.','2021-04-11 19:01:38','2021-04-11 19:01:38'),(3678,1,'vi','_json','Send','Gửi','2021-04-11 19:01:38','2021-04-11 19:01:38'),(3679,1,'vi','_json','Send message successfully!','Gửi liên hệ thành công!','2021-04-11 19:01:38','2021-04-11 19:01:38'),(3680,1,'vi','_json','Can\'t send message on this time, please try again later!','Không thể gửi liên hệ lúc này, vui lòng thử lại sau!','2021-04-11 19:01:38','2021-04-11 19:01:38'),(3681,1,'vi','_json','This product is out of stock or not exists!','Sản phẩm đã hết hàng hoặc không tồn tại!','2021-04-11 19:01:38','2021-04-11 19:01:38'),(3682,1,'vi','_json','Product :product is out of stock!','Sản phẩm :product đã hết hàng!','2021-04-11 19:01:38','2021-04-11 19:01:38'),(3683,1,'vi','_json','Maximum quantity is','Số lượng tối đa là','2021-04-11 19:01:38','2021-04-11 19:01:38'),(3684,1,'vi','_json','Please choose attributes to buy this product','Vui lòng chọn thuộc tính trước khi thêm sản phẩm vào giỏ hàng','2021-04-11 19:01:38','2021-04-11 19:01:38'),(3685,1,'vi','_json','Added product :product to cart successfully!','Đã thêm thành công sản phẩm :product vào giỏ hàng!','2021-04-11 19:01:38','2021-04-11 19:01:38'),(3686,1,'vi','_json','One or all products are not enough quantity so cannot update!','Một hoặc tất cả sản phẩm không đủ số lượng nên không thể cập nhật!','2021-04-11 19:01:38','2021-04-11 19:01:38'),(3687,1,'vi','_json','Update cart successfully!','Cập nhật giỏ hàng thành công!','2021-04-11 19:01:38','2021-04-11 19:01:38'),(3688,1,'vi','_json','Cart item is not existed!','Sản phẩm không tồn tại!','2021-04-11 19:01:38','2021-04-11 19:01:38'),(3689,1,'vi','_json','Removed item from cart successfully!','Xóa sản phẩm khỏi giỏ hàng thành công!','2021-04-11 19:01:38','2021-04-11 19:01:38'),(3690,1,'vi','_json','Empty cart successfully!','Xóa toàn bộ sản phẩm trong giỏ hàng thành công!','2021-04-11 19:01:38','2021-04-11 19:01:38'),(3691,1,'vi','_json','No products in cart','Không có sản phẩm nào trong giỏ hàng','2021-04-11 19:01:38','2021-04-11 19:01:38'),(3692,1,'vi','_json','There is an issue when ordering. Please try again later!','Có lỗi trong quá trình đặt hàng, vui lòng thử lại sau!','2021-04-11 19:01:38','2021-04-11 19:01:38'),(3693,1,'vi','_json','Applied coupon \":code\" successfully!','Áp dụng mã giảm giá \":code\" thành công!','2021-04-11 19:01:38','2021-04-11 19:01:38'),(3694,1,'vi','_json','Removed coupon :code successfully!','Xóa mã giảm giá :code thành công!','2021-04-11 19:01:38','2021-04-11 19:01:38'),(3695,1,'vi','_json','You have reviewed this product already!','Bạn đã đánh giá sản phẩm này rồi!','2021-04-11 19:01:38','2021-04-11 19:01:38'),(3696,1,'vi','_json','Added review successfully!','Thêm đánh giá thành công!','2021-04-11 19:01:38','2021-04-11 19:01:38'),(3697,1,'vi','_json','Deleted review successfully!','Xóa đánh giá thành công!','2021-04-11 19:01:38','2021-04-11 19:01:38'),(3698,1,'vi','_json','Your cart is empty!','Giỏ hàng của bạn đang trống!','2021-04-11 19:01:38','2021-04-11 19:01:38'),(3699,0,'vi','_json','Sub Total','Tạm tính','2021-04-11 19:01:38','2021-04-11 19:01:38'),(3700,1,'vi','_json','View cart','Xem giỏ hàng','2021-04-11 19:01:38','2021-04-11 19:01:38'),(3701,1,'vi','_json','Checkout','Thanh toán','2021-04-11 19:01:38','2021-04-11 19:01:38'),(3702,1,'vi','_json','Address','Địa chỉ','2021-04-11 19:01:38','2021-04-11 19:01:38'),(3703,1,'vi','_json','Hotline','Đường dây nóng','2021-04-11 19:01:38','2021-04-11 19:01:38'),(3704,1,'vi','_json','Subscribe & Receive 10% off your first order','Theo dõi và nhận giảm giá 10% cho đơn hàng đầu tiên','2021-04-11 19:01:38','2021-04-11 19:01:38'),(3705,1,'vi','_json','Please enter your email address','Vui lòng nhập địa chỉ email của bạn','2021-04-11 19:01:38','2021-04-11 19:01:38'),(3706,1,'vi','_json','Go','Gửi','2021-04-11 19:01:38','2021-04-11 19:01:38'),(3707,1,'vi','_json','Connect with us','Liên kết với chúng tôi','2021-04-11 19:01:38','2021-04-11 19:01:38'),(3708,1,'vi','_json','Search for','Tìm kiếm','2021-04-11 19:01:38','2021-04-11 19:01:38'),(3709,1,'vi','_json','Shopping Cart','Giỏ hàng','2021-04-11 19:01:38','2021-04-11 19:01:38'),(3710,1,'vi','_json','View','Xem','2021-04-11 19:01:38','2021-04-11 19:01:38'),(3711,1,'vi','_json','Add to cart','Thêm vào giỏ hàng','2021-04-11 19:01:38','2021-04-11 19:01:38'),(3712,1,'vi','_json','Related Posts','Bài viết liên quan','2021-04-11 19:01:38','2021-04-11 19:01:38'),(3713,1,'vi','_json','Search result for','Kết quả tìm kiếm cho từ khóa','2021-04-11 19:01:38','2021-04-11 19:01:38'),(3714,1,'vi','_json','There is no data to display!','Không có dữ liệu để hiển thị!','2021-04-11 19:01:38','2021-04-11 19:01:38'),(3715,1,'vi','_json','Enjoy Shopping with us','Thỏa sức mua sắm với chúng tôi','2021-04-11 19:01:38','2021-04-11 19:01:38'),(3716,1,'vi','_json','Filter Products','Lọc sản phẩm','2021-04-11 19:01:38','2021-04-11 19:01:38'),(3717,1,'vi','_json','No products!','Không có sản phẩm!','2021-04-11 19:01:38','2021-04-11 19:01:38'),(3718,1,'vi','_json','Image','Hình ảnh','2021-04-11 19:01:38','2021-04-11 19:01:38'),(3719,1,'vi','_json','Name','Tên','2021-04-11 19:01:38','2021-04-11 19:01:38'),(3720,1,'vi','_json','Price','Giá','2021-04-11 19:01:38','2021-04-11 19:01:38'),(3721,1,'vi','_json','Quantity','Số lượng','2021-04-11 19:01:38','2021-04-11 19:01:38'),(3722,1,'vi','_json','Discount promotion','Chương trình khuyến mãi','2021-04-11 19:01:38','2021-04-11 19:01:38'),(3723,1,'vi','_json','Total','Tổng cộng','2021-04-11 19:01:38','2021-04-11 19:01:38'),(3724,1,'vi','_json','It is not include shipping fee','Không bao gồm phí vận chuyển','2021-04-11 19:01:38','2021-04-11 19:01:38'),(3725,1,'vi','_json','Update cart','Cập nhật giỏ hàng','2021-04-11 19:01:38','2021-04-11 19:01:38'),(3726,1,'vi','_json','SKU','Mã sản phẩm','2021-04-11 19:01:38','2021-04-11 19:01:38'),(3727,1,'vi','_json','Remove from wishlist','Xóa sản phẩm khỏi mục yêu thích','2021-04-11 19:01:38','2021-04-11 19:01:38'),(3728,1,'vi','_json','Add to wishlist','Thêm vào mục yêu thích','2021-04-11 19:01:38','2021-04-11 19:01:38'),(3729,1,'vi','_json','Qty','Số lượng','2021-04-11 19:01:38','2021-04-11 19:01:38'),(3730,1,'vi','_json','Tags','Thẻ','2021-04-11 19:01:38','2021-04-11 19:01:38'),(3731,1,'vi','_json','Share','Chia sẻ','2021-04-11 19:01:38','2021-04-11 19:01:38'),(3732,1,'vi','_json','Description','Mô tả','2021-04-11 19:01:38','2021-04-11 19:01:38'),(3733,1,'vi','_json','Reviews','Đánh giá','2021-04-11 19:01:38','2021-04-11 19:01:38'),(3734,1,'vi','_json','Review','Đánh giá','2021-04-11 19:01:38','2021-04-11 19:01:38'),(3735,1,'vi','_json','Please','Vui lòng','2021-04-11 19:01:38','2021-04-11 19:01:38'),(3736,1,'vi','_json','login','đăng nhập','2021-04-11 19:01:38','2021-04-11 19:01:38'),(3737,1,'vi','_json','to write review!','để viết đánh giá!','2021-04-11 19:01:38','2021-04-11 19:01:38'),(3738,1,'vi','_json','Add your rate','Thêm đánh giá của bạn','2021-04-11 19:01:38','2021-04-11 19:01:38'),(3739,1,'vi','_json','Write your review','Viết đánh giá của bạn','2021-04-11 19:01:38','2021-04-11 19:01:38'),(3740,1,'vi','_json','Submit','Gửi','2021-04-11 19:01:38','2021-04-11 19:01:38'),(3741,1,'vi','_json','Related Products','Sản phẩm liên quan','2021-04-11 19:01:38','2021-04-11 19:01:38'),(3742,1,'vi','_json','Search result for \":query\"','Kết quả tìm kiếm cho từ khóa \":query\"','2021-04-11 19:01:38','2021-04-11 19:01:38'),(3743,1,'vi','_json','Select','Lựa chọn','2021-04-11 19:01:38','2021-04-11 19:01:38'),(3744,1,'vi','_json','Change password','Đổi mật khẩu','2021-04-11 19:01:38','2021-04-11 19:01:38'),(3745,1,'vi','_json','Current password','Mật khẩu hiện tại','2021-04-11 19:01:38','2021-04-11 19:01:38'),(3746,1,'vi','_json','Password confirmation','Xác nhận mật khẩu','2021-04-11 19:01:38','2021-04-11 19:01:38'),(3747,1,'vi','_json','New password','Mật khẩu mới','2021-04-11 19:01:38','2021-04-11 19:01:38'),(3748,1,'vi','_json','Account information','Thông tin tài khoản','2021-04-11 19:01:38','2021-04-11 19:01:38'),(3749,0,'vi','_json','Full Name','Họ và tên','2021-04-11 19:01:38','2021-04-11 19:01:38'),(3750,1,'vi','_json','Date of birth','Ngày sinh','2021-04-11 19:01:38','2021-04-11 19:01:38'),(3751,1,'vi','_json','Email','Email','2021-04-11 19:01:38','2021-04-11 19:01:38'),(3752,1,'vi','_json','Phone','Số điện thoại','2021-04-11 19:01:38','2021-04-11 19:01:38'),(3753,1,'vi','_json','Update','Cập nhật','2021-04-11 19:01:38','2021-04-11 19:01:38'),(3754,1,'vi','_json','Please enter your email address and password','Vui lòng nhập email và mật khẩu','2021-04-11 19:01:38','2021-04-11 19:01:38'),(3755,1,'vi','_json','Email Address','Địa chỉ email','2021-04-11 19:01:38','2021-04-11 19:01:38'),(3756,1,'vi','_json','Password','Mật khẩu','2021-04-11 19:01:38','2021-04-11 19:01:38'),(3757,1,'vi','_json','Please enter your password','Vui lòng nhập mật khẩu của bạn','2021-04-11 19:01:38','2021-04-11 19:01:38'),(3758,1,'vi','_json','Forgot password?','Quên mật khẩu?','2021-04-11 19:01:38','2021-04-11 19:01:38'),(3759,1,'vi','_json','Don\'t have an account?','Chưa có tài khoản?','2021-04-11 19:01:38','2021-04-11 19:01:38'),(3760,1,'vi','_json','Create one','Tạo một tài khoản','2021-04-11 19:01:38','2021-04-11 19:01:38'),(3761,1,'vi','_json','Overview','Tổng quan','2021-04-11 19:01:38','2021-04-11 19:01:38'),(3762,1,'vi','_json','Profile','Thông tin cá nhân','2021-04-11 19:01:38','2021-04-11 19:01:38'),(3763,1,'vi','_json','Orders','Đơn hàng','2021-04-11 19:01:38','2021-04-11 19:01:38'),(3764,1,'vi','_json','Address books','Sổ địa chỉ','2021-04-11 19:01:38','2021-04-11 19:01:38'),(3765,1,'vi','_json','Wishlist','Danh sách ưa thích','2021-04-11 19:01:38','2021-04-11 19:01:38'),(3766,1,'vi','_json','Logout','Đăng xuất','2021-04-11 19:01:38','2021-04-11 19:01:38'),(3767,1,'vi','_json','Profile Image','Ảnh đại diện','2021-04-11 19:01:38','2021-04-11 19:01:38'),(3768,1,'vi','_json','New image','Ảnh mới','2021-04-11 19:01:38','2021-04-11 19:01:38'),(3769,1,'vi','_json','Loading','Đang tải','2021-04-11 19:01:38','2021-04-11 19:01:38'),(3770,1,'vi','_json','Close','Đóng','2021-04-11 19:01:38','2021-04-11 19:01:38'),(3771,1,'vi','_json','Save','Lưu','2021-04-11 19:01:38','2021-04-11 19:01:38'),(3772,1,'vi','_json','N/A','N/A','2021-04-11 19:01:38','2021-04-11 19:01:38'),(3773,1,'vi','_json','Register','Đăng ký','2021-04-11 19:01:38','2021-04-11 19:01:38'),(3774,1,'vi','_json','Please fill in the information below','Vui lòng điền các thông tin bên dưới','2021-04-11 19:01:38','2021-04-11 19:01:38'),(3775,1,'vi','_json','Please enter your name','Vui lòng nhập tên của bạn','2021-04-11 19:01:38','2021-04-11 19:01:38'),(3776,1,'vi','_json','Please enter your password confirmation','Vui lòng nhập xác nhận mật khẩu','2021-04-11 19:01:38','2021-04-11 19:01:38'),(3777,1,'vi','_json','Product','Sản phẩm','2021-04-11 19:01:38','2021-04-11 19:01:38'),(3778,1,'vi','_json','Remove','Xóa','2021-04-11 19:01:38','2021-04-11 19:01:38'),(3779,1,'vi','_json','No item in wishlist!','Không có sản phẩm nào trong danh sách ưa thích!','2021-04-11 19:01:38','2021-04-11 19:01:38'),(3780,1,'vi','_json','Add a new address','Thêm địa chỉ mới','2021-04-11 19:01:38','2021-04-11 19:01:38'),(3781,1,'vi','_json','Country','Quốc gia','2021-04-11 19:01:38','2021-04-11 19:01:38'),(3782,1,'vi','_json','Select country...','Lựa chọn quốc gia...','2021-04-11 19:01:38','2021-04-11 19:01:38'),(3783,1,'vi','_json','State','Tỉnh/Thành phố','2021-04-11 19:01:38','2021-04-11 19:01:38'),(3784,1,'vi','_json','City','Quận/Huyện','2021-04-11 19:01:38','2021-04-11 19:01:38'),(3785,1,'vi','_json','Use this address as default.','Sử dụng làm địa chỉ mặc định.','2021-04-11 19:01:38','2021-04-11 19:01:38'),(3786,1,'vi','_json','Default','Mặc định','2021-04-11 19:01:38','2021-04-11 19:01:38'),(3787,1,'vi','_json','Edit','Sửa','2021-04-11 19:01:38','2021-04-11 19:01:38'),(3788,1,'vi','_json','You have an account already?','Bạn đã có tài khoản?','2021-04-11 19:01:38','2021-04-11 19:01:38'),(3789,1,'vi','_json','Select available addresses','Lựa chọn địa chỉ','2021-04-11 19:01:38','2021-04-11 19:01:38'),(3790,1,'vi','_json','Add new address...','Thêm địa chỉ mới...','2021-04-11 19:01:38','2021-04-11 19:01:38'),(3791,1,'vi','_json','Order information','Thông tin đơn hàng','2021-04-11 19:01:38','2021-04-11 19:01:38'),(3792,1,'vi','_json','Order number','Mã đơn hàng','2021-04-11 19:01:38','2021-04-11 19:01:38'),(3793,1,'vi','_json','Time','Thời gian','2021-04-11 19:01:38','2021-04-11 19:01:38'),(3794,1,'vi','_json','Order status','Trạng thái đơn hàng','2021-04-11 19:01:38','2021-04-11 19:01:38'),(3795,1,'vi','_json','Payment method','Phương thức thanh toán','2021-04-11 19:01:38','2021-04-11 19:01:38'),(3796,1,'vi','_json','Payment status','Trạng thái thanh toán','2021-04-11 19:01:38','2021-04-11 19:01:38'),(3797,1,'vi','_json','Amount','Số tiền','2021-04-11 19:01:38','2021-04-11 19:01:38'),(3798,1,'vi','_json','Tax','Thuế','2021-04-11 19:01:38','2021-04-11 19:01:38'),(3799,1,'vi','_json','Shipping fee','Phí giao hàng','2021-04-11 19:01:38','2021-04-11 19:01:38'),(3800,1,'vi','_json','Customer information','Thông tin khách hàng','2021-04-11 19:01:38','2021-04-11 19:01:38'),(3801,1,'vi','_json','Order detail','Chi tiết đơn hàng','2021-04-11 19:01:38','2021-04-11 19:01:38'),(3802,1,'vi','_json','Print order','In đơn hàng','2021-04-11 19:01:38','2021-04-11 19:01:38'),(3803,1,'vi','_json','Cancel order','Hủy đơn hàng','2021-04-11 19:01:38','2021-04-11 19:01:38'),(3804,1,'vi','_json','Reset Password','Khôi phục mật khẩu','2021-04-11 19:01:38','2021-04-11 19:01:38'),(3805,1,'vi','_json','Send Password Reset Link','Gửi liên kết khôi phục mật khẩu','2021-04-11 19:01:38','2021-04-11 19:01:38'),(3806,1,'vi','_json','Product Categories','Danh mục sản phẩm','2021-04-11 19:01:38','2021-04-11 19:01:38'),(3807,1,'vi','_json','All Products','Tất cả sản phẩm','2021-04-11 19:01:38','2021-04-11 19:01:38'),(3808,1,'vi','_json','Brands','Thương hiệu','2021-04-11 19:01:38','2021-04-11 19:01:38'),(3809,1,'vi','_json','Product Tags','Thẻ','2021-04-11 19:01:38','2021-04-11 19:01:38'),(3810,1,'vi','_json','Filter By Price','Lọc theo giá','2021-04-11 19:01:38','2021-04-11 19:01:38'),(3811,1,'vi','_json','Oldest','Cũ nhất','2021-04-11 19:01:38','2021-04-11 19:01:38'),(3812,1,'vi','_json','Newest','Mới nhất','2021-04-11 19:01:38','2021-04-11 19:01:38'),(3813,1,'vi','_json','low to high','thấp đến cao','2021-04-11 19:01:38','2021-04-11 19:01:38'),(3814,1,'vi','_json','high to low','cao đến thấp','2021-04-11 19:01:38','2021-04-11 19:01:38'),(3815,1,'vi','_json','Warning','Chú ý','2021-04-11 19:01:38','2021-04-11 19:01:38'),(3816,1,'vi','_json','Are you sure you want to remove this product from cart?','Bạn có chắc muốn xóa sản phẩm này khỏi giỏ hàng?','2021-04-11 19:01:38','2021-04-11 19:01:38'),(3817,1,'vi','_json','Cancel','Hủy','2021-04-11 19:01:38','2021-04-11 19:01:38'),(3818,1,'vi','_json','Yes, remove it!','Vâng, xóa!','2021-04-11 19:01:38','2021-04-11 19:01:38'),(3819,1,'vi','_json','Shop Now','Mua hàng','2021-04-11 19:01:38','2021-04-11 19:01:38'),(3820,1,'vi','_json','ID number','Mã','2021-04-11 19:01:38','2021-04-11 19:01:38'),(3821,1,'vi','_json','Date','Ngày','2021-04-11 19:01:38','2021-04-11 19:01:38'),(3822,1,'vi','_json','Status','Trạng thái','2021-04-11 19:01:38','2021-04-11 19:01:38'),(3823,1,'vi','_json','Order tracking :code','Order tracking :code','2021-04-11 19:01:38','2021-04-11 19:01:38'),(3824,1,'vi','_json','Order tracking','Theo dõi đơn hàng','2021-04-11 19:01:38','2021-04-11 19:01:38'),(3825,1,'vi','_json','Tracking your order status','Theo dõi trạng thái đơn hàng của bạn','2021-04-11 19:01:38','2021-04-11 19:01:38'),(3826,1,'vi','_json','Order not found!','Không tìm thấy đơn hàng!','2021-04-11 19:01:38','2021-04-11 19:01:38'),(3827,1,'vi','_json','Find','Tìm kiếm','2021-04-11 19:01:38','2021-04-11 19:01:38'),(3828,1,'vi','_json','Sort by','Sắp xếp','2021-04-11 19:01:38','2021-04-11 19:01:38'),(3829,1,'vi','_json','A-Z','A-Z','2021-04-11 19:01:38','2021-04-11 19:01:38'),(3830,1,'vi','_json','Z-A','Z-A','2021-04-11 19:01:38','2021-04-11 19:01:38'),(3831,1,'vi','_json','Products','Sản phẩm','2021-04-11 19:01:38','2021-04-11 19:01:38'),(3832,1,'vi','_json','By','Theo','2021-04-11 19:01:38','2021-04-11 19:01:38'),(3833,1,'vi','_json','By Price','Theo giá','2021-04-11 19:01:38','2021-04-11 19:01:38'),(3834,1,'vi','_json','Shipping information','Thông tin vận chuyển','2021-04-11 19:01:38','2021-04-11 19:01:38'),(3835,1,'vi','_json','Payment information','Thông tin thanh toán','2021-04-11 19:01:38','2021-04-11 19:01:38'),(3836,1,'vi','_json','You have a coupon code?','Bạn có mã giảm giá?','2021-04-11 19:01:38','2021-04-11 19:01:38'),(3837,1,'vi','_json','Subtotal','Tạm tính','2021-04-11 19:01:38','2021-04-11 19:01:38'),(3838,1,'vi','_json','Back to cart','Quay lại trang giỏ hàng','2021-04-11 19:01:38','2021-04-11 19:01:38'),(3839,1,'vi','_json','Register an account with above information?','Tạo tài khoản với các thông tin trên?','2021-04-11 19:01:38','2021-04-11 19:01:38'),(3840,1,'vi','_json','Cart','Giỏ hàng','2021-04-11 19:01:38','2021-04-11 19:01:38'),(3841,1,'vi','_json','Note','Ghi chú','2021-04-11 19:01:38','2021-04-11 19:01:38'),(3842,1,'vi','_json','Note...','Ghi chú...','2021-04-11 19:01:38','2021-04-11 19:01:38'),(3843,1,'vi','_json','Shipping','Phương thức vận chuyển','2021-04-11 19:01:38','2021-04-11 19:01:38'),(3844,1,'vi','_json','Your order is successfully placed','Đặt hàng thành công','2021-04-11 19:01:38','2021-04-11 19:01:38'),(3845,1,'vi','_json','Shipping method','Phương thức vận chuyển','2021-04-11 19:01:38','2021-04-11 19:01:38'),(3846,1,'vi','_json','Thank you for purchasing our products!','Cảm ơn bạn đã mua sản phẩm của chúng tôi!','2021-04-11 19:01:38','2021-04-11 19:01:38'),(3847,1,'vi','_json','Discount','Giảm giá','2021-04-11 19:01:38','2021-04-11 19:01:38'),(3848,1,'vi','_json','Total amount','Tổng cộng','2021-04-11 19:01:38','2021-04-11 19:01:38'),(3849,1,'vi','_json','Sub amount','Tạm tính','2021-04-11 19:01:38','2021-04-11 19:01:38'),(3850,1,'vi','_json','Order successfully. Order number :id','Đặt hàng thành công, mã đơn hàng :id','2021-04-11 19:01:38','2021-04-11 19:01:38'),(3851,1,'vi','_json','Have an account already?','Bạn đã có tài khoản?','2021-04-11 19:01:38','2021-04-11 19:01:38'),(3852,1,'vi','_json','Login with social networks','Đăng nhập thông qua mạng xã hội','2021-04-11 19:01:38','2021-04-11 19:01:38'),(3853,1,'vi','_json','Currency','Đơn vị','2021-04-11 19:01:38','2021-04-11 19:01:38'),(3854,1,'vi','_json','No orders found!','Chưa có đơn hàng nào','2021-04-11 19:01:38','2021-04-11 19:01:38'),(3855,1,'vi','_json','Actions','Hành động','2021-04-11 19:01:38','2021-04-11 19:01:38'),(3856,1,'vi','_json','Customer','Khách hàng','2021-04-11 19:01:38','2021-04-11 19:01:38'),(3857,1,'vi','_json','Product(s)','Sản phẩm','2021-04-11 19:01:38','2021-04-11 19:01:38'),(3858,1,'vi','_json','Coupon code','Mã giảm giá','2021-04-11 19:01:38','2021-04-11 19:01:38'),(3859,1,'vi','_json','Coupon code discount amount','Giảm giá sử dụng mã giảm giá','2021-04-11 19:01:38','2021-04-11 19:01:38'),(3860,1,'vi','_json','Promotion discount amount','Giảm giá chương trình khuyến mãi','2021-04-11 19:01:38','2021-04-11 19:01:38'),(3861,1,'vi','_json','No shipping methods available!','Không có phương thức vận chuyển phù hợp!','2021-04-11 19:01:38','2021-04-11 19:01:38'),(3862,1,'vi','_json','No products in cart. :link!','Chưa có sản phẩm nào trong giỏ hàng. :link!','2021-04-11 19:01:38','2021-04-11 19:01:38'),(3863,1,'vi','_json','Enter coupon code...','Nhập mã giảm giá...','2021-04-11 19:01:38','2021-04-11 19:01:38'),(3864,1,'vi','_json','Apply','Áp dụng','2021-04-11 19:01:38','2021-04-11 19:01:38'),(3865,1,'vi','_json','Coupon code: :code','Mã giảm giá: :code','2021-04-11 19:01:38','2021-04-11 19:01:38'),(3866,1,'vi','_json','Processing. Please wait...','Đang xử lý. Vui lòng đợi...','2021-04-11 19:01:38','2021-04-11 19:01:38'),(3867,1,'vi','_json','Continue shopping','Tiếp tục mua sắm','2021-04-11 19:01:38','2021-04-11 19:01:38'),(3868,1,'vi','_json','Checkout successfully!','Đặt hàng thành công!','2021-04-11 19:01:38','2021-04-11 19:01:38'),(3869,1,'vi','_json','Please confirm you are not robot','Vui lòng xác nhận không phải là người máy','2021-04-11 19:01:38','2021-04-11 19:01:38'),(3870,1,'vi','_json','Free shipping','Miễn phí vận chuyển','2021-04-11 19:01:38','2021-04-11 19:01:38'),(3871,1,'vi','_json','Error','Lỗi','2021-04-11 19:01:39','2021-04-11 19:01:39'),(3872,1,'vi','_json','Success','Thành công','2021-04-11 19:01:39','2021-04-11 19:01:39'),(3873,1,'vi','_json','The customer with that email is existed, please choose other email or login with this email!','The customer with that email is existed, please choose other email or login with this email!','2021-04-11 19:01:39','2021-04-11 19:01:39');
/*!40000 ALTER TABLE `translations` ENABLE KEYS */;
UNLOCK TABLES;

--
-- Table structure for table `user_meta`
--

DROP TABLE IF EXISTS `user_meta`;
/*!40101 SET @saved_cs_client     = @@character_set_client */;
/*!40101 SET character_set_client = utf8 */;
CREATE TABLE `user_meta` (
  `id` bigint(20) unsigned NOT NULL AUTO_INCREMENT,
  `key` varchar(191) COLLATE utf8mb4_unicode_ci DEFAULT NULL,
  `value` varchar(191) COLLATE utf8mb4_unicode_ci DEFAULT NULL,
  `user_id` int(10) unsigned NOT NULL,
  `created_at` timestamp NULL DEFAULT NULL,
  `updated_at` timestamp NULL DEFAULT NULL,
  PRIMARY KEY (`id`),
  KEY `user_meta_user_id_index` (`user_id`)
) ENGINE=InnoDB DEFAULT CHARSET=utf8mb4 COLLATE=utf8mb4_unicode_ci;
/*!40101 SET character_set_client = @saved_cs_client */;

--
-- Dumping data for table `user_meta`
--

LOCK TABLES `user_meta` WRITE;
/*!40000 ALTER TABLE `user_meta` DISABLE KEYS */;
/*!40000 ALTER TABLE `user_meta` ENABLE KEYS */;
UNLOCK TABLES;

--
-- Table structure for table `users`
--

DROP TABLE IF EXISTS `users`;
/*!40101 SET @saved_cs_client     = @@character_set_client */;
/*!40101 SET character_set_client = utf8 */;
CREATE TABLE `users` (
  `id` bigint(20) unsigned NOT NULL AUTO_INCREMENT,
  `email` varchar(191) COLLATE utf8mb4_unicode_ci NOT NULL,
  `email_verified_at` timestamp NULL DEFAULT NULL,
  `password` varchar(191) COLLATE utf8mb4_unicode_ci DEFAULT NULL,
  `remember_token` varchar(100) COLLATE utf8mb4_unicode_ci DEFAULT NULL,
  `created_at` timestamp NULL DEFAULT NULL,
  `updated_at` timestamp NULL DEFAULT NULL,
  `first_name` varchar(191) COLLATE utf8mb4_unicode_ci DEFAULT NULL,
  `last_name` varchar(191) COLLATE utf8mb4_unicode_ci DEFAULT NULL,
  `username` varchar(60) COLLATE utf8mb4_unicode_ci DEFAULT NULL,
  `avatar_id` int(10) unsigned DEFAULT NULL,
  `super_user` tinyint(1) NOT NULL DEFAULT '0',
  `manage_supers` tinyint(1) NOT NULL DEFAULT '0',
  `permissions` text COLLATE utf8mb4_unicode_ci,
  `last_login` timestamp NULL DEFAULT NULL,
  PRIMARY KEY (`id`),
  UNIQUE KEY `users_email_unique` (`email`),
  UNIQUE KEY `users_username_unique` (`username`)
) ENGINE=InnoDB AUTO_INCREMENT=2 DEFAULT CHARSET=utf8mb4 COLLATE=utf8mb4_unicode_ci;
/*!40101 SET character_set_client = @saved_cs_client */;

--
-- Dumping data for table `users`
--

LOCK TABLES `users` WRITE;
/*!40000 ALTER TABLE `users` DISABLE KEYS */;
INSERT INTO `users` VALUES (1,'admin@botble.com',NULL,'$2y$10$V/7Dcud90rkTPtwNkLm7YORT25GKtuRao16.Hq11.Pbj0r5WKS/9u',NULL,'2021-04-11 07:21:14','2021-04-11 07:21:14','System','Admin','botble',NULL,1,1,NULL,NULL);
/*!40000 ALTER TABLE `users` ENABLE KEYS */;
UNLOCK TABLES;

--
-- Table structure for table `widgets`
--

DROP TABLE IF EXISTS `widgets`;
/*!40101 SET @saved_cs_client     = @@character_set_client */;
/*!40101 SET character_set_client = utf8 */;
CREATE TABLE `widgets` (
  `id` bigint(20) unsigned NOT NULL AUTO_INCREMENT,
  `widget_id` varchar(120) COLLATE utf8mb4_unicode_ci NOT NULL,
  `sidebar_id` varchar(120) COLLATE utf8mb4_unicode_ci NOT NULL,
  `theme` varchar(120) COLLATE utf8mb4_unicode_ci NOT NULL,
  `position` tinyint(3) unsigned NOT NULL DEFAULT '0',
  `data` text COLLATE utf8mb4_unicode_ci,
  `created_at` timestamp NULL DEFAULT NULL,
  `updated_at` timestamp NULL DEFAULT NULL,
  PRIMARY KEY (`id`)
) ENGINE=InnoDB AUTO_INCREMENT=2 DEFAULT CHARSET=utf8mb4 COLLATE=utf8mb4_unicode_ci;
/*!40101 SET character_set_client = @saved_cs_client */;

--
-- Dumping data for table `widgets`
--

LOCK TABLES `widgets` WRITE;
/*!40000 ALTER TABLE `widgets` DISABLE KEYS */;
INSERT INTO `widgets` VALUES (1,'CustomMenuWidget','footer_sidebar','september',1,'{\"id\":\"CustomMenuWidget\",\"name\":\"Customer services\",\"menu_id\":\"customer-services\"}','2021-04-11 07:21:10','2021-04-11 07:21:10');
/*!40000 ALTER TABLE `widgets` ENABLE KEYS */;
UNLOCK TABLES;
/*!40103 SET TIME_ZONE=@OLD_TIME_ZONE */;

/*!40101 SET SQL_MODE=@OLD_SQL_MODE */;
/*!40014 SET FOREIGN_KEY_CHECKS=@OLD_FOREIGN_KEY_CHECKS */;
/*!40014 SET UNIQUE_CHECKS=@OLD_UNIQUE_CHECKS */;
/*!40101 SET CHARACTER_SET_CLIENT=@OLD_CHARACTER_SET_CLIENT */;
/*!40101 SET CHARACTER_SET_RESULTS=@OLD_CHARACTER_SET_RESULTS */;
/*!40101 SET COLLATION_CONNECTION=@OLD_COLLATION_CONNECTION */;
/*!40111 SET SQL_NOTES=@OLD_SQL_NOTES */;

-- Dump completed on 2021-04-12  9:01:41
